time,force_left,force_right,dis_left,dis_right,force_avg,force_sum,force_diff,force_diff_ratio,total_delta_dis,dis_diff,left_force_rate,right_force_rate,force_rate,force_rate_diff,force_rate_ratio,left_force_acc,right_force_acc,force_acc,left_dis_rate,right_dis_rate,dis_rate_diff,stiffness_ratio,force_std_5s,force_diff_std_5s,force_rate_std_5s
2024-05-13 08:18:17,275.52,185.55,5.77,-0.26,230.535,461.07,89.96999999999997,0.390266118419042,5.51,6.029999999999999,0.0,0.0,0.0,0.0,0.0,0.0,0.0,0.0,0.0,0.0,0.0,41.83937534675584,0.0,0.0,0.0
2024-05-13 08:18:18,280.91,187.94,6.97,0.18,234.425,468.85,92.97000000000004,0.3965873929973877,7.15,6.79,5.390000000000043,2.3899999999999864,3.890000000000015,3.000000000000057,0.7712080279670995,5.390000000000043,2.3899999999999864,3.890000000000015,1.2000000000000002,0.44,0.7600000000000002,32.786708701159625,0.0,0.0,0.0
2024-05-13 08:18:19,284.96,186.75,8.17,0.18,235.855,471.71,98.20999999999998,0.4163999049568594,8.35,7.99,4.0499999999999545,-1.1899999999999975,1.4299999999999784,5.239999999999952,3.664333101864986,-1.340000000000089,-3.579999999999984,-2.4600000000000364,1.2000000000000002,0.0,1.2000000000000002,28.246104401664144,0.0,0.0,0.0
2024-05-13 08:18:20,294.39,193.91,9.38,0.62,244.15,488.3,100.48,0.4115502747837384,10.0,8.760000000000002,9.430000000000009,7.159999999999997,8.294999999999987,2.2700000000000102,0.2736587976300441,5.380000000000052,8.349999999999994,6.865000000000009,1.2100000000000009,0.44,0.7700000000000009,24.414997558500243,0.0,0.0,0.0
2024-05-13 08:18:21,305.19,189.13,10.58,0.62,247.16,494.32,116.06,0.4695743628840655,11.2,9.96,10.800000000000011,-4.780000000000001,3.0100000000000198,15.580000000000013,5.176078014591992,1.3700000000000043,-11.939999999999998,-5.284999999999968,1.1999999999999993,0.0,1.1999999999999993,22.06785517251293,6.962988762018774,10.12808817102222,3.1530144306678958
2024-05-13 08:18:22,309.24,221.35,11.76,0.81,265.295,530.59,87.89000000000001,0.3312915798213627,12.57,10.95,4.050000000000011,32.22,18.13500000000002,28.169999999999987,1.5533497902757192,-6.75,37.0,15.125,1.1799999999999995,0.19,0.9899999999999995,21.105408026618296,12.369580934696202,10.648669869988456,6.750385729719459
2024-05-13 08:18:23,272.83,229.7,12.77,1.93,251.265,502.53,43.13,0.1716514430117547,14.7,10.84,-36.410000000000025,8.349999999999994,-14.03000000000003,44.76000000000002,3.190306258709456,-40.46000000000004,-23.870000000000005,-32.16500000000005,1.0099999999999998,1.12,0.1100000000000001,17.092855980077825,10.840102052102637,27.63163277839367,11.71445720039987
2024-05-13 08:18:24,270.14,239.25,12.77,3.08,254.695,509.39,30.889999999999983,0.1212823175905207,15.85,9.69,-2.6899999999999977,9.550000000000011,3.430000000000007,12.240000000000007,3.568512079150993,33.72000000000003,1.200000000000017,17.460000000000036,0.0,1.15,1.15,16.06908415967923,8.189818831940034,36.94697078246062,11.665783621343246
2024-05-13 08:18:25,314.64,245.22,12.96,4.21,279.93,559.86,69.41999999999999,0.247990568184937,17.17,8.75,44.5,5.969999999999999,25.235000000000014,38.53,1.526847571751631,47.19,-3.5800000000000125,21.805000000000007,0.1900000000000012,1.13,0.9399999999999986,16.303435276445235,13.171968057203877,34.24959372021803,15.225863440212528
2024-05-13 08:18:26,270.14,253.58,13.24,5.35,261.86,523.72,16.559999999999974,0.0632398989412666,18.59,7.890000000000001,-44.5,8.360000000000014,-18.069999999999997,52.860000000000014,2.925290374914757,-89.0,2.390000000000015,-43.30500000000001,0.2799999999999993,1.1399999999999997,0.8600000000000003,14.086067020652662,11.170389093491726,28.90726846313911,19.089238787861618
2024-05-13 08:18:27,270.14,260.74,13.24,6.48,265.44,530.88,9.399999999999975,0.0354128992035378,19.72,6.76,0.0,7.159999999999997,3.579999999999984,7.159999999999997,1.999999441340946,44.5,-1.200000000000017,21.649999999999977,0.0,1.1300000000000008,1.1300000000000008,13.460445564886127,11.179290339730825,23.75314189744159,17.210085124716855
2024-05-13 08:18:28,326.8,265.51,14.14,7.63,296.155,592.31,61.29000000000002,0.2069524397462395,21.77,6.510000000000001,56.660000000000025,4.769999999999982,30.71499999999997,51.89000000000004,1.6894025170306874,56.660000000000025,-2.390000000000015,27.13499999999999,0.9000000000000004,1.1499999999999997,0.2499999999999991,13.603811961239687,16.51459861758673,26.72375104658768,19.546740329272293
2024-05-13 08:18:29,325.45,273.87,15.34,8.75,299.66,599.3199999999999,51.579999999999984,0.1721284116260814,24.09,6.59,-1.3500000000000227,8.360000000000014,3.5049999999999955,9.710000000000036,2.770327312317471,-58.01000000000005,3.590000000000032,-27.20999999999998,1.1999999999999993,1.12,0.0799999999999991,12.439185868028812,17.22428024621047,27.041995118703728,19.54144653038766
2024-05-13 08:18:30,336.26,283.43,16.55,9.9,309.845,619.69,52.829999999999984,0.1705046065919907,26.450000000000003,6.65,10.810000000000002,9.560000000000002,10.18500000000006,1.25,0.1227294921227786,12.160000000000023,1.1999999999999886,6.680000000000064,1.2100000000000009,1.1500000000000004,0.0600000000000005,11.714366286791444,21.57547525548385,23.57886702112712,17.462748423429797
2024-05-13 08:18:31,341.68,291.79,17.73,11.02,316.735,633.47,49.88999999999999,0.157513378194663,28.75,6.710000000000001,5.420000000000016,8.360000000000014,6.889999999999986,2.9399999999999977,0.4267053081704928,-5.389999999999986,-1.1999999999999886,-3.2950000000000728,1.1799999999999995,1.1199999999999992,0.0600000000000005,11.016869182021942,19.72739231373461,20.379165095753955,11.37393786249951
2024-05-13 08:18:32,351.15,296.56,18.93,12.14,323.855,647.71,54.589999999999975,0.1685630909865121,31.07,6.789999999999999,9.46999999999997,4.769999999999982,7.1200000000000045,4.699999999999989,0.6601122668381627,4.0499999999999545,-3.590000000000032,0.2300000000000182,1.1999999999999993,1.120000000000001,0.0799999999999983,10.42339844147414,11.544830011740991,4.404631653157487,10.898790414536828
2024-05-13 08:18:33,352.5,303.73,20.13,13.29,328.115,656.23,48.76999999999998,0.1486369103861849,33.42,6.84,1.3500000000000227,7.170000000000016,4.259999999999991,5.819999999999993,1.366196862395104,-8.119999999999948,2.400000000000034,-2.8600000000000136,1.1999999999999993,1.1499999999999986,0.0500000000000007,9.817923105388298,11.3275469542172,2.311021419198988,2.647877923923264
2024-05-13 08:18:34,360.63,306.12,21.31,14.41,333.375,666.75,54.50999999999999,0.1635095608143695,35.72,6.899999999999999,8.129999999999995,2.3899999999999864,5.259999999999991,5.740000000000009,1.0912545453888731,6.779999999999973,-4.78000000000003,1.0,1.1799999999999995,1.120000000000001,0.0599999999999987,9.333006457642597,9.286387887655524,2.66985392858796,2.2569714220610257
2024-05-13 08:18:35,363.34,319.26,22.52,15.54,341.29999999999995,682.5999999999999,44.079999999999984,0.1291532372424458,38.06,6.98,2.7099999999999795,13.139999999999986,7.924999999999954,10.430000000000009,1.316088162007811,-5.420000000000016,10.75,2.664999999999964,1.2100000000000009,1.129999999999999,0.0800000000000018,8.967419627760913,9.3218858070669,4.396091445818253,1.4919718496003942
2024-05-13 08:18:36,367.41,321.65,23.69,16.69,344.53,689.06,45.76000000000005,0.1328186220856861,40.38,7.0,4.07000000000005,2.3899999999999864,3.230000000000018,1.6800000000000637,0.5201236779803022,1.3600000000000705,-10.75,-4.694999999999936,1.1700000000000017,1.150000000000002,0.0199999999999995,8.532193944225012,8.686766515798341,4.8707360840017,1.9516480215448628
2024-05-13 08:18:37,375.54,321.65,24.9,17.81,348.595,697.19,53.89000000000004,0.1545920046053673,42.71,7.09,8.129999999999995,0.0,4.065000000000055,8.129999999999995,1.999999507995173,4.059999999999945,-2.3899999999999864,0.8350000000000364,1.2099999999999973,1.1199999999999974,0.0899999999999998,8.161905685743255,8.335036442631496,4.696303865807276,1.8141409812911264
2024-05-13 08:18:38,389.11,328.82,26.1,18.93,358.96500000000003,717.9300000000001,60.29000000000002,0.1679550926470406,45.03,7.170000000000002,13.569999999999991,7.170000000000016,10.370000000000005,6.399999999999977,0.6171648392319321,5.439999999999998,7.170000000000016,6.30499999999995,1.2000000000000028,1.120000000000001,0.0800000000000018,7.97168536594081,9.438931745700604,6.705000372855812,2.942054979091984
2024-05-13 08:18:39,395.9,341.96,27.28,20.05,368.93,737.8599999999999,53.94,0.1462065970612132,47.33,7.23,6.789999999999964,13.139999999999986,9.964999999999918,6.350000000000023,0.6372302421244188,-6.78000000000003,5.96999999999997,-0.4050000000000864,1.1799999999999995,1.120000000000001,0.0599999999999987,7.794844542682346,11.357206632794576,6.650027819490425,3.3079173961874875
2024-05-13 08:18:40,399.98,352.72,28.48,21.2,376.35,752.7,47.25999999999999,0.1255745977797938,49.68,7.280000000000001,4.080000000000041,10.760000000000048,7.420000000000073,6.680000000000007,0.9002694204488573,-2.7099999999999227,-2.3799999999999386,-2.5449999999998454,1.1999999999999993,1.1499999999999986,0.0500000000000007,7.575482939301874,13.38049111579958,5.856728609044179,3.2844767467588865
2024-05-13 08:18:41,409.49,357.5,29.66,22.32,383.495,766.99,51.99000000000001,0.1355689118878501,51.98,7.34,9.509999999999993,4.779999999999973,7.144999999999982,4.730000000000018,0.662001306927743,5.42999999999995,-5.980000000000075,-0.2750000000000909,1.1799999999999995,1.120000000000001,0.0599999999999987,7.377741297080775,13.83998943279904,4.681455970101266,2.540449271290389
2024-05-13 08:18:42,410.85,361.08,30.86,23.45,385.965,771.9300000000001,49.77000000000004,0.1289495158137409,54.31,7.41,1.3600000000000136,3.579999999999984,2.4700000000000277,2.2199999999999704,0.8987850612206011,-8.149999999999977,-1.1999999999999886,-4.6749999999999545,1.1999999999999993,1.129999999999999,0.0700000000000002,7.106702133921891,11.043657342564906,4.945093527932172,3.152105248877311
2024-05-13 08:18:43,416.29,365.86,32.04,24.57,391.0750000000001,782.1500000000001,50.43000000000001,0.1289522466817049,56.61,7.469999999999999,5.439999999999998,4.78000000000003,5.110000000000014,0.6599999999999682,0.1291584874445164,4.079999999999984,1.2000000000000457,2.6399999999999864,1.1799999999999995,1.120000000000001,0.0599999999999987,6.908231639140936,8.65384928803285,2.496531594031296,2.8022861202953333
2024-05-13 08:18:44,421.73,373.04,33.22,25.69,397.385,794.77,48.69,0.1225260135069868,58.91,7.529999999999998,5.439999999999998,7.180000000000007,6.309999999999945,1.740000000000009,0.2757527296746901,0.0,2.3999999999999773,1.1999999999999318,1.1799999999999995,1.120000000000001,0.0599999999999987,6.745628810972182,7.923478087303852,1.7839338552750166,2.012406519568059
2024-05-13 08:18:45,431.26,343.16,34.42,26.57,387.21,774.4200000000001,88.09999999999997,0.2275251149827609,60.99,7.850000000000001,9.529999999999973,-29.879999999999995,-10.174999999999956,39.40999999999997,3.873218292558413,4.089999999999975,-37.06,-16.4849999999999,1.2000000000000028,0.879999999999999,0.3200000000000038,6.34874559192088,5.415967595913365,16.982608162470108,7.124304001093693
2024-05-13 08:18:46,440.79,340.77,35.6,26.57,390.78,781.56,100.02000000000004,0.2559496385282011,62.17,9.03,9.53000000000003,-2.390000000000043,3.5699999999999363,11.920000000000073,3.3389346389539623,5.684341886080803e-14,27.489999999999952,13.74499999999989,1.1799999999999995,0.0,1.1799999999999995,6.285668227671413,4.449750835719114,24.70534496824519,6.665027756881406
2024-05-13 08:18:47,450.33,370.65,36.77,26.78,410.49,820.98,79.68,0.1941094784425699,63.55,9.990000000000002,9.539999999999964,29.879999999999995,19.71000000000004,20.340000000000032,1.031963417962282,0.009999999999934,32.27000000000004,16.1400000000001,1.1700000000000017,0.2100000000000008,0.9600000000000009,6.459323265785629,9.202903482052893,22.925730740807342,10.611228722443032
2024-05-13 08:18:48,457.14,344.35,37.98,27.0,400.745,801.49,112.78999999999996,0.2814507971866128,64.97999999999999,10.979999999999997,6.810000000000002,-26.299999999999955,-9.745000000000005,33.10999999999996,3.3976394666352463,-2.7299999999999613,-56.17999999999995,-29.45500000000004,1.2099999999999935,0.2199999999999988,0.9899999999999948,6.167205199027315,9.085254949641245,24.241232023146,12.458320211810255
2024-05-13 08:18:49,462.6,343.16,39.16,27.0,402.88,805.76,119.44,0.2964654480329988,66.16,12.159999999999997,5.460000000000036,-1.1899999999999975,2.134999999999991,6.650000000000034,3.1147526394601512,-1.349999999999966,25.10999999999996,11.879999999999995,1.1799999999999995,0.0,1.1799999999999995,6.089479956325878,9.420931747973786,16.553023288813453,12.229512152984682
2024-05-13 08:18:50,468.06,382.6,40.33,27.88,425.33,850.6600000000001,85.45999999999998,0.2009263390757144,68.21,12.45,5.45999999999998,39.44,22.450000000000045,33.98000000000002,1.51358567868215,-5.684341886080803e-14,40.63,20.31500000000005,1.1700000000000017,0.879999999999999,0.2900000000000027,6.235595862254863,12.872419158805366,17.06201687960718,13.361585515948352
2024-05-13 08:18:51,476.25,390.97,41.51,29.03,433.61,867.22,85.27999999999997,0.1966744304866713,70.53999999999999,12.479999999999997,8.189999999999998,8.370000000000005,8.279999999999973,0.1800000000000068,0.0217391278092849,2.730000000000018,-31.069999999999997,-14.170000000000073,1.1799999999999995,1.150000000000002,0.0299999999999975,6.147008702197213,14.34158220002164,18.18162258985705,13.168964177185716
2024-05-13 08:18:52,484.45,389.77,42.71,30.15,437.11,874.22,94.68,0.2166045155301766,72.86,12.560000000000002,8.199999999999989,-1.2000000000000457,3.5,9.400000000000034,2.685713518367576,0.0099999999999909,-9.57000000000005,-4.779999999999973,1.2000000000000028,1.1199999999999974,0.0800000000000054,5.999313670061575,17.104249471987256,15.785955783543823,11.646987486041205
2024-05-13 08:18:53,485.81,395.75,43.89,31.27,440.78,881.56,90.06,0.2043196147640101,75.16,12.62,1.3600000000000136,5.980000000000018,3.669999999999959,4.6200000000000045,1.25885524281875,-6.839999999999975,7.180000000000064,0.169999999999959,1.1799999999999995,1.120000000000001,0.0599999999999987,5.864555536661049,15.132077517643568,14.206585796735274,8.40056218356846
2024-05-13 08:18:54,495.38,410.1,45.07,32.4,452.74,905.48,85.27999999999997,0.1883641821169673,77.47,12.670000000000002,9.569999999999991,14.350000000000025,11.960000000000036,4.78000000000003,0.3996655184226168,8.20999999999998,8.370000000000005,8.290000000000077,1.1799999999999995,1.129999999999999,0.0500000000000007,5.844068596307364,10.069162328613588,4.1832666661354185,7.812129671222856
2024-05-13 08:18:55,504.96,418.47,46.24,33.52,461.715,923.43,86.48999999999995,0.1873233484133645,79.76,12.72,9.579999999999984,8.370000000000005,8.975000000000023,1.2099999999999795,0.1348189264825682,0.0099999999999909,-5.980000000000018,-2.9850000000000136,1.1700000000000017,1.1200000000000043,0.0499999999999971,5.788803839157424,11.71440374069333,4.040485119388485,3.643345989609031
2024-05-13 08:18:56,506.32,423.26,47.42,34.64,464.79,929.58,83.06,0.1787043607248341,82.06,12.78,1.3600000000000136,4.789999999999964,3.074999999999932,3.42999999999995,1.115446791724629,-8.21999999999997,-3.580000000000041,-5.900000000000091,1.1799999999999995,1.1199999999999974,0.0600000000000022,5.664026253180279,12.29300390465928,4.552777174428777,4.0102453166857925
2024-05-13 08:18:57,517.27,429.24,48.6,35.76,473.255,946.51,88.02999999999997,0.1860096561346215,84.36,12.840000000000003,10.949999999999989,5.980000000000018,8.465000000000032,4.96999999999997,0.5871233801389926,9.589999999999977,1.1900000000000546,5.3900000000001,1.1799999999999995,1.1199999999999974,0.0600000000000022,5.6099454052875135,12.396215854040586,2.659949247636032,3.770967051036165
2024-05-13 08:18:58,524.12,438.81,49.77,36.88,481.465,962.93,85.31,0.1771883726185945,86.65,12.89,6.850000000000023,9.569999999999991,8.210000000000036,2.7199999999999704,0.3313032483187223,-4.099999999999966,3.589999999999975,-0.2549999999999954,1.1700000000000017,1.1200000000000043,0.0499999999999971,5.556433865476817,11.003521368178705,1.8254670635208288,3.2036826465803867
2024-05-13 08:18:59,524.12,448.38,50.95,37.98,486.25,972.5,75.74000000000001,0.1557634958236226,88.93,12.970000000000006,0.0,9.569999999999991,4.784999999999968,9.569999999999991,1.9999995820272676,-6.850000000000023,0.0,-3.425000000000068,1.1799999999999995,1.0999999999999943,0.0800000000000054,5.467783588577717,10.49778488539194,4.819048661302259,2.616236801208996
2024-05-13 08:19:00,533.72,448.38,52.13,39.1,491.05,982.1,85.34000000000003,0.1737908559743594,91.23,13.03,9.600000000000025,0.0,4.800000000000011,9.600000000000025,1.99999958333342,9.600000000000025,-9.569999999999991,0.0150000000000432,1.1799999999999995,1.1200000000000043,0.0599999999999951,5.3825495409125335,10.465599958911186,4.679575835479021,2.3634577423766703
2024-05-13 08:19:01,543.32,453.16,53.31,40.22,498.24,996.48,90.16000000000004,0.1809569681660305,93.53,13.090000000000003,9.600000000000025,4.78000000000003,7.189999999999998,4.819999999999993,0.6703754283205238,0.0,4.78000000000003,2.3899999999999864,1.1799999999999995,1.1199999999999974,0.0600000000000022,5.3270607791397335,9.4653358366177,5.516577743492731,1.7966740104983203
2024-05-13 08:19:02,550.18,461.54,54.48,41.35,505.86,1011.72,88.63999999999993,0.1752263468642975,95.83,13.129999999999995,6.8599999999999,8.379999999999995,7.620000000000003,1.5200000000000955,0.1994750394389836,-2.740000000000123,3.599999999999966,0.4300000000000068,1.1699999999999946,1.1300000000000026,0.039999999999992,5.278722683097959,9.67402165595868,5.60863798082915,1.6189209369206676
2024-05-13 08:19:03,555.67,472.31,55.66,42.47,513.99,1027.98,83.35999999999996,0.1621821433059355,98.13,13.189999999999998,5.490000000000009,10.769999999999982,8.129999999999995,5.279999999999973,0.6494464145822338,-1.3699999999998909,2.3899999999999864,0.5099999999999909,1.1799999999999995,1.1199999999999974,0.0600000000000022,5.237847699604121,11.158762028108503,5.652620631176239,1.5983194299013128
2024-05-13 08:19:04,557.04,477.1,56.84,43.59,517.0699999999999,1034.14,79.93999999999994,0.1546018911276965,100.43,13.25,1.3700000000000043,4.7900000000000205,3.0799999999999272,3.420000000000016,1.1103892498736516,-4.1200000000000045,-5.979999999999961,-5.050000000000068,1.1800000000000068,1.1200000000000043,0.0600000000000022,5.148561135631174,10.80800490377177,4.095524386449138,2.145304174237337
2024-05-13 08:19:05,565.28,479.49,58.01,44.71,522.385,1044.77,85.78999999999996,0.1642275330183149,102.72,13.299999999999995,8.240000000000009,2.3899999999999864,5.315000000000055,5.850000000000023,1.1006583065553446,6.8700000000000045,-2.400000000000034,2.2350000000001278,1.1699999999999946,1.1199999999999974,0.0499999999999971,5.085523704385478,9.530805579800358,4.0964033004575615,2.0746433428423616
2024-05-13 08:19:06,569.4,490.26,59.19,45.81,529.8299999999999,1059.66,79.13999999999999,0.149368665139066,105.0,13.379999999999995,4.1200000000000045,10.769999999999982,7.444999999999936,6.649999999999977,0.8932168041347521,-4.1200000000000045,8.379999999999995,2.1299999999998818,1.1799999999999995,1.1000000000000014,0.0799999999999983,5.045999951942857,8.990996607715546,3.977660116198847,2.1059042001003023
2024-05-13 08:19:07,577.65,501.04,60.37,46.93,539.345,1078.69,76.60999999999996,0.1420426625962181,107.3,13.439999999999998,8.25,10.78000000000003,9.5150000000001,2.5300000000000296,0.2658959258123045,4.129999999999996,0.0100000000000477,2.070000000000164,1.1799999999999995,1.1199999999999974,0.0600000000000022,5.026514398634536,10.23374650360036,3.618144552114906,2.52718865540352
2024-05-13 08:19:08,584.52,504.63,61.52,48.05,544.575,1089.15,79.88999999999999,0.1467015559900811,109.57,13.470000000000006,6.8700000000000045,3.589999999999975,5.230000000000018,3.2800000000000296,0.6271509317111064,-1.3799999999999957,-7.190000000000055,-4.285000000000082,1.1500000000000057,1.1199999999999974,0.0300000000000082,4.970110386327368,11.4335828811424,3.368832141855494,2.447617719334506
2024-05-13 08:19:09,592.78,508.22,62.69,49.17,550.5,1101.0,84.55999999999995,0.1536058126183363,111.86,13.519999999999996,8.259999999999991,3.590000000000032,5.9249999999999545,4.669999999999959,0.7881855209813458,1.3899999999999864,5.684341886080803e-14,0.6949999999999363,1.1699999999999946,1.1200000000000043,0.04999999999999,4.9213301902259055,11.287184436339798,3.8530987529518055,1.8136992584218936
2024-05-13 08:19:10,598.29,513.01,63.87,50.27,555.65,1111.3,85.27999999999997,0.1534779084792982,114.14,13.599999999999994,5.509999999999991,4.789999999999964,5.149999999999977,0.7200000000000273,0.1398057980959674,-2.75,1.1999999999999318,-0.7749999999999773,1.1799999999999995,1.1000000000000014,0.0799999999999983,4.868144341439072,10.009483628037517,3.705054655467143,1.8460924949742312
2024-05-13 08:19:11,606.55,528.57,65.05,51.39,567.56,1135.12,77.9799999999999,0.1373951650267896,116.44,13.659999999999997,8.259999999999991,15.56000000000006,11.909999999999968,7.300000000000068,0.6129302591998177,2.75,10.770000000000095,6.759999999999991,1.1799999999999995,1.1199999999999974,0.0600000000000022,4.87426996844495,10.860966462518393,3.88986246543484,3.027117853668753
2024-05-13 08:19:12,613.44,527.38,66.2,52.51,570.4100000000001,1140.8200000000002,86.06000000000006,0.1508739325206888,118.71,13.690000000000005,6.8900000000001,-1.1900000000000546,2.8500000000001364,8.080000000000155,2.835086724530892,-1.3699999999998909,-16.750000000000114,-9.059999999999832,1.1500000000000057,1.1199999999999974,0.0300000000000082,4.805071141394397,11.034765742866911,3.590456795450868,3.389128944138852
2024-05-13 08:19:13,620.33,536.96,67.37,53.61,578.645,1157.29,83.37,0.1440779750208193,120.98,13.760000000000003,6.889999999999986,9.58000000000004,8.2349999999999,2.6900000000000546,0.3266544837092415,-1.1368683772161605e-13,10.770000000000095,5.384999999999764,1.1700000000000017,1.1000000000000014,0.0700000000000002,4.782980618424693,11.387286551235524,3.214047292744688,3.4373307231047265
2024-05-13 08:19:14,627.23,545.34,68.52,54.73,586.2850000000001,1172.5700000000002,81.88999999999999,0.139676095858369,123.25,13.79,6.899999999999977,8.379999999999995,7.6400000000001,1.4800000000000182,0.1937172521312495,0.0099999999999909,-1.2000000000000457,-0.5949999999997999,1.1499999999999917,1.1199999999999974,0.029999999999994,4.756876229153135,11.590523607669764,3.205312777249575,3.41191588407447
2024-05-13 08:19:15,632.75,557.32,69.7,55.85,595.0350000000001,1190.0700000000002,75.42999999999995,0.1267656522275736,125.55,13.85,5.519999999999982,11.980000000000018,8.75,6.460000000000036,0.738285629910218,-1.3799999999999957,3.6000000000000227,1.1099999999999,1.1800000000000068,1.1200000000000043,0.0600000000000022,4.739426485548177,11.32759164606274,4.2468611938700285,3.258921600775265
2024-05-13 08:19:16,631.37,558.52,70.88,56.95,594.9449999999999,1189.89,72.85000000000002,0.1224482933339245,127.83,13.929999999999993,-1.3799999999999957,1.1999999999999318,-0.0900000000001455,2.5799999999999272,28.666348151640044,-6.899999999999977,-10.780000000000086,-8.840000000000146,1.1799999999999926,1.1000000000000014,0.0799999999999911,4.654189121065563,10.659375216209895,5.559406443137501,3.901611205643155
2024-05-13 08:19:17,642.41,557.32,72.03,58.07,599.865,1199.73,85.08999999999992,0.1418485823612835,130.1,13.96,11.039999999999964,-1.1999999999999318,4.920000000000073,12.239999999999895,2.4878043723974272,12.41999999999996,-2.399999999999864,5.010000000000218,1.1500000000000057,1.1199999999999974,0.0300000000000082,4.610799349647968,8.445407035776965,5.302572960365401,3.655216135880395
2024-05-13 08:19:18,645.17,568.1,73.2,59.16,606.635,1213.27,77.06999999999994,0.1270450928036708,132.36,14.040000000000006,2.759999999999991,10.779999999999973,6.769999999999982,8.019999999999982,1.1846379343223146,-8.279999999999973,11.979999999999905,1.849999999999909,1.1700000000000017,1.0899999999999963,0.0800000000000054,4.583219971417195,7.465552223375846,4.957487266750975,3.47460357451041
2024-05-13 08:19:19,654.84,576.49,74.35,60.28,615.665,1231.33,78.35000000000002,0.1272607666064162,134.63,14.069999999999991,9.670000000000073,8.389999999999986,9.029999999999973,1.2800000000000864,0.1417497074474399,6.910000000000082,-2.3899999999999864,2.259999999999991,1.1499999999999917,1.1200000000000043,0.0299999999999869,4.573014895840341,8.805363706284586,4.585032170006869,3.7253832017660127
2024-05-13 08:19:20,667.28,576.49,75.53,61.38,621.885,1243.77,90.78999999999996,0.1459916220105137,136.91,14.15,12.43999999999994,0.0,6.220000000000027,12.43999999999994,1.999999678456625,2.769999999999868,-8.389999999999986,-2.809999999999945,1.1800000000000068,1.1000000000000014,0.0800000000000054,4.542290522662403,11.065915235530952,7.094321673000059,3.3945618273939813
2024-05-13 08:19:21,667.28,583.67,76.68,62.5,625.4749999999999,1250.9499999999998,83.61000000000001,0.1336744072366211,139.18,14.180000000000009,0.0,7.17999999999995,3.589999999999918,7.17999999999995,1.9999994428971224,-12.43999999999994,7.17999999999995,-2.630000000000109,1.1500000000000057,1.1199999999999974,0.0300000000000082,4.494000542506103,10.613875352573023,5.527433400774632,2.0457590278427364
2024-05-13 08:19:22,679.74,596.86,77.83,63.6,638.3,1276.6,82.88,0.1298449003135753,141.43,14.229999999999997,12.460000000000036,13.190000000000056,12.825000000000044,0.7300000000000182,0.0569200735344984,12.460000000000036,6.010000000000105,9.235000000000127,1.1499999999999917,1.1000000000000014,0.04999999999999,4.513186703576421,11.759697912784974,5.403702434442426,3.4634188311551792
2024-05-13 08:19:23,689.43,602.85,79.0,64.72,646.14,1292.28,86.57999999999993,0.1339957282725171,143.72,14.28,9.68999999999994,5.990000000000009,7.840000000000032,3.699999999999932,0.4719387153139287,-2.7700000000000955,-7.2000000000000455,-4.985000000000014,1.1700000000000017,1.1199999999999974,0.0500000000000042,4.495825184415355,12.449150874656546,4.612826682198136,3.4254423072065165
2024-05-13 08:19:24,697.74,604.05,80.15,65.81,650.895,1301.79,93.69000000000004,0.143940266642177,145.96,14.340000000000003,8.31000000000006,1.1999999999999318,4.754999999999996,7.110000000000127,1.495267824339077,-1.3799999999998818,-4.790000000000077,-3.0850000000000364,1.1500000000000057,1.0900000000000034,0.0600000000000022,4.459406656211245,12.63454460991626,4.649263382515555,3.602158033734824
2024-05-13 08:19:25,699.13,605.24,81.3,66.91,652.185,1304.37,93.89,0.1439622190882001,148.20999999999998,14.39,1.3899999999999864,1.1900000000000546,1.2899999999999636,0.1999999999999318,0.1550386395048821,-6.920000000000073,-0.0099999999998772,-3.465000000000032,1.1499999999999917,1.0999999999999943,0.0499999999999971,4.400411548475733,11.010977136474548,5.34992056015789,4.457870848286255
2024-05-13 08:19:26,708.83,617.23,82.45,68.03,663.03,1326.06,91.60000000000002,0.1381536278325964,150.48000000000002,14.420000000000002,9.700000000000044,11.990000000000007,10.845000000000027,2.289999999999964,0.2111571958361237,8.31000000000006,10.799999999999956,9.555000000000064,1.1500000000000057,1.1200000000000043,0.0300000000000011,4.406100449188592,9.04274916714855,4.830348848685824,4.630301556054459
2024-05-13 08:19:27,714.38,626.82,83.63,69.12,670.6,1341.2,87.55999999999995,0.1305696389344323,152.75,14.509999999999993,5.5499999999999545,9.590000000000032,7.57000000000005,4.040000000000077,0.5336855305567397,-4.150000000000091,-2.3999999999999773,-3.2749999999999773,1.1799999999999926,1.0900000000000034,0.0899999999999892,4.390180003992275,9.984879193058225,3.4188345967596483,3.605573810089076
2024-05-13 08:19:28,718.54,624.42,84.78,70.22,671.48,1342.96,94.12,0.1401679869241556,155.0,14.560000000000002,4.159999999999968,-2.400000000000091,0.8799999999999955,6.560000000000059,7.454536983480806,-1.3899999999999864,-11.990000000000125,-6.690000000000055,1.1500000000000057,1.0999999999999943,0.0500000000000113,4.332129004308845,9.796572487353322,2.7680444360596552,4.2291940721608245
2024-05-13 08:19:29,674.2,631.62,85.52,71.34,652.9100000000001,1305.8200000000002,42.58000000000004,0.0652157264167868,156.86,14.179999999999993,-44.33999999999992,7.2000000000000455,-18.569999999999936,51.53999999999997,2.775444115484977,-48.499999999999886,9.600000000000136,-19.44999999999993,0.7399999999999949,1.1200000000000043,0.3800000000000096,4.162374065011004,9.27153196618378,22.165649099451112,11.416986029596416
2024-05-13 08:19:30,664.52,647.2,85.52,72.44,655.86,1311.72,17.319999999999936,0.0264080748537673,157.95999999999998,13.079999999999998,-9.680000000000064,15.58000000000004,2.949999999999932,25.260000000000105,8.562708961793806,34.659999999999854,8.379999999999995,21.519999999999868,0.0,1.0999999999999943,1.0999999999999943,4.152063787338164,8.399525581838981,34.738826692909434,11.47322535296852
2024-05-13 08:19:31,719.93,647.2,85.9,73.53,683.565,1367.13,72.7299999999999,0.1063980746433796,159.43,12.370000000000005,55.40999999999997,0.0,27.70500000000004,55.40999999999997,1.9999999278108629,65.09000000000003,-15.58000000000004,24.75500000000011,0.3800000000000096,1.0900000000000034,0.7099999999999937,4.287555640170886,12.549789639669978,32.28724392078078,16.54430778243683
2024-05-13 08:19:32,667.28,650.8,85.96,74.63,659.04,1318.08,16.480000000000018,0.0250060693963855,160.58999999999995,11.329999999999998,-52.64999999999998,3.599999999999909,-24.52500000000009,56.249999999999886,2.2935778881313675,-108.05999999999996,3.599999999999909,-52.23000000000013,0.059999999999988,1.0999999999999943,1.0400000000000065,4.103866964917698,12.75694634307004,34.28078878905782,20.59513128144613
2024-05-13 08:19:33,672.82,661.59,85.96,75.72,667.205,1334.41,11.230000000000018,0.0168314086122984,161.68,10.239999999999997,5.540000000000077,10.790000000000076,8.165000000000077,5.25,0.6429882862231064,58.190000000000055,7.190000000000168,32.69000000000017,0.0,1.0900000000000034,1.0900000000000034,4.126700865124314,12.313684156253489,25.780864415298197,21.12819295396559
2024-05-13 08:19:34,671.43,665.19,86.39,76.84,668.31,1336.62,6.239999999999895,0.0093369843196464,163.23000000000002,9.549999999999995,-1.3900000000001,3.6000000000000227,1.1049999999999045,4.990000000000123,4.515833017346187,-6.930000000000177,-7.190000000000055,-7.060000000000173,0.4300000000000068,1.1200000000000043,0.6899999999999977,4.094284113862132,10.763485378815195,27.16190438831541,18.696265669913927
2024-05-13 08:19:35,672.82,672.39,86.39,77.94,672.605,1345.21,0.4300000000000636,0.0006393053863125,164.32999999999998,8.450000000000003,1.3900000000001,7.199999999999932,4.295000000000073,5.809999999999832,1.3527354242757412,2.7800000000002,3.599999999999909,3.1900000000001683,0.0,1.0999999999999943,1.0999999999999943,4.093014032172982,8.964929587005582,29.291501668572508,18.70360205949651
2024-05-13 08:19:36,681.12,679.58,86.75,79.03,680.35,1360.7,1.5399999999999636,0.0022635408212485,165.78,7.719999999999999,8.299999999999955,7.190000000000055,7.745000000000003,1.1099999999999,0.143318251346888,6.909999999999855,-0.0099999999998772,3.449999999999932,0.3599999999999994,1.0900000000000034,0.730000000000004,4.103932898395869,7.801574039895285,6.729563878884437,13.65401662515472
2024-05-13 08:19:37,672.82,691.58,86.75,80.13,682.2,1364.4,18.75999999999999,0.0274992670367937,166.88,6.6200000000000045,-8.299999999999955,12.0,1.8500000000000227,20.299999999999955,10.972967041639276,-16.59999999999991,4.809999999999945,-5.894999999999982,0.0,1.0999999999999943,1.0999999999999943,4.087967377229343,6.855050510387759,7.544809474067991,3.2582848248733995
2024-05-13 08:19:38,732.43,689.18,87.0,81.22,710.805,1421.61,43.25,0.0608465049333551,168.22,5.780000000000001,59.6099999999999,-2.400000000000091,28.604999999999905,62.00999999999999,2.167802755888741,67.90999999999985,-14.400000000000093,26.75499999999988,0.25,1.0900000000000034,0.8400000000000034,4.225448791906736,16.61720546602124,17.873335726718373,11.4141315920222
2024-05-13 08:19:39,681.12,693.98,87.08,82.32,687.55,1375.1,12.860000000000014,0.0187040942204871,169.39999999999998,4.760000000000005,-51.309999999999945,4.800000000000068,-23.254999999999995,56.110000000000014,2.4128143447510504,-110.91999999999985,7.200000000000159,-51.8599999999999,0.0799999999999983,1.0999999999999943,1.019999999999996,4.058736693868143,14.50012956838543,17.389357952494603,18.48553542638132
2024-05-13 08:19:40,672.82,699.98,87.08,83.41,686.4000000000001,1372.8000000000002,27.159999999999968,0.0395687645111177,170.49,3.6700000000000017,-8.299999999999955,6.0,-1.1499999999998636,14.299999999999956,12.434771795852049,43.00999999999999,1.1999999999999318,22.10500000000013,0.0,1.0900000000000034,1.0900000000000034,4.026042559528169,12.291464721503525,15.672969724975184,18.61256746126118
2024-05-13 08:19:41,681.12,711.98,87.41,84.51,696.55,1393.1,30.860000000000014,0.0443040699959743,171.92000000000002,2.8999999999999915,8.299999999999955,12.0,10.149999999999864,3.7000000000000455,0.3645319837899617,16.59999999999991,6.0,11.299999999999727,0.3299999999999983,1.1000000000000083,0.7700000000000102,4.051593740974908,11.391619946257237,11.6826204252295,18.80372669180229
2024-05-13 08:19:42,682.51,710.78,87.41,85.6,696.645,1393.29,28.269999999999985,0.0405802093740998,173.01,1.8100000000000025,1.3899999999999864,-1.2000000000000457,0.0950000000000272,2.590000000000032,27.262870917140745,-6.909999999999968,-13.200000000000044,-10.054999999999836,0.0,1.0899999999999892,1.0899999999999892,4.026616935283412,9.78044669225111,10.834991924315856,18.8524764288408
2024-05-13 08:19:43,681.12,725.18,87.74,86.7,703.15,1406.3,44.059999999999945,0.0626608830794838,174.44,1.039999999999992,-1.3899999999999864,14.399999999999975,6.504999999999996,15.789999999999964,2.4273631933338637,-2.7799999999999727,15.600000000000025,6.409999999999968,0.3299999999999983,1.1000000000000083,0.7700000000000102,4.030898853296842,7.010101996402481,11.11351069644464,12.99754082509454
2024-05-13 08:19:44,683.89,732.38,87.74,87.79,708.135,1416.27,48.49000000000001,0.0684756436717919,175.53,0.0500000000000113,2.769999999999982,7.2000000000000455,4.985000000000014,4.430000000000064,0.8886658197260244,4.159999999999968,-7.199999999999932,-1.5199999999999818,0.0,1.0900000000000034,1.0900000000000034,4.034267623572793,8.179003148303904,9.81086999200332,4.657543075485108
2024-05-13 08:19:45,685.27,739.58,87.95,88.89,712.425,1424.85,54.31000000000006,0.0762325857792293,176.84,0.9399999999999976,1.3799999999999957,7.2000000000000455,4.289999999999964,5.82000000000005,1.3566430404095708,-1.3899999999999864,0.0,-0.69500000000005,0.2100000000000079,1.0999999999999943,0.8899999999999864,4.028641687239077,7.0086387765361,11.261619332937542,3.644885114787532
2024-05-13 08:19:46,683.89,735.98,87.95,89.95,709.935,1419.87,52.09000000000003,0.0733729143183913,177.9,2.0,-1.3799999999999957,-3.6000000000000227,-2.490000000000009,2.2200000000000277,0.8915659070016514,-2.759999999999991,-10.800000000000068,-6.779999999999973,0.0,1.0600000000000025,1.0600000000000025,3.990640787011575,6.263880187229415,10.355133026668154,3.73988067991481
2024-05-13 08:19:47,735.21,744.38,88.09,91.05,739.7950000000001,1479.59,9.16999999999996,0.0123953257153733,179.14,2.9599999999999937,51.32000000000005,8.399999999999977,29.860000000000127,42.92000000000007,1.4373743657945588,52.700000000000045,12.0,32.350000000000136,0.1400000000000005,1.0999999999999943,0.9599999999999936,4.1297030025136605,14.44074859555301,18.55269468298321,12.359253112546956
2024-05-13 08:19:48,688.04,756.38,88.17,92.14,722.21,1444.42,68.34000000000003,0.0946262166203373,180.31,3.969999999999999,-47.17000000000007,12.0,-17.585000000000036,59.17000000000007,3.364799353721956,-98.49000000000012,3.6000000000000227,-47.44500000000016,0.0799999999999983,1.0900000000000034,1.0100000000000051,4.00537960176707,13.08567155326643,22.173840443188787,17.158449303477344
2024-05-13 08:19:49,685.27,761.19,88.17,93.24,723.23,1446.46,75.92000000000007,0.1049735214178429,181.41,5.069999999999993,-2.769999999999982,4.810000000000059,1.0199999999999818,7.580000000000041,7.431365263367562,44.40000000000009,-7.189999999999941,18.605000000000015,0.0,1.0999999999999943,1.0999999999999943,3.986715153592883,11.771863382658092,25.879090594532038,17.182291901839005
2024-05-13 08:19:50,689.43,770.79,88.47,94.3,730.1099999999999,1460.2199999999998,81.36000000000001,0.1114352630268928,182.77,5.829999999999998,4.159999999999968,9.599999999999907,6.879999999999882,5.439999999999941,0.7906975594916388,6.92999999999995,4.78999999999985,5.8599999999999,0.2999999999999971,1.0600000000000025,0.7600000000000051,3.99469276142314,10.987034062929164,29.11649755722685,17.269010394345184
2024-05-13 08:19:51,683.89,735.98,88.47,95.26,709.935,1419.87,52.09000000000003,0.0733729143183913,183.73,6.790000000000006,-5.539999999999964,-34.809999999999945,-20.174999999999955,29.269999999999985,1.450805380381396,-9.699999999999932,-44.409999999999854,-27.05499999999984,0.0,0.960000000000008,0.960000000000008,3.864012388483032,10.987034062929164,29.11649755722685,20.3485702814719
2024-05-13 08:19:52,686.66,734.78,88.69,95.26,710.72,1421.44,48.120000000000005,0.0677059881982975,183.95,6.570000000000007,2.769999999999982,-1.2000000000000457,0.7850000000000819,3.9700000000000273,5.057318398320019,8.309999999999945,33.6099999999999,20.96000000000004,0.2199999999999988,0.0,0.2199999999999988,3.8636585818773663,8.69009953912873,14.573231625140568,12.208426905215896
2024-05-13 08:19:53,683.89,769.59,88.69,95.37,726.74,1453.48,85.70000000000005,0.1179238790792803,184.06,6.680000000000007,-2.769999999999982,34.81000000000006,16.019999999999982,37.58000000000004,2.345817581409644,-5.539999999999964,36.010000000000105,15.2349999999999,0.0,0.1099999999999994,0.1099999999999994,3.948386374288893,9.29229761684189,17.326376424399825,13.30937517316268
2024-05-13 08:19:54,693.59,738.38,88.91,95.75,715.985,1431.97,44.78999999999997,0.0625571763897886,184.66,6.840000000000003,9.700000000000044,-31.21000000000004,-10.754999999999995,40.91000000000008,3.803811826702769,12.470000000000027,-66.0200000000001,-26.774999999999977,0.2199999999999988,0.3799999999999954,0.1599999999999966,3.877315044528783,9.256167268365736,19.510878247787744,14.28980117076508
2024-05-13 08:19:55,686.66,735.98,88.91,95.75,711.3199999999999,1422.64,49.32000000000005,0.0693358824870159,184.66,6.840000000000003,-6.930000000000064,-2.3999999999999773,-4.665000000000077,4.530000000000086,0.971060885088773,-16.63000000000011,28.81000000000006,6.089999999999918,0.0,0.0,0.0,3.852052399804763,7.005263199906629,16.80594329396584,13.519492224192437
2024-05-13 08:19:56,708.83,740.78,89.13,96.17,724.8050000000001,1449.61,31.94999999999993,0.044080821677443,185.3,7.040000000000006,22.170000000000076,4.7999999999999545,13.485000000000127,17.37000000000012,1.288097791019812,29.100000000000136,7.199999999999932,18.150000000000205,0.2199999999999988,0.4200000000000017,0.2000000000000028,3.911521835339872,7.488986413391709,20.0743027276166,11.535929958178528
2024-05-13 08:19:57,694.97,737.18,89.13,96.17,716.075,1432.15,42.20999999999992,0.0589463393374347,185.3,7.040000000000006,-13.860000000000014,-3.6000000000000227,-8.730000000000018,10.259999999999993,1.175257597335896,-36.030000000000086,-8.399999999999977,-22.215000000000146,0.0,0.0,0.0,3.864409045523966,6.52366365625677,20.527000024358053,12.712155305061414
2024-05-13 08:19:58,689.43,780.4,89.13,96.38,734.915,1469.83,90.97000000000004,0.1237830223579829,185.51,7.25,-5.540000000000077,43.22000000000003,18.83999999999992,48.760000000000105,2.588110266023888,8.319999999999936,46.82000000000005,27.569999999999936,0.0,0.2099999999999937,0.2099999999999937,3.9615923456331608,9.36070910775272,22.779148798846624,13.574515184712878
2024-05-13 08:19:59,696.36,740.78,89.35,96.58,718.5699999999999,1437.14,44.41999999999996,0.061817220226537,185.93,7.230000000000004,6.930000000000064,-39.620000000000005,-16.345000000000027,46.55000000000007,2.8479655645172484,12.47000000000014,-82.84000000000003,-35.184999999999945,0.2199999999999988,0.2000000000000028,0.019999999999996,3.8647340189063946,9.108709156623936,22.80839165745791,15.00490361515197
2024-05-13 08:20:00,692.2,740.78,89.35,96.58,716.49,1432.98,48.57999999999993,0.0678027605859079,185.93,7.230000000000004,-4.159999999999968,0.0,-2.0799999999999272,4.159999999999968,1.9999990384620552,-11.090000000000032,39.620000000000005,14.2650000000001,0.0,0.0,0.0,3.853547013104141,7.933310626715931,22.830686148252216,14.825175968601531
2024-05-13 08:20:01,693.59,737.18,89.57,96.88,715.385,1430.77,43.58999999999992,0.060932225220081,186.45,7.310000000000002,1.3899999999999864,-3.6000000000000227,-1.1050000000000182,4.990000000000009,4.51583301734562,5.5499999999999545,-3.6000000000000227,0.974999999999909,0.2199999999999988,0.2999999999999971,0.0799999999999983,3.83687313576362,8.263084018692084,20.82843801152636,13.096923970917732
2024-05-13 08:20:02,693.59,739.58,89.57,96.88,716.585,1433.17,45.99000000000001,0.0641794064009442,186.45,7.310000000000002,0.0,2.400000000000091,1.2000000000000457,2.400000000000091,1.9999983333347224,-1.3899999999999864,6.000000000000114,2.305000000000064,0.0,0.0,0.0,3.843309177563373,8.201007102787102,20.358913281410576,12.540335222792075
2024-05-13 08:20:03,696.36,746.78,89.79,97.18,721.5699999999999,1443.14,50.41999999999996,0.0698754104662396,186.97000000000003,7.390000000000001,2.769999999999982,7.199999999999932,4.9849999999999,4.42999999999995,0.8886658197260219,2.769999999999982,4.799999999999841,3.7849999999998554,0.220000000000013,0.3000000000000113,0.0799999999999983,3.859282217150974,2.4391776278011164,2.859082020508123,8.114475799458646
2024-05-13 08:20:04,693.59,741.98,89.79,97.18,717.7850000000001,1435.5700000000002,48.38999999999999,0.0674157302431567,186.97000000000003,7.390000000000001,-2.769999999999982,-4.7999999999999545,-3.7849999999998554,2.0299999999999727,0.5363274672846984,-5.539999999999964,-11.999999999999886,-8.769999999999754,0.0,0.0,0.0,3.839038327865228,2.395664312871396,2.6456057907392423,3.392662302676112
2024-05-13 08:20:05,701.9,785.2,90.01,97.37,743.55,1487.1,83.30000000000007,0.1120301255974311,187.38,7.359999999999999,8.309999999999945,43.22000000000003,25.764999999999876,34.91000000000008,1.354938817972499,11.079999999999927,48.01999999999998,29.549999999999727,0.2199999999999988,0.1899999999999977,0.0300000000000011,3.96813958817302,11.733296105526492,16.39157924057338,11.823958516503607
2024-05-13 08:20:06,696.36,744.38,90.01,97.45,720.37,1440.74,48.01999999999998,0.0666601884216996,187.46,7.439999999999998,-5.539999999999964,-40.82000000000005,-23.17999999999995,35.280000000000086,1.522001659965423,-13.849999999999907,-84.04000000000008,-48.94499999999982,0.0,0.0799999999999983,0.0799999999999983,3.8427931087016254,11.1230484805184,15.77345967123243,17.584041273268138
2024-05-13 08:20:07,757.45,734.78,90.2,97.45,746.115,1492.23,22.670000000000076,0.0303840560364233,187.65,7.25,61.09000000000003,-9.600000000000025,25.745000000000005,70.69000000000005,2.7457757721586438,66.63,31.220000000000027,48.92499999999996,0.1899999999999977,0.0,0.1899999999999977,3.9760990995145264,13.749812089623669,21.569305737552007,20.788968949902195
2024-05-13 08:20:08,700.51,746.78,90.2,97.75,723.645,1447.29,46.26999999999998,0.0639401915802082,187.95,7.549999999999997,-56.940000000000055,12.0,-22.470000000000027,68.94000000000005,3.0680906511753143,-118.03000000000009,21.600000000000023,-48.21500000000003,0.0,0.2999999999999971,0.2999999999999971,3.850199500664009,13.46472827427129,21.65571402655645,24.40450086561899
2024-05-13 08:20:09,694.97,740.78,90.2,97.75,717.875,1435.75,45.809999999999945,0.0638133378877751,187.95,7.549999999999997,-5.539999999999964,-6.0,-5.769999999999982,0.4600000000000364,0.0797226898227639,51.40000000000009,-18.0,16.700000000000045,0.0,0.0,0.0,3.8194998466640073,13.443871001313608,21.72624749007508,24.50584027328992
2024-05-13 08:20:10,696.36,747.98,90.42,98.05,722.1700000000001,1444.34,51.620000000000005,0.0714790145374648,188.47,7.6299999999999955,1.3899999999999864,7.2000000000000455,4.295000000000073,5.810000000000059,1.3527354242757943,6.92999999999995,13.200000000000044,10.065000000000056,0.2199999999999988,0.2999999999999971,0.0799999999999983,3.831750390875204,11.429507316589,11.525279606152344,20.404272653049905
2024-05-13 08:20:11,700.51,741.98,90.42,98.05,721.245,1442.49,41.47000000000003,0.0574977988651598,188.47,7.6299999999999955,4.149999999999977,-6.0,-0.9250000000000682,10.149999999999975,10.97296111031148,2.759999999999991,-13.200000000000044,-5.220000000000141,0.0,0.0,0.0,3.826842447992559,11.327326471853867,11.161206028023626,17.465310976332503
2024-05-13 08:20:12,703.29,790.0,90.64,98.33,746.645,1493.29,86.71000000000004,0.1161328340561675,188.97,7.689999999999998,2.7799999999999727,48.01999999999998,25.399999999999977,45.24000000000001,1.7811022920825887,-1.3700000000000043,54.01999999999998,26.325000000000045,0.2199999999999988,0.2800000000000011,0.0600000000000022,3.9511297880556175,11.560247834711896,18.43048778518885,17.33926375311248
2024-05-13 08:20:13,699.13,746.78,90.64,98.35,722.9549999999999,1445.91,47.64999999999998,0.0659100496353022,188.99,7.709999999999994,-4.159999999999968,-43.22000000000003,-23.69000000000005,39.06000000000006,1.6487968911440725,-6.939999999999941,-91.24,-49.09000000000003,0.0,0.019999999999996,0.019999999999996,3.825361109977453,11.6041391322218,18.288537940469585,17.740324334690182
2024-05-13 08:20:14,704.67,741.98,90.83,98.35,723.325,1446.65,37.31000000000006,0.0515812393438894,189.18,7.519999999999996,5.539999999999964,-4.7999999999999545,0.3700000000001182,10.339999999999918,27.94587041655729,9.699999999999932,38.42000000000007,24.060000000000173,0.1899999999999977,0.0,0.1899999999999977,3.823474977146237,10.861439591507237,19.659580870405005,17.463355562434177
2024-05-13 08:20:15,699.13,750.38,90.83,98.66,724.755,1449.51,51.25,0.0707135513784471,189.49,7.829999999999998,-5.539999999999964,8.399999999999977,1.42999999999995,13.93999999999994,9.74824493129755,-11.079999999999927,13.199999999999932,1.0599999999998315,0.0,0.3100000000000023,0.3100000000000023,3.8247664582576046,10.61688042694091,19.66654316345388,17.3787016200866
2024-05-13 08:20:16,707.45,747.98,91.05,98.66,727.715,1455.43,40.52999999999997,0.0556948804742311,189.71,7.609999999999999,8.32000000000005,-2.3999999999999773,2.9600000000000364,10.720000000000027,3.621620398101181,13.860000000000014,-10.799999999999956,1.5300000000000864,0.2199999999999988,0.0,0.2199999999999988,3.835933773465112,9.996670945867985,19.80685234962877,17.384959879159933
2024-05-13 08:20:17,704.67,752.78,91.05,98.93,728.7249999999999,1457.4499999999998,48.110000000000014,0.0660194173851324,189.98,7.88000000000001,-2.7800000000000864,4.7999999999999545,1.0099999999998772,7.580000000000041,7.504943064413761,-11.100000000000136,7.199999999999932,-1.9500000000001592,0.0,0.2700000000000102,0.2700000000000102,3.835798484915261,2.601413077533213,5.806668580175075,11.280007978720612
2024-05-13 08:20:18,758.84,751.58,91.24,98.93,755.21,1510.42,7.259999999999991,0.0096132201511987,190.17,7.690000000000012,54.17000000000007,-1.1999999999999318,26.485000000000127,55.370000000000005,2.090617251628563,56.95000000000016,-5.999999999999886,25.47500000000025,0.1899999999999977,0.0,0.1899999999999977,3.9712362414090743,13.186375734065864,17.489002830350017,11.239903469336449
2024-05-13 08:20:19,703.29,753.98,91.27,99.12,728.635,1457.27,50.690000000000055,0.0695684395210655,190.39,7.850000000000008,-55.55000000000007,2.3999999999999773,-26.575000000000045,57.950000000000045,2.1806208022343987,-109.72000000000014,3.599999999999909,-53.06000000000017,0.0300000000000011,0.1899999999999977,0.1599999999999966,3.827065477036265,12.515229522464267,18.559809266261112,18.80075284396884
2024-05-13 08:20:20,700.51,750.38,91.27,99.12,725.4449999999999,1450.89,49.870000000000005,0.0687440122011399,190.39,7.850000000000008,-2.7799999999999727,-3.6000000000000227,-3.1900000000000546,0.82000000000005,0.2570532109551176,52.770000000000095,-6.0,23.38499999999999,0.0,0.0,0.0,3.810310395449811,12.404793629882018,18.351752504869715,18.89145593912768
2024-05-13 08:20:21,708.83,792.41,91.49,99.29,750.62,1501.24,83.57999999999993,0.1113479522110415,190.78,7.800000000000011,8.32000000000005,42.02999999999997,25.175000000000068,33.70999999999992,1.3390267591250475,11.100000000000025,45.63,28.365000000000123,0.2199999999999988,0.1700000000000017,0.0499999999999971,3.9344794845661,14.021703979900616,27.09419255117215,22.0665746662232
2024-05-13 08:20:22,704.67,752.78,91.49,99.31,728.7249999999999,1457.4499999999998,48.110000000000014,0.0660194173851324,190.8,7.820000000000007,-4.160000000000082,-39.63,-21.895000000000092,35.469999999999914,1.6200044932630857,-12.480000000000132,-81.65999999999997,-47.07000000000016,0.0,0.019999999999996,0.019999999999996,3.819313397173409,14.021703979900616,27.09419255117215,25.154689423644346
2024-05-13 08:20:23,710.22,750.38,91.7,99.31,730.3,1460.6,40.15999999999997,0.0549910994728315,191.01,7.609999999999999,5.550000000000068,-2.3999999999999773,1.5750000000000457,7.950000000000045,5.047615842783475,9.71000000000015,37.23000000000002,23.47000000000014,0.2100000000000079,0.0,0.2100000000000079,3.8233600134895553,10.146873286878142,16.793343026330216,20.66372050236846
2024-05-13 08:20:24,704.67,753.98,91.7,99.5,729.325,1458.65,49.31000000000006,0.0676104616356077,191.2,7.799999999999997,-5.550000000000068,3.6000000000000227,-0.974999999999909,9.150000000000093,9.384605759379676,-11.100000000000136,6.0,-2.5499999999999545,0.0,0.1899999999999977,0.1899999999999977,3.814461277121019,10.081483397792269,16.882349658741038,16.783055293956526
2024-05-13 08:20:25,712.99,751.58,91.92,99.5,732.2850000000001,1464.5700000000002,38.59000000000003,0.0526980614751114,191.42,7.579999999999998,8.32000000000005,-2.3999999999999773,2.9600000000000364,10.720000000000027,3.621620398101181,13.870000000000118,-6.0,3.9349999999999454,0.2199999999999988,0.0,0.2199999999999988,3.825540675866991,9.24961985705146,18.30072266332652,16.703348317029196
2024-05-13 08:20:26,708.83,756.38,91.92,99.7,732.605,1465.21,47.54999999999996,0.0649053718376131,191.62,7.780000000000001,-4.159999999999968,4.7999999999999545,0.3199999999999363,8.959999999999923,27.999912500278768,-12.480000000000018,7.199999999999932,-2.6400000000001,0.0,0.2000000000000028,0.2000000000000028,3.823217806997089,1.7377413501327788,4.97334696155342,10.329305760795412
2024-05-13 08:20:27,712.99,752.78,92.14,99.7,732.885,1465.77,39.78999999999997,0.0542922831627167,191.84,7.560000000000002,4.159999999999968,-3.6000000000000227,0.2799999999999727,7.759999999999991,27.714186735050045,8.319999999999936,-8.399999999999977,-0.0399999999999636,0.2199999999999988,0.0,0.2199999999999988,3.8202929325464297,1.5751269789960098,4.9574287690285885,1.4926930360929016
2024-05-13 08:20:28,703.29,751.58,92.14,99.89,727.435,1454.87,48.29000000000008,0.0663839379925576,192.03,7.75,-9.700000000000044,-1.1999999999999318,-5.4500000000000455,8.500000000000114,1.5596327413517983,-13.860000000000014,2.400000000000091,-5.730000000000018,0.0,0.1899999999999977,0.1899999999999977,3.788132042971765,2.411020530804593,5.091726622668657,3.080336020631572
2024-05-13 08:20:29,772.76,750.38,92.31,99.89,761.5699999999999,1523.14,22.379999999999995,0.0293866617259258,192.2,7.579999999999998,69.47000000000003,-1.2000000000000457,34.13499999999999,70.67000000000007,2.070309006289471,79.17000000000007,-1.1368683772161605e-13,39.58500000000004,0.1700000000000017,0.0,0.1700000000000017,3.962382913827352,13.720613324482269,10.439243267593277,15.778903003694545
2024-05-13 08:20:30,707.45,761.19,92.33,100.08,734.32,1468.64,53.74000000000001,0.073183353206799,192.41,7.75,-65.30999999999995,10.81000000000006,-27.249999999999886,76.12,2.79339439290297,-134.77999999999997,12.010000000000105,-61.38499999999988,0.019999999999996,0.1899999999999977,0.1700000000000017,3.816433637459417,13.5618484175263,12.22098809425786,22.004634625460124
2024-05-13 08:20:31,707.45,757.58,92.33,100.08,732.5150000000001,1465.0300000000002,50.13,0.0684354585661242,192.41,7.75,0.0,-3.6100000000000136,-1.80499999999995,3.6100000000000136,1.999998891967436,65.30999999999995,-14.420000000000073,25.444999999999936,0.0,0.0,0.0,3.807052628205122,13.570462869775676,12.54559006185012,22.027244664278797
2024-05-13 08:20:32,712.99,802.02,92.44,100.19,757.505,1515.01,89.02999999999997,0.1175305772007701,192.63,7.75,5.539999999999964,44.43999999999994,24.989999999999892,38.89999999999998,1.55662258676981,5.539999999999964,48.04999999999996,26.794999999999845,0.1099999999999994,0.1099999999999994,0.0,3.9324352181257582,15.670345959804465,23.80286180273275,24.71837610968806
2024-05-13 08:20:33,707.45,757.58,92.44,100.27,732.5150000000001,1465.0300000000002,50.13,0.0684354585661242,192.71,7.829999999999998,-5.539999999999964,-44.43999999999994,-24.989999999999892,38.89999999999998,1.55662258676981,-11.079999999999927,-88.87999999999988,-49.97999999999979,0.0,0.0799999999999983,0.0799999999999983,3.801126024590702,14.56113534378274,23.73148267597273,28.08405984718014
2024-05-13 08:20:34,714.38,756.38,92.66,100.27,735.38,1470.76,42.0,0.0571133290854886,192.93,7.609999999999999,6.92999999999995,-1.2000000000000457,2.8649999999998954,8.129999999999995,2.8376953446090565,12.469999999999914,43.239999999999895,27.85499999999979,0.2199999999999988,0.0,0.2199999999999988,3.811641508258739,10.724076067426909,18.411559684067917,21.597718224386483
2024-05-13 08:20:35,712.99,758.78,92.66,100.46,735.885,1471.77,45.78999999999997,0.0622243963904354,193.12,7.799999999999997,-1.3899999999999864,2.3999999999999773,0.5049999999999955,3.789999999999964,7.5049356337908195,-8.319999999999936,3.6000000000000227,-2.3599999999999,0.0,0.1899999999999977,0.1899999999999977,3.810506401146922,10.595578087105904,19.094721260075904,17.749870633331316
2024-05-13 08:20:36,718.54,755.18,92.88,100.46,736.8599999999999,1473.7199999999998,36.63999999999999,0.0497245066230701,193.34,7.579999999999998,5.5499999999999545,-3.6000000000000227,0.974999999999909,9.149999999999975,9.38460575937956,6.939999999999941,-6.0,0.4699999999999136,0.2199999999999988,0.0,0.2199999999999988,3.811213386721768,10.122984614231102,20.896374565938324,17.71043668292788
2024-05-13 08:20:37,710.22,761.19,92.88,100.63,735.705,1471.41,50.97000000000003,0.0692804859702184,193.51,7.75,-8.319999999999936,6.010000000000105,-1.154999999999859,14.33000000000004,12.406915665009633,-13.86999999999989,9.610000000000127,-2.129999999999768,0.0,0.1700000000000017,0.1700000000000017,3.8018965231672968,1.635364638225527,5.945908677401013,11.6211014968461
2024-05-13 08:20:38,718.54,757.58,92.99,100.63,738.06,1476.12,39.04000000000008,0.0528954284842758,193.62,7.640000000000001,8.319999999999936,-3.6100000000000136,2.3549999999999045,11.92999999999995,5.065815258677357,16.639999999999873,-9.620000000000118,3.5099999999997635,0.1099999999999994,0.0,0.1099999999999994,3.811899577461524,1.0901181128478183,5.665101058232941,1.5925231552476422
2024-05-13 08:20:39,712.99,763.59,92.99,100.82,738.29,1476.58,50.60000000000002,0.0685367537572813,193.81,7.829999999999998,-5.5499999999999545,6.009999999999991,0.2300000000000182,11.559999999999944,50.26065104064344,-13.86999999999989,9.620000000000005,-2.1249999999998863,0.0,0.1899999999999977,0.1899999999999977,3.809349343122907,1.1957790347547277,6.56254295223981,1.269348257965471
2024-05-13 08:20:40,722.71,761.19,93.18,100.82,741.95,1483.9,38.48000000000002,0.0518633330387986,194.0,7.639999999999986,9.720000000000027,-2.3999999999999773,3.660000000000082,12.120000000000005,3.311474505061537,15.269999999999982,-8.409999999999968,3.430000000000064,0.1900000000000119,0.0,0.1900000000000119,3.8244845163686367,2.350913652170012,7.030930237172897,1.8656319304729136
2024-05-13 08:20:41,718.54,762.39,93.18,101.01,740.4649999999999,1480.9299999999998,43.85000000000002,0.0592195443954548,194.19,7.829999999999998,-4.170000000000073,1.1999999999999318,-1.485000000000127,5.3700000000000045,3.6161591810372817,-13.8900000000001,3.599999999999909,-5.145000000000209,0.0,0.1900000000000119,0.1900000000000119,3.813095402373472,2.399857808279349,6.031307486772027,2.2324073329032608
2024-05-13 08:20:42,729.65,762.39,93.29,101.01,746.02,1492.04,32.74000000000001,0.0438862228306396,194.3,7.719999999999999,11.110000000000014,0.0,5.555000000000064,11.110000000000014,1.9999996399640407,15.280000000000086,-1.1999999999999318,7.040000000000191,0.1099999999999994,0.0,0.1099999999999994,3.8395264856431983,3.25451916570789,6.683660673612298,2.773893022450684
2024-05-13 08:20:43,718.54,794.81,93.29,101.09,756.675,1513.35,76.26999999999998,0.1007962466041612,194.38,7.799999999999997,-11.110000000000014,32.41999999999996,10.654999999999973,43.52999999999997,4.0854055292909015,-22.220000000000027,32.41999999999996,5.099999999999909,0.0,0.0799999999999983,0.0799999999999983,3.892761580961202,7.275418372847078,16.92572509525051,4.76280195893137
2024-05-13 08:20:44,718.54,761.19,93.29,101.2,739.865,1479.73,42.65000000000009,0.0576456514936568,194.49,7.909999999999997,0.0,-33.61999999999989,-16.809999999999945,33.61999999999989,1.9999998810232076,11.110000000000014,-66.03999999999985,-27.46499999999992,0.0,0.1099999999999994,0.1099999999999994,3.804128727419771,6.956702703146145,17.039013175650528,10.51270481370042
2024-05-13 08:20:45,719.93,761.19,93.43,101.2,740.56,1481.12,41.260000000000105,0.0557145942857911,194.63,7.769999999999996,1.3899999999999864,0.0,0.6949999999999363,1.3899999999999864,1.9999971223064623,1.3899999999999864,33.61999999999989,17.50499999999988,0.1400000000000005,0.0,0.1400000000000005,3.8049632440786967,7.134311985045299,16.74250966850526,10.359355433616503
2024-05-13 08:20:46,718.54,757.58,93.43,101.39,738.06,1476.12,39.04000000000008,0.0528954284842758,194.82,7.959999999999994,-1.3899999999999864,-3.6100000000000136,-2.5,2.2200000000000277,0.8879996448001529,-2.7799999999999727,-3.6100000000000136,-3.1949999999999363,0.0,0.1899999999999977,0.1899999999999977,3.788420060628169,7.560968357291337,17.12792953044797,10.398790434468795
2024-05-13 08:20:47,717.16,761.19,93.43,101.39,739.175,1478.35,44.030000000000086,0.0595664084153734,194.82,7.959999999999994,-1.3799999999999957,3.6100000000000136,1.115000000000009,4.990000000000009,4.475332309118977,0.0099999999999909,7.220000000000027,3.615000000000009,0.0,0.0,0.0,3.7941432922998497,7.773886254632268,15.549702569502472,9.933662089078709
2024-05-13 08:20:48,715.77,765.99,93.43,101.58,740.88,1481.76,50.22000000000003,0.0677842564682752,195.01,8.149999999999991,-1.3899999999999864,4.7999999999999545,1.705000000000041,6.189999999999941,3.630496404400814,-0.0099999999999909,1.1899999999999409,0.5900000000000318,0.0,0.1899999999999977,0.1899999999999977,3.799189765657199,1.1318270627440328,4.214647078936963,7.803252046422683
2024-05-13 08:20:49,712.99,764.79,93.43,101.58,738.89,1477.78,51.79999999999996,0.0701051576417258,195.01,8.149999999999991,-2.7799999999999727,-1.2000000000000457,-1.990000000000009,1.5799999999999272,0.7939694502665677,-1.3899999999999864,-6.0,-3.69500000000005,0.0,0.0,0.0,3.7889851608174703,1.180940303300598,5.558192152129315,1.9139781869186028
2024-05-13 08:20:50,722.71,768.39,93.59,101.78,745.55,1491.1,45.67999999999995,0.0612702031235058,195.37,8.189999999999998,9.720000000000027,3.6000000000000227,6.659999999999968,6.1200000000000045,0.9189187809431312,12.5,4.800000000000068,8.649999999999977,0.1599999999999966,0.2000000000000028,0.0400000000000062,3.816092522822887,2.997816705530873,5.093003043391224,3.665239760233994
2024-05-13 08:20:51,721.32,764.79,93.59,101.78,743.0550000000001,1486.11,43.46999999999992,0.0585017259038673,195.37,8.189999999999998,-1.3899999999999864,-3.6000000000000227,-2.494999999999891,2.2100000000000364,0.8857711880677134,-11.110000000000014,-7.2000000000000455,-9.15499999999986,0.0,0.0,0.0,3.803321882564765,2.8027731802556324,3.755815490674813,3.664047284083539
2024-05-13 08:20:52,718.54,773.19,93.59,101.97,745.865,1491.73,54.65000000000009,0.073270631986659,195.56,8.379999999999995,-2.7800000000000864,8.400000000000091,2.809999999999945,11.180000000000176,3.978646270944528,-1.3900000000001,12.000000000000114,5.304999999999836,0.0,0.1899999999999977,0.1899999999999977,3.813995685140133,2.9993636825100936,4.547519103862447,3.754751323323544
2024-05-13 08:20:53,719.93,763.59,93.59,101.97,741.76,1483.52,43.66000000000008,0.0588600085487759,195.56,8.379999999999995,1.3899999999999864,-9.600000000000025,-4.105000000000018,10.990000000000007,2.677222246718079,4.170000000000073,-18.000000000000114,-6.914999999999964,0.0,0.0,0.0,3.7930046850429298,2.8783923464254326,5.081630643798639,4.447835709645752
2024-05-13 08:20:54,719.93,804.42,93.59,102.02,762.175,1524.35,84.49000000000001,0.1108538063950486,195.61,8.429999999999993,0.0,40.82999999999993,20.414999999999964,40.82999999999993,1.999999902032824,-1.3899999999999864,50.42999999999995,24.519999999999985,0.0,0.0499999999999971,0.0499999999999971,3.8964009820745305,8.282106766998425,17.437896948886785,9.793642453142736
2024-05-13 08:20:55,718.54,768.39,93.59,102.16,743.4649999999999,1486.9299999999998,49.85000000000002,0.0670509034493205,195.75,8.569999999999993,-1.3899999999999864,-36.02999999999997,-18.71000000000004,34.639999999999986,1.851416255937128,-1.3899999999999864,-76.8599999999999,-39.125,0.0,0.1400000000000005,0.1400000000000005,3.798033186216944,8.466658431752228,17.011692449606386,14.11505428611594
2024-05-13 08:20:56,718.54,765.99,93.59,102.16,742.265,1484.53,47.450000000000045,0.0639259562771706,195.75,8.569999999999993,0.0,-2.3999999999999773,-1.1999999999999318,2.3999999999999773,1.999998333334817,1.3899999999999864,33.629999999999995,17.510000000000105,0.0,0.0,0.0,3.7919029180490273,8.571562284669069,16.406562711305323,14.079227873004973
2024-05-13 08:20:57,718.54,768.39,93.59,102.35,743.4649999999999,1486.9299999999998,49.85000000000002,0.0670509034493205,195.94,8.759999999999991,0.0,2.3999999999999773,1.1999999999999318,2.3999999999999773,1.999998333334817,0.0,4.7999999999999545,2.399999999999864,0.0,0.1899999999999977,0.1899999999999977,3.794350291954933,8.724269596932526,16.645458840176023,14.012631355316534
2024-05-13 08:20:58,718.54,765.99,93.59,102.35,742.265,1484.53,47.450000000000045,0.0639259562771706,195.94,8.759999999999991,0.0,-2.3999999999999773,-1.1999999999999318,2.3999999999999773,1.999998333334817,0.0,-4.7999999999999545,-2.399999999999864,0.0,0.0,0.0,3.7882259682136064,8.656513154842502,16.072993498412,13.884391596321391
2024-05-13 08:20:59,718.54,765.99,93.59,102.51,742.265,1484.53,47.450000000000045,0.0639259562771706,196.1,8.920000000000002,0.0,0.0,0.0,0.0,0.0,0.0,2.3999999999999773,1.1999999999999318,0.0,0.1600000000000108,0.1600000000000108,3.785135115833069,0.6572670689758543,1.314534138009802,8.293106776112342
2024-05-13 08:21:00,710.22,763.59,93.59,102.51,736.905,1473.81,53.370000000000005,0.0724245322362794,196.1,8.920000000000002,-8.319999999999936,-2.3999999999999773,-5.360000000000014,5.919999999999959,1.1044774058810705,-8.319999999999936,-2.3999999999999773,-5.360000000000014,0.0,0.0,0.0,3.7578021226017215,2.5840123838634086,2.5962434400481924,2.4719870549823164
2024-05-13 08:21:01,718.54,769.59,93.78,102.6,744.065,1488.13,51.05000000000007,0.0686095971875984,196.38,8.819999999999993,8.319999999999936,6.0,7.160000000000082,2.3199999999999363,0.3240223011141911,16.639999999999873,8.399999999999977,12.520000000000095,0.1899999999999977,0.0899999999999892,0.1000000000000085,3.788904146099888,2.8414644111724754,2.517395479457583,4.533960740897571
2024-05-13 08:21:02,722.71,769.59,93.78,102.6,746.1500000000001,1492.3000000000002,46.88,0.0628291897569802,196.38,8.819999999999993,4.170000000000073,0.0,2.0850000000000364,4.170000000000073,1.999999040767846,-4.149999999999864,-6.0,-5.0750000000000455,0.0,0.0,0.0,3.799521316837146,3.42934760558918,2.8421294833264352,4.591856378416087
2024-05-13 08:21:03,718.54,773.19,93.78,102.68,745.865,1491.73,54.65000000000009,0.073270631986659,196.46,8.900000000000006,-4.170000000000073,3.6000000000000227,-0.2850000000000818,7.770000000000095,27.26306223486186,-8.340000000000146,3.6000000000000227,-2.3700000000001182,0.0,0.0800000000000125,0.0800000000000125,3.796523446011792,3.7729862178333655,3.464346980311565,4.5230423942298605
2024-05-13 08:21:04,719.93,769.59,93.78,102.68,744.76,1489.52,49.66000000000008,0.0666791985784962,196.46,8.900000000000006,1.3899999999999864,-3.6000000000000227,-1.1050000000000182,4.990000000000009,4.51583301734562,5.560000000000059,-7.2000000000000455,-0.8199999999999363,0.0,0.0,0.0,3.790898891423705,3.808036567571365,3.067469641250576,4.59346465100153
2024-05-13 08:21:05,721.32,774.39,93.78,102.76,747.855,1495.71,53.069999999999936,0.0709629539536901,196.54,8.980000000000004,1.3900000000001,4.7999999999999545,3.0950000000000277,3.4099999999998545,1.101776703787761,1.1368683772161605e-13,8.399999999999977,4.2000000000000455,0.0,0.0799999999999983,0.0799999999999983,3.8051032675022727,1.4511176726790458,3.0149908789238262,3.260122697077609
2024-05-13 08:21:06,719.93,769.59,93.78,102.76,744.76,1489.52,49.66000000000008,0.0666791985784962,196.54,8.980000000000004,-1.3900000000001,-4.7999999999999545,-3.0950000000000277,3.4099999999998545,1.101776703787761,-2.7800000000002,-9.599999999999907,-6.190000000000055,0.0,0.0,0.0,3.789355837033907,1.2730406513389791,3.0797613543899423,2.485503973040551
2024-05-13 08:21:07,718.54,776.79,93.78,102.84,747.665,1495.33,58.25,0.077909223946675,196.62,9.060000000000002,-1.3899999999999864,7.199999999999932,2.9049999999999727,8.589999999999918,2.95696972221352,1.1368683772161605e-13,11.999999999999886,6.0,0.0,0.0799999999999983,0.0799999999999983,3.802588730533065,1.511858955048944,3.625750956697668,2.666471451187937
2024-05-13 08:21:08,719.93,770.79,93.78,102.84,745.3599999999999,1490.7199999999998,50.860000000000014,0.0682354834331927,196.62,9.060000000000002,1.3899999999999864,-6.0,-2.305000000000064,7.389999999999986,3.2060723617906377,2.7799999999999727,-13.199999999999932,-5.210000000000036,0.0,0.0,0.0,3.790865609852173,1.5545135895069169,3.60583554810724,2.918909042776142
2024-05-13 08:21:09,719.93,816.43,93.78,102.87,768.18,1536.36,96.5,0.1256215989408451,196.65,9.090000000000003,0.0,45.63999999999999,22.82000000000005,45.63999999999999,1.99999991235758,-1.3899999999999864,51.63999999999999,25.125000000000117,0.0,0.0300000000000011,0.0300000000000011,3.90633102513943,9.831510184095,19.74766745719595,10.53521736842677
