time,force_left,force_right,dis_left,dis_right,force_avg,force_sum,force_diff,force_diff_ratio,total_delta_dis,dis_diff,left_force_rate,right_force_rate,force_rate,force_rate_diff,force_rate_ratio,left_force_acc,right_force_acc,force_acc,left_dis_rate,right_dis_rate,dis_rate_diff,stiffness_ratio,force_std_5s,force_diff_std_5s,force_rate_std_5s
2025-08-02 16:37:06,206.68,191.16,2.21,0.59,198.92,397.84,15.52000000000001,0.0780213147093238,2.8,1.62,0.0,0.0,0.0,0.0,0.0,0.0,0.0,0.0,0.0,0.0,0.0,71.04283177041724,0.0,0.0,0.0
2025-08-02 16:37:07,216.39,196.98,3.05,1.36,206.685,413.37,19.41,0.0939110235676946,4.41,1.6899999999999995,9.70999999999998,5.819999999999993,7.764999999999986,3.8899999999999855,0.5009658079889485,9.70999999999998,5.819999999999993,7.764999999999986,0.8399999999999999,0.7700000000000001,0.0699999999999997,46.8673363112616,0.0,0.0,0.0
2025-08-02 16:37:08,215.42,206.68,3.49,2.14,211.05,422.1,8.73999999999998,0.0414119874844254,5.630000000000001,1.35,-0.9699999999999988,9.700000000000015,4.365000000000009,10.670000000000016,2.444443884434389,-10.679999999999978,3.880000000000024,-3.3999999999999773,0.4400000000000004,0.78,0.3399999999999996,37.48667184961423,0.0,0.0,0.0
2025-08-02 16:37:09,217.36,212.51,3.75,2.95,214.935,429.87,4.850000000000023,0.0225649613950034,6.7,0.7999999999999998,1.940000000000026,5.829999999999984,3.884999999999991,3.889999999999958,1.0012867435555273,2.910000000000025,-3.870000000000033,-0.4800000000000182,0.2599999999999998,0.81,0.5500000000000003,32.07984595823194,0.0,0.0,0.0
2025-08-02 16:37:10,221.24,212.51,4.02,3.49,216.875,433.75,8.730000000000018,0.0402536021198682,7.51,0.5299999999999994,3.879999999999996,0.0,1.9399999999999975,3.879999999999996,1.9999989690726965,1.9399999999999693,-5.829999999999984,-1.9449999999999927,0.2699999999999996,0.54,0.2700000000000004,28.87815860477249,7.17646727157589,5.878541485776887,2.9038280768668066
2025-08-02 16:37:11,218.33,215.42,4.23,3.75,216.875,433.75,2.910000000000025,0.0134178673732894,7.98,0.4800000000000004,-2.9099999999999966,2.9099999999999966,0.0,5.819999999999993,5819999.9999999935,-6.789999999999992,2.9099999999999966,-1.9399999999999975,0.2100000000000008,0.2599999999999998,0.0499999999999989,27.17731489006079,4.389018113428091,6.379523493177203,2.9038280768668066
2025-08-02 16:37:12,217.36,215.42,4.23,4.06,216.39,432.78,1.940000000000026,0.0089652941034,8.29,0.1700000000000008,-0.9699999999999988,0.0,-0.4850000000000136,0.9699999999999988,1.999995876297104,1.9399999999999975,-2.9099999999999966,-0.4850000000000136,0.0,0.3099999999999996,0.3099999999999996,26.102530023820265,2.46561097904754,3.190333838331016,2.197036071620132
2025-08-02 16:37:13,216.39,217.36,4.23,4.33,216.875,433.75,0.9700000000000272,0.0044726224577632,8.56,0.0999999999999996,-0.9700000000000272,1.940000000000026,0.4850000000000136,2.910000000000053,5.999987628891429,-2.8421709430404014e-14,1.940000000000026,0.9700000000000272,0.0,0.2700000000000004,0.2700000000000004,25.3358615261844,0.8400446416707544,3.067409330363323,1.7706743065849215
2025-08-02 16:37:14,219.3,218.33,4.23,4.56,218.815,437.63,0.9699999999999988,0.0044329684691041,8.79,0.3299999999999992,2.910000000000025,0.9699999999999988,1.9399999999999975,1.940000000000026,0.9999994845363628,3.880000000000052,-0.9700000000000272,1.454999999999984,0.0,0.2299999999999995,0.2299999999999995,24.89362629196516,0.9454390514463143,3.2462409029522123,1.1165538500224714
2025-08-02 16:37:15,217.36,218.33,4.23,4.8,217.84500000000003,435.69000000000005,0.9699999999999988,0.0044527071796336,9.03,0.5699999999999994,-1.9399999999999975,0.0,-0.9699999999999704,1.9399999999999975,1.999997938146514,-4.850000000000023,-0.9699999999999988,-2.909999999999968,0.0,0.2400000000000002,0.2400000000000002,24.124582046004207,0.9699999999998444,0.8675943752699182,1.116553850022464
2025-08-02 16:37:16,216.39,216.39,4.23,4.8,216.39,432.78,0.0,0.0,9.03,0.5699999999999994,-0.9700000000000272,-1.940000000000026,-1.455000000000041,0.9699999999999988,0.6666662084768131,0.9699999999999704,-1.940000000000026,-0.4850000000000705,0.0,0.0,0.0,23.96345249574169,1.0514549443507848,0.6858935777509481,1.345820381774633
2025-08-02 16:37:17,215.42,214.45,4.23,4.8,214.935,429.87,0.9699999999999988,0.0045129922790006,9.03,0.5699999999999994,-0.9699999999999988,-1.9399999999999975,-1.454999999999984,0.9699999999999988,0.6666662084768392,2.8421709430404014e-14,2.8421709430404014e-14,5.684341886080803e-14,0.0,0.0,0.0,23.802322945479187,1.4710778361459091,0.4337971876349417,1.4790512161517624
2025-08-02 16:37:18,216.39,215.42,4.23,4.8,215.905,431.81,0.9699999999999988,0.0044927166832972,9.03,0.5699999999999994,0.9699999999999988,0.9699999999999988,0.9699999999999704,0.0,0.0,1.9399999999999975,2.9099999999999966,2.4249999999999545,0.0,0.0,0.0,23.909742645654187,1.5489657839990378,0.4337971876349384,1.5565402339804726
2025-08-02 16:37:19,214.45,215.42,4.23,4.8,214.935,429.87,0.9699999999999988,0.0045129922790006,9.03,0.5699999999999994,-1.9399999999999975,0.0,-0.9699999999999704,1.9399999999999975,1.999997938146514,-2.9099999999999966,-0.9699999999999988,-1.9399999999999409,0.0,0.0,0.0,23.802322945479187,1.2076402610048158,0.4337971876349384,1.005717405636383
2025-08-02 16:37:20,219.3,216.39,4.26,4.8,217.845,435.69,2.910000000000025,0.013358121538901,9.06,0.54,4.850000000000023,0.9699999999999988,2.9099999999999966,3.880000000000024,1.3333328751433515,6.7900000000000205,0.9699999999999988,3.879999999999967,0.0299999999999993,0.0,0.0299999999999993,24.04469933281465,1.2076402610048105,1.062581761560025,1.90944690944786
2025-08-02 16:37:21,217.36,222.21,4.26,5.0,219.78500000000005,439.5700000000001,4.849999999999994,0.0220670199419112,9.26,0.7400000000000002,-1.9399999999999975,5.820000000000022,1.940000000000026,7.760000000000019,3.999997938145349,-6.7900000000000205,4.850000000000023,-0.9699999999999704,0.0,0.2000000000000001,0.2000000000000001,23.734878646341404,2.102909888701807,1.735188750539834,1.8658322539821115
2025-08-02 16:37:22,216.39,216.39,4.26,5.0,216.39,432.78,0.0,0.0,9.26,0.7400000000000002,-0.9700000000000272,-5.820000000000022,-3.3950000000000387,4.849999999999994,1.4285710077846632,0.9699999999999704,-11.640000000000043,-5.335000000000065,0.0,0.0,0.0,23.368248016387906,1.8908781028929031,1.9399999999999973,2.5107827464757
2025-08-02 16:37:23,218.33,216.39,4.26,5.0,217.36,434.72,1.940000000000026,0.0089252852000126,9.26,0.7400000000000002,1.940000000000026,0.0,0.9700000000000272,1.940000000000026,1.999997938146426,2.910000000000053,5.820000000000022,4.365000000000066,0.0,0.0,0.0,23.47299962494605,1.795155285762171,1.8658322539821168,2.510782746475704
2025-08-02 16:37:24,218.33,216.39,4.26,5.0,217.36,434.72,1.940000000000026,0.0089252852000126,9.26,0.7400000000000002,0.0,0.0,0.0,0.0,0.0,-1.940000000000026,0.0,-0.9700000000000272,0.0,0.0,0.0,23.47299962494605,1.255391373237801,1.7620925060847334,2.42500000000002
2025-08-02 16:37:25,218.33,214.45,4.26,5.0,216.39,432.78,3.880000000000024,0.0179305882067999,9.26,0.7400000000000002,0.0,-1.9399999999999975,-0.9700000000000272,1.9399999999999975,1.9999979381463968,0.0,-1.9399999999999975,-0.9700000000000272,0.0,0.0,0.0,23.368248016387906,1.388828643137769,1.8908781028929345,2.04621724164374
2025-08-02 16:37:26,221.24,216.39,4.26,5.0,218.815,437.63,4.850000000000023,0.022164842345521,9.26,0.7400000000000002,2.9099999999999966,1.9399999999999975,2.425000000000012,0.9699999999999988,0.399999835051612,2.9099999999999966,3.879999999999996,3.3950000000000387,0.0,0.0,0.0,23.63012703778326,0.9939542242980078,1.890878102892943,2.185192783257373
2025-08-02 16:37:27,220.27,218.33,4.26,5.1,219.3,438.6,1.9399999999999975,0.0088463291890272,9.36,0.8399999999999999,-0.9699999999999988,1.940000000000026,0.4850000000000136,2.910000000000025,5.99998762889137,-3.879999999999996,2.8421709430404014e-14,-1.9399999999999975,0.0,0.0999999999999996,0.0999999999999996,23.42948467633711,1.1880025252497712,1.3717871555019012,1.255391373237859
2025-08-02 16:37:28,218.33,217.36,4.26,5.1,217.84500000000003,435.69000000000005,0.9699999999999988,0.0044527071796336,9.36,0.8399999999999999,-1.9399999999999975,-0.9699999999999988,-1.454999999999984,0.9699999999999988,0.6666662084768392,-0.9699999999999988,-2.910000000000025,-1.9399999999999975,0.0,0.0,0.0,23.274035974996163,1.1579216294723187,1.593872642340039,1.5105239157325576
2025-08-02 16:37:29,218.33,215.42,4.26,5.1,216.875,433.75,2.910000000000025,0.0134178673732894,9.36,0.8399999999999999,0.0,-1.940000000000026,-0.9700000000000272,1.940000000000026,1.999997938146426,1.9399999999999975,-0.9700000000000272,0.4849999999999568,0.0,0.0,0.0,23.170403507435527,1.2365122320461852,1.5337046651816717,1.5864764416782344
2025-08-02 16:37:30,220.27,216.39,4.26,5.1,218.33,436.66,3.880000000000024,0.0177712636020187,9.36,0.8399999999999999,1.9399999999999975,0.9699999999999988,1.454999999999984,0.9699999999999988,0.6666662084768392,1.9399999999999975,2.910000000000025,2.425000000000012,0.0,0.0,0.0,23.325852208776475,0.9329161269909526,1.5337046651816717,1.6231204514761093
2025-08-02 16:37:31,219.3,216.39,4.26,5.1,217.845,435.69,2.910000000000025,0.013358121538901,9.36,0.8399999999999999,-0.9699999999999988,0.0,-0.4849999999999852,0.9699999999999988,1.999995876297221,-2.9099999999999966,-0.9699999999999988,-1.9399999999999693,0.0,0.0,0.0,23.27403597499616,0.8810462530422642,1.1059701623461704,1.168034674142849
2025-08-02 16:37:32,219.3,217.36,4.26,5.14,218.33,436.66,1.9399999999999975,0.0088856318010093,9.4,0.8799999999999999,0.0,0.9700000000000272,0.4850000000000136,0.9700000000000272,1.9999958762971624,0.9699999999999988,0.9700000000000272,0.9699999999999988,0.0,0.04,0.04,23.22659327376668,0.5940012626247654,1.1059701623461704,1.168034674142849
2025-08-02 16:37:33,219.3,219.3,4.26,5.24,219.3,438.6,0.0,0.0,9.5,0.9800000000000004,0.0,1.9399999999999975,0.9699999999999988,1.9399999999999975,1.9999979381464557,0.0,0.9699999999999704,0.4849999999999852,0.0,0.1000000000000005,0.1000000000000005,23.084208096399152,0.8810462530422601,1.4710778361460075,1.0057174056363964
2025-08-02 16:37:34,219.3,216.39,4.26,5.24,217.845,435.69,2.910000000000025,0.013358121538901,9.5,0.9800000000000004,0.0,-2.910000000000025,-1.4550000000000125,2.910000000000025,1.999998625430498,0.0,-4.850000000000023,-2.425000000000012,0.0,0.0,0.0,22.93105021778419,0.5940012626247488,1.4710778361460075,1.1680346741428516
2025-08-02 16:37:35,219.3,216.39,4.26,5.24,217.845,435.69,2.910000000000025,0.013358121538901,9.5,0.9800000000000004,0.0,0.0,0.0,0.0,0.0,0.0,2.910000000000025,1.4550000000000125,0.0,0.0,0.0,22.93105021778419,0.632362633304497,1.2647252666093205,0.9329161269910654
2025-08-02 16:37:36,217.36,214.45,4.26,5.24,215.905,431.81,2.910000000000025,0.0134781500498917,9.5,0.9800000000000004,-1.9399999999999975,-1.9399999999999975,-1.9399999999999975,0.0,0.0,-1.9399999999999975,-1.9399999999999975,-1.9399999999999975,0.0,0.0,0.0,22.72683971296424,1.2365122320461694,1.2647252666093205,1.2553913732378483
2025-08-02 16:37:37,218.33,216.39,4.26,5.24,217.36,434.72,1.940000000000026,0.0089252852000126,9.5,0.9800000000000004,0.9699999999999988,1.9399999999999975,1.4550000000000125,0.9699999999999988,0.6666662084768262,2.9099999999999966,3.879999999999996,3.3950000000000102,0.0,0.0,0.0,22.879997591579205,1.2173403386069954,1.2647252666093192,1.4790512161517653
2025-08-02 16:37:38,217.36,218.33,4.26,5.24,217.84500000000003,435.69000000000005,0.9699999999999988,0.0044527071796336,9.5,0.9800000000000004,-0.9699999999999988,1.940000000000026,0.4850000000000136,2.910000000000025,5.99998762889137,-1.9399999999999975,2.8421709430404014e-14,-0.9699999999999988,0.0,0.0,0.0,22.931050217784197,0.8400446416707849,0.8675943752699212,1.3972714482161377
2025-08-02 16:37:39,219.3,219.3,4.26,5.3,219.3,438.6,0.0,0.0,9.56,1.04,1.9399999999999975,0.9699999999999988,1.454999999999984,0.9699999999999988,0.6666662084768392,2.9099999999999966,-0.9700000000000272,0.9699999999999704,0.0,0.0599999999999996,0.0599999999999996,22.939328144421747,1.2173403386069983,1.2647252666093212,1.3972714482161286
2025-08-02 16:37:40,224.15,218.33,4.29,5.3,221.24,442.48,5.819999999999993,0.0263062736109822,9.59,1.0099999999999998,4.849999999999994,-0.9699999999999988,1.9399999999999975,5.819999999999993,2.9999984536090447,2.9099999999999966,-1.9399999999999975,0.4850000000000136,0.0300000000000002,0.0,0.0300000000000002,23.069862036510735,2.028900564345082,2.233107700044935,1.5565402339804757
2025-08-02 16:37:41,231.92,217.36,4.56,5.3,224.64,449.28,14.559999999999974,0.0648148145262872,9.86,0.7400000000000002,7.769999999999982,-0.9699999999999988,3.3999999999999773,8.73999999999998,2.570587479238988,2.9199999999999875,0.0,1.4599999999999795,0.2699999999999996,0.0,0.2699999999999996,22.782959149801304,2.96399983130898,5.959984899309714,1.0645221932867226
2025-08-02 16:37:42,229.01,219.3,4.93,5.3,224.155,448.31,9.70999999999998,0.0433182394177321,10.23,0.3700000000000001,-2.9099999999999966,1.9399999999999975,-0.4849999999999852,4.849999999999994,9.999979381486105,-10.679999999999978,2.9099999999999966,-3.8849999999999625,0.3700000000000001,0.0,0.3700000000000001,21.91153255996749,2.9645729034718684,6.085767823372811,1.4728093902470736
2025-08-02 16:37:43,228.04,224.15,4.93,5.51,226.095,452.19,3.8899999999999855,0.0172051570481206,10.44,0.5800000000000001,-0.9699999999999988,4.849999999999994,1.9399999999999975,5.819999999999993,2.9999984536090447,1.9399999999999975,2.9099999999999966,2.424999999999983,0.0,0.2099999999999999,0.2099999999999999,21.656607121014645,2.754690091462131,5.575708923536081,1.398834336152772
2025-08-02 16:37:44,227.07,229.01,4.93,5.91,228.04,456.08,1.9399999999999975,0.0085072793873562,10.84,0.9800000000000004,-0.9699999999999988,4.859999999999985,1.9449999999999927,5.829999999999984,2.9974277648186325,0.0,0.0099999999999909,0.0049999999999954,0.0,0.4000000000000003,0.4000000000000003,21.036898428330403,2.514163379734809,5.024851241579188,1.398921906326427
2025-08-02 16:37:45,226.1,233.87,4.93,6.55,229.985,459.97,7.77000000000001,0.0337848119060599,11.48,1.62,-0.9699999999999988,4.860000000000014,1.9450000000000216,5.8300000000000125,2.997427764818603,0.0,2.8421709430404014e-14,2.8421709430404014e-14,0.0,0.6399999999999997,0.6399999999999997,20.033534840284425,2.4292503987854897,4.967869764798581,1.399095243362641
2025-08-02 16:37:46,224.15,239.69,4.93,7.39,231.92,463.84,15.539999999999992,0.0670058638021478,12.32,2.46,-1.9499999999999889,5.819999999999993,1.9350000000000025,7.769999999999982,4.015501800774249,-0.9799999999999898,0.9599999999999796,-0.0100000000000193,0.0,0.8399999999999999,0.8399999999999999,18.82467379669856,3.0705728292941386,5.31929976594664,1.0850599061802948
2025-08-02 16:37:47,226.1,244.55,4.93,8.37,235.325,470.65,18.450000000000017,0.0784022093768099,13.3,3.4399999999999995,1.9499999999999889,4.860000000000014,3.4049999999999727,2.910000000000025,0.8546252996695297,3.899999999999977,-0.9599999999999796,1.4699999999999704,0.0,0.9799999999999996,0.9799999999999996,17.693607692209948,3.5623106967247087,7.214587306284406,0.6546220283491717
2025-08-02 16:37:48,227.07,251.35,4.93,9.38,239.21,478.42,24.28,0.1015007729547227,14.31,4.450000000000001,0.9699999999999988,6.799999999999983,3.884999999999991,5.829999999999984,1.500643114377576,-0.9799999999999898,1.9399999999999693,0.4800000000000182,0.0,1.0100000000000016,1.0100000000000016,16.716281151902084,4.437732247443403,8.821747559299123,0.9482721128452422
2025-08-02 16:37:49,251.35,253.29,5.07,10.42,252.32,504.64,1.9399999999999975,0.0076886493037069,15.49,5.35,24.28,1.9399999999999975,13.110000000000014,22.340000000000003,1.704042585503997,23.31,-4.859999999999985,9.225000000000025,0.1400000000000005,1.0399999999999991,0.8999999999999986,16.289217799275804,8.868218958731166,8.821747559299123,4.695288063580343
2025-08-02 16:37:50,268.84,258.15,5.81,11.47,263.495,526.99,10.689999999999998,0.0405700296378677,17.28,5.660000000000001,17.48999999999998,4.859999999999985,11.175000000000011,12.629999999999995,1.1302012411453013,-6.7900000000000205,2.9199999999999875,-1.9350000000000025,0.7399999999999993,1.0500000000000007,0.3100000000000014,15.248552358301367,13.15649050849043,8.427487763266111,5.064587347454887
2025-08-02 16:37:51,273.7,244.55,6.58,11.5,259.125,518.25,29.149999999999977,0.1124939696575244,18.08,4.92,4.860000000000014,-13.599999999999966,-4.3700000000000045,18.45999999999998,4.224255326257353,-12.629999999999969,-18.45999999999995,-15.545000000000016,0.7700000000000005,0.0299999999999993,0.7400000000000011,14.332134163045678,12.272811923108687,10.831609760326485,6.9734222229835
2025-08-02 16:37:52,278.56,244.55,7.43,11.5,261.555,523.11,34.00999999999999,0.1300300123108714,18.93,4.07,4.860000000000014,0.0,2.430000000000007,4.860000000000014,1.9999991769550711,0.0,13.599999999999966,6.800000000000011,0.8499999999999996,0.0,0.8499999999999996,13.816956480879211,9.85590901439327,13.3337890338793,7.057711562539242
2025-08-02 16:37:53,272.73,243.58,8.1,11.5,258.15500000000003,516.3100000000001,29.15000000000001,0.1129166581591809,19.6,3.4000000000000004,-5.829999999999984,-0.9699999999999988,-3.3999999999999773,4.859999999999985,1.4294113442907863,-10.689999999999998,-0.9699999999999988,-5.829999999999984,0.6699999999999999,0.0,0.6699999999999999,13.171172797389143,4.244425756212271,13.889601146181269,8.085974276486418
2025-08-02 16:37:54,269.81,272.73,8.1,12.44,271.27,542.54,2.920000000000016,0.0107641832463443,20.54,4.34,-2.920000000000016,29.15000000000001,13.114999999999952,32.07000000000002,2.4452914643315804,2.909999999999968,30.120000000000005,16.51499999999993,0.0,0.9399999999999996,0.9399999999999996,13.206912696839693,5.2159275301712285,13.556532742556254,8.087415378228062
2025-08-02 16:37:55,270.78,277.59,8.1,13.49,274.18499999999995,548.3699999999999,6.810000000000002,0.0248372448352855,21.59,5.390000000000001,0.9699999999999704,4.859999999999957,2.914999999999964,3.8899999999999855,1.3344763861144593,3.8899999999999855,-24.29000000000005,-10.199999999999989,0.0,1.0500000000000007,1.0500000000000007,12.699628869864338,7.36230228936561,14.39266549322952,6.967909119671387
2025-08-02 16:37:56,295.09,286.34,8.3,14.53,290.715,581.43,8.75,0.0300982060433819,22.83,6.229999999999999,24.31,8.75,16.53000000000003,15.560000000000002,0.941318757330987,23.340000000000032,3.890000000000043,13.615000000000066,0.200000000000001,1.0399999999999991,0.8399999999999981,12.733902201756363,12.776399336276194,14.184936376311311,8.240458573404755
2025-08-02 16:37:57,305.79,289.26,9.31,15.61,297.525,595.05,16.53000000000003,0.0555583562539002,24.92,6.299999999999999,10.700000000000044,2.920000000000016,6.810000000000002,7.78000000000003,1.1424374240180033,-13.609999999999957,-5.829999999999984,-9.720000000000027,1.0099999999999998,1.08,0.0700000000000002,11.93920497836256,15.778810950131833,10.381802348340102,7.951560695863421
2025-08-02 16:37:58,317.47,298.01,10.36,16.66,307.74,615.48,19.46000000000004,0.0632351983387432,27.02,6.300000000000001,11.680000000000009,8.75,10.215000000000032,2.930000000000007,0.2868330605156081,0.9799999999999612,5.829999999999984,3.4050000000000296,1.049999999999999,1.0500000000000007,1.7763568394002505e-15,11.389340807204263,15.476593052090085,6.892048316719801,5.30870111232495
2025-08-02 16:37:59,326.22,306.76,11.47,17.67,316.49,632.98,19.46000000000004,0.0614869346219883,29.14,6.200000000000001,8.75,8.75,8.75,0.0,0.0,-2.930000000000007,0.0,-1.4650000000000318,1.1100000000000012,1.0100000000000016,0.0999999999999996,10.861015413142916,16.24008135755499,6.022430572451647,5.001331572691442
2025-08-02 16:38:00,333.04,294.12,12.65,17.77,313.58000000000004,627.1600000000001,38.920000000000016,0.1241150579625134,30.42,5.119999999999999,6.819999999999993,-12.639999999999986,-2.909999999999968,19.45999999999998,6.6872829253323935,-1.9300000000000068,-21.389999999999983,-11.659999999999968,1.1799999999999995,0.0999999999999978,1.0800000000000018,10.30834943102073,10.872677338172336,11.126613590846054,7.046286610690769
2025-08-02 16:38:01,337.9,293.15,13.86,17.77,315.525,631.05,44.75,0.1418271130914282,31.63,3.91,4.859999999999957,-0.9700000000000272,1.9449999999999363,5.829999999999984,2.99742776481872,-1.9600000000000364,11.66999999999996,4.8549999999999045,1.209999999999999,0.0,1.209999999999999,9.97549762960804,7.842949540830097,13.01036240848039,5.395107274188352
2025-08-02 16:38:02,332.06,291.2,14.8,17.77,311.63,623.26,40.860000000000014,0.131117029390248,32.57,2.969999999999999,-5.839999999999975,-1.9499999999999889,-3.894999999999982,3.8899999999999855,0.9987160465427364,-10.699999999999932,-0.9799999999999612,-5.839999999999918,0.9400000000000012,0.0,0.9400000000000012,9.568007074976755,3.4798124949496176,12.258376727772712,6.491160720549138
2025-08-02 16:38:03,328.17,331.09,14.8,18.78,329.63,659.26,2.919999999999959,0.0088584169861406,33.58,3.98,-3.8899999999999855,39.88999999999999,18.0,43.77999999999997,2.432222087098771,1.9499999999999889,41.839999999999975,21.894999999999985,0.0,1.0100000000000016,1.0100000000000016,9.81625938605541,7.102776217790352,17.731165218338035,9.11249458161704
2025-08-02 16:38:04,328.17,337.9,14.8,19.96,333.035,666.0699999999999,9.72999999999996,0.0292161483651382,34.760000000000005,5.16,0.0,6.810000000000002,3.4049999999999727,6.810000000000002,1.9999994126286769,3.8899999999999855,-33.079999999999984,-14.595000000000027,0.0,1.1799999999999995,1.1799999999999995,9.580983613895752,9.89488567392311,19.53456756624013,8.778792200525077
2025-08-02 16:38:05,358.35,345.69,15.07,21.17,352.02,704.04,12.660000000000023,0.0359638655872852,36.24,6.100000000000001,30.180000000000007,7.79000000000002,18.985000000000014,22.389999999999983,1.1793520579746068,30.180000000000007,0.9800000000000182,15.58000000000004,0.2699999999999996,1.2100000000000009,0.9400000000000012,9.713575890905744,16.03039246244492,19.20239386118305,10.24025854165803
2025-08-02 16:38:06,373.94,352.51,16.42,22.35,363.225,726.45,21.430000000000007,0.0589992427310916,38.77,5.93,15.589999999999977,6.819999999999993,11.20500000000004,8.769999999999982,0.78268623090707,-14.590000000000032,-0.9700000000000272,-7.779999999999973,1.3500000000000014,1.1799999999999995,0.1700000000000017,9.368712680714143,20.14263966068037,14.641613640579394,9.768435135680642
2025-08-02 16:38:07,384.66,361.27,17.77,23.59,372.965,745.9300000000001,23.390000000000043,0.0627136592905135,41.36,5.82,10.720000000000027,8.759999999999991,9.740000000000007,1.9600000000000364,0.2012320121938421,-4.869999999999948,1.9399999999999975,-1.4650000000000318,1.349999999999998,1.2399999999999984,0.1099999999999994,9.017528795514297,18.768106257692,8.458258094903496,6.404050085687975
2025-08-02 16:38:08,390.5,346.67,19.08,23.73,368.585,737.1700000000001,43.829999999999984,0.1189142257039373,42.81,4.650000000000002,5.839999999999975,-14.599999999999966,-4.379999999999996,20.43999999999994,4.666665601217891,-4.880000000000052,-23.35999999999996,-14.120000000000005,1.3099999999999987,0.1400000000000005,1.1699999999999982,8.609787231726532,15.98671260766327,13.382620072317676,8.77681419992472
2025-08-02 16:38:09,381.73,345.69,20.12,23.73,363.71,727.4200000000001,36.04000000000002,0.0990899340158645,43.85,3.61,-8.769999999999982,-0.9800000000000182,-4.875,7.789999999999964,1.5979483901644254,-14.609999999999957,13.619999999999948,-0.4950000000000045,1.0400000000000027,0.0,1.0400000000000027,8.294412581655358,7.834978781082992,12.385057529135649,10.435621088368444
2025-08-02 16:38:10,379.78,343.75,20.12,23.73,361.765,723.53,36.02999999999997,0.0995950407043382,43.85,3.61,-1.9500000000000453,-1.9399999999999975,-1.94500000000005,0.0100000000000477,0.0051413855314457,6.819999999999936,-0.9599999999999796,2.92999999999995,0.0,0.0,0.0,8.250056824400072,4.638450711177272,9.46394103954582,7.876542229938231
2025-08-02 16:38:11,377.84,382.71,20.12,24.81,380.275,760.55,4.8700000000000045,0.0128065215625362,44.93,4.689999999999998,-1.9399999999999975,38.95999999999998,18.50999999999999,40.89999999999998,2.2096163041806425,0.0100000000000477,40.89999999999998,20.45500000000004,0.0,1.0799999999999983,1.0799999999999983,8.463721155937655,7.454703213409736,15.268425590086215,10.320855705802698
2025-08-02 16:38:12,404.15,391.48,20.36,26.09,397.815,795.63,12.66999999999996,0.0318489749460201,46.45,5.73,26.31,8.770000000000039,17.54000000000002,17.539999999999964,0.9999999429874572,28.25,-30.18999999999994,-0.9699999999999704,0.2399999999999984,1.2800000000000011,1.0400000000000027,8.564370106256833,14.920681117161596,16.890163409511466,11.973932624664306
2025-08-02 16:38:13,422.68,399.28,21.71,27.33,410.98,821.96,23.400000000000038,0.0569370770914958,49.04,5.619999999999997,18.53000000000003,7.799999999999954,13.16500000000002,10.730000000000077,0.8150398165560382,-7.779999999999973,-0.970000000000084,-4.375,1.3500000000000014,1.2399999999999984,0.1100000000000029,8.380505538733575,21.4054792634976,13.915784922166628,11.086820666899976
2025-08-02 16:38:14,433.41,408.05,23.02,28.61,420.73,841.46,25.360000000000014,0.060276186484738,51.63,5.59,10.730000000000018,8.770000000000039,9.75,1.9599999999999795,0.2010256204076266,-7.800000000000011,0.970000000000084,-3.4150000000000205,1.3099999999999987,1.2800000000000011,0.0299999999999975,8.14894425432996,23.687277861755877,12.02924062441183,8.2489146255735
2025-08-02 16:38:15,441.22,394.4,24.33,28.75,417.81,835.62,46.82000000000005,0.1120605057034047,53.08,4.420000000000002,7.810000000000002,-13.650000000000034,-2.920000000000016,21.46000000000004,7.349312551605262,-2.920000000000016,-22.420000000000076,-12.670000000000016,1.3099999999999987,0.1400000000000005,1.1699999999999982,7.871326151632892,16.64990112583355,15.873097681297144,8.645366099824818
2025-08-02 16:38:16,430.49,391.48,25.38,28.75,410.985,821.97,39.00999999999999,0.0949183057899477,54.13,3.370000000000001,-10.730000000000018,-2.919999999999959,-6.824999999999989,7.810000000000059,1.1443221766561018,-18.54000000000002,10.730000000000077,-3.9049999999999727,1.0500000000000007,0.0,1.0500000000000007,7.592554820015615,8.841512455458908,13.490825400990133,10.518050318381263
2025-08-02 16:38:17,426.58,392.45,25.38,28.75,409.515,819.03,34.129999999999995,0.0833424903035481,54.13,3.370000000000001,-3.910000000000025,0.9699999999999704,-1.4700000000000273,4.879999999999996,3.319725632839641,6.819999999999993,3.8899999999999295,5.354999999999961,0.0,0.0,0.0,7.565397975884021,4.953149755462253,9.697310451872728,8.635242469091427
2025-08-02 16:38:18,426.58,430.49,25.38,29.79,428.535,857.0699999999999,3.910000000000025,0.009124108861297,55.17,4.41,0.0,38.04000000000002,19.019999999999985,38.04000000000002,1.9999998948475373,3.910000000000025,37.07000000000005,20.49000000000001,0.0,1.0399999999999991,1.0399999999999991,7.767536563938072,7.72179626123589,16.456370498989138,10.635497402566555
2025-08-02 16:38:19,451.95,438.29,25.61,31.04,445.12,890.24,13.659999999999968,0.0306883536334283,56.65,5.43,25.370000000000005,7.800000000000011,16.585000000000036,17.569999999999993,1.0593909521018392,25.370000000000005,-30.24000000000001,-2.434999999999945,0.2300000000000004,1.25,1.0199999999999996,7.85736967595111,14.75830215505965,18.012030146543736,11.990789486101413
2025-08-02 16:38:20,467.57,445.12,26.93,32.28,456.345,912.69,22.44999999999999,0.0491952359526339,59.21,5.350000000000001,15.620000000000005,6.829999999999984,11.225000000000025,8.79000000000002,0.7830734268976905,-9.75,-0.9700000000000272,-5.360000000000014,1.3200000000000005,1.240000000000002,0.0799999999999983,7.707228378530175,20.651725714817186,14.4177501712299,11.342128658236962
2025-08-02 16:38:21,483.2,451.95,28.24,33.53,467.575,935.15,31.25,0.0668341975793526,61.77,5.290000000000003,15.629999999999995,6.829999999999984,11.22999999999996,8.800000000000011,0.7836152463388064,0.0099999999999909,0.0,0.0049999999999386,1.3099999999999987,1.25,0.0599999999999987,7.569612958238418,22.93731610280605,12.504735103151924,7.915355803752618
2025-08-02 16:38:22,492.97,462.69,29.56,34.78,477.83,955.66,30.28000000000003,0.0633698175849783,64.34,5.220000000000002,9.77000000000004,10.740000000000007,10.255000000000052,0.9699999999999704,0.0945879966272032,-5.859999999999957,3.910000000000025,-0.974999999999909,1.3200000000000005,1.25,0.0700000000000002,7.426639611025185,19.22970599099352,11.584975183400267,3.8959379486845
2025-08-02 16:38:23,509.58,475.39,30.87,36.02,492.485,984.97,34.19,0.0694234340753049,66.89,5.150000000000002,16.609999999999957,12.699999999999989,14.654999999999973,3.909999999999968,0.2668031206548519,6.839999999999918,1.9599999999999795,4.39999999999992,1.3100000000000025,1.240000000000002,0.0700000000000002,7.362610145573178,18.409066855765843,8.324141397165254,2.701356140904054
2025-08-02 16:38:24,497.85,485.15,31.88,37.24,491.5,983.0,12.700000000000044,0.0258392674957492,69.12,5.360000000000003,-11.72999999999996,9.759999999999993,-0.9850000000000136,21.489999999999952,21.817236733769462,-28.33999999999992,-2.9399999999999977,-15.639999999999986,1.009999999999998,1.2199999999999989,0.2100000000000008,7.110821656382789,15.540879399186526,8.693361260180081,5.974883262457943
2025-08-02 16:38:25,491.99,467.57,31.88,37.4,479.78,959.56,24.420000000000016,0.0508983282944301,69.28,5.52,-5.860000000000014,-17.579999999999984,-11.720000000000027,11.71999999999997,0.9999999146757704,5.869999999999948,-27.33999999999997,-10.735000000000014,0.0,0.1599999999999966,0.1599999999999966,6.925230846922188,10.373588699194832,8.525407321647439,10.891920514766907
2025-08-02 16:38:26,492.97,469.53,31.88,37.4,481.25,962.5,23.44000000000005,0.0487064934052853,69.28,5.52,0.9800000000000182,1.9599999999999795,1.4700000000000273,0.9799999999999612,0.6666662131521973,6.840000000000032,19.539999999999964,13.190000000000056,0.0,0.0,0.0,6.946449091419615,6.893225297352768,8.16079530438056,10.283754786069158
2025-08-02 16:38:27,516.42,466.6,32.12,37.4,491.51,983.02,49.819999999999936,0.1013611114700389,69.52,5.280000000000001,23.44999999999993,-2.92999999999995,10.259999999999993,26.37999999999988,2.571149846866477,22.469999999999917,-4.8899999999999295,8.789999999999964,0.2399999999999984,0.0,0.2399999999999984,7.070051681961282,6.232998876950464,13.945891151159858,10.284669051554362
2025-08-02 16:38:28,528.15,499.81,33.43,38.41,513.98,1027.96,28.33999999999997,0.0551383321235488,71.84,4.979999999999997,11.730000000000018,33.20999999999998,22.470000000000027,21.47999999999996,0.9559412124636726,-11.719999999999914,36.13999999999993,12.210000000000036,1.3100000000000025,1.009999999999998,0.3000000000000042,7.154509922682212,13.672210135894948,13.634517959942656,12.82820154971072
2025-08-02 16:38:29,542.82,510.56,34.74,39.63,526.69,1053.38,32.26000000000005,0.0612504508130961,74.37,4.890000000000001,14.670000000000073,10.75,12.710000000000036,3.9200000000000728,0.3084185437908354,2.9400000000000546,-22.45999999999998,-9.759999999999993,1.3100000000000025,1.220000000000006,0.0899999999999963,7.082022225601423,20.80304472907929,10.737247319494845,12.879874611190925
2025-08-02 16:38:30,553.58,518.38,36.02,40.84,535.98,1071.96,35.200000000000045,0.0656740921943467,76.86000000000001,4.82,10.759999999999993,7.819999999999993,9.289999999999964,2.9399999999999977,0.3164692877858688,-3.910000000000082,-2.930000000000007,-3.4200000000000728,1.2800000000000011,1.2100000000000009,0.0700000000000002,6.9734581450239626,23.117795526392207,9.976378100292676,7.557936226245903
2025-08-02 16:38:31,544.78,532.07,37.07,42.05,538.425,1076.85,12.709999999999924,0.0236058874985263,79.12,4.979999999999997,-8.800000000000068,13.690000000000056,2.4449999999999363,22.490000000000123,9.198360246069718,-19.56000000000006,5.870000000000061,-6.845000000000027,1.0499999999999972,1.2099999999999935,0.1599999999999966,6.805169276982188,19.227878068057464,13.349175255423097,7.249113738933924
2025-08-02 16:38:32,538.91,543.8,37.07,43.26,541.355,1082.71,4.889999999999986,0.0090328896767686,80.33,6.189999999999998,-5.8700000000000045,11.729999999999905,2.930000000000064,17.59999999999991,6.006823888455849,2.930000000000064,-1.96000000000015,0.4850000000001273,0.0,1.2100000000000009,1.2100000000000009,6.739138469573778,11.12434908208523,13.195144940469618,8.222031683227712
2025-08-02 16:38:33,538.91,528.15,37.07,43.43,533.53,1067.06,10.759999999999993,0.0201675631732656,80.5,6.359999999999999,0.0,-15.649999999999975,-7.825000000000045,15.649999999999975,1.999999744408964,5.8700000000000045,-27.37999999999988,-10.75500000000011,0.0,0.1700000000000017,0.1700000000000017,6.627701781022338,5.570053186468922,13.644476171696777,7.861317478641885
2025-08-02 16:38:34,560.43,524.24,37.27,43.43,542.335,1084.67,36.18999999999994,0.0667299730485216,80.7,6.159999999999997,21.519999999999985,-3.909999999999968,8.805000000000064,25.42999999999995,2.8881314153172464,21.519999999999985,11.740000000000007,16.63000000000011,0.2000000000000028,0.0,0.2000000000000028,6.720384055509491,3.666130453229185,14.662685633948518,6.904210128609963
2025-08-02 16:38:35,576.09,524.24,38.58,43.43,550.165,1100.33,51.85000000000002,0.0942444537652442,82.00999999999999,4.850000000000001,15.660000000000082,0.0,7.829999999999927,15.660000000000082,1.99999974457222,-5.8599999999999,3.909999999999968,-0.9750000000001364,1.3099999999999952,0.0,1.3099999999999952,6.70851107537482,6.0869898143578,19.93477112986253,6.602795430724802
2025-08-02 16:38:36,588.82,552.61,39.86,44.41,570.715,1141.43,36.21000000000004,0.0634467289917967,84.27,4.549999999999997,12.730000000000018,28.370000000000005,20.550000000000068,15.639999999999986,0.7610705225756405,-2.930000000000064,28.370000000000005,12.72000000000014,1.2800000000000011,0.9799999999999968,0.3000000000000042,6.772457496470186,14.1912437791794,19.58692420978854,10.27650390453878
2025-08-02 16:38:37,600.57,564.35,41.18,45.62,582.46,1164.92,36.22000000000003,0.0621845275861269,86.8,4.439999999999998,11.75,11.740000000000007,11.745000000000005,0.0099999999999909,0.000851426066289,-0.9800000000000182,-16.629999999999995,-8.805000000000064,1.3200000000000005,1.2100000000000009,0.1099999999999994,6.710368586286077,20.262136918402778,14.773507708056348,10.276075004592022
2025-08-02 16:38:38,608.41,575.11,42.46,46.8,591.76,1183.52,33.299999999999955,0.0562728132075962,89.25999999999999,4.339999999999996,7.839999999999918,10.759999999999993,9.299999999999956,2.9200000000000728,0.3139784608625405,-3.910000000000082,-0.9800000000000182,-2.44500000000005,1.2800000000000011,1.1799999999999995,0.1000000000000014,6.629621256670164,20.95509502484072,7.42829926699243,5.182370837753747
2025-08-02 16:38:39,601.55,585.88,43.47,48.01,593.7149999999999,1187.4299999999998,15.66999999999996,0.0263931347087522,91.48,4.539999999999999,-6.860000000000014,10.769999999999982,1.9549999999999272,17.629999999999995,9.017898200563916,-14.699999999999932,0.0099999999999909,-7.345000000000027,1.009999999999998,1.2100000000000009,0.2000000000000028,6.490107056295288,17.91485438121413,12.87246479894199,6.780257554105214
2025-08-02 16:38:40,596.65,592.74,43.47,49.19,594.6949999999999,1189.39,3.909999999999968,0.0065747988354117,92.66,5.719999999999999,-4.899999999999977,6.860000000000014,0.9800000000000182,11.759999999999993,11.999987755114304,1.9600000000000364,-3.909999999999968,-0.974999999999909,0.0,1.1799999999999995,1.1799999999999995,6.418033602222819,10.151685451200114,14.596748610563951,7.983354088351626
2025-08-02 16:38:41,595.67,604.49,43.47,50.34,600.0799999999999,1200.16,8.82000000000005,0.0146980402368051,93.81,6.8700000000000045,-0.9800000000000182,11.75,5.384999999999991,12.730000000000018,2.3639735628647123,3.919999999999959,4.889999999999986,4.404999999999973,0.0,1.1500000000000057,1.1500000000000057,6.396759339124193,6.424387714024607,14.506399622235696,4.63020058960733
2025-08-02 16:38:42,620.16,590.78,43.67,50.64,605.47,1210.94,29.379999999999995,0.048524286837458,94.31,6.969999999999999,24.49000000000001,-13.710000000000036,5.3900000000001,38.200000000000045,7.087197200890934,25.470000000000027,-25.46000000000004,0.0050000000001091,0.2000000000000028,0.2999999999999971,0.0999999999999943,6.419997811260759,5.583132409330169,12.76313558652417,3.2950997708718965
2025-08-02 16:38:43,629.96,588.82,44.95,50.64,609.3900000000001,1218.7800000000002,41.13999999999999,0.0675101329731204,95.59,5.689999999999998,9.800000000000068,-1.9599999999999227,3.9200000000000728,11.759999999999993,2.9999992346940147,-14.68999999999994,11.750000000000114,-1.4700000000000273,1.2800000000000011,0.0,1.2800000000000011,6.375039163353499,6.773092905026102,15.307515474432808,2.002234376890019
2025-08-02 16:38:44,642.71,585.88,46.23,50.64,614.2950000000001,1228.59,56.83000000000004,0.0925125548921731,96.87,4.410000000000004,12.75,-2.9400000000000546,4.904999999999973,15.690000000000056,3.19877610626382,2.949999999999932,-0.980000000000132,0.9849999999999,1.279999999999994,0.0,1.279999999999994,6.3414369119290095,7.682129750278665,22.10165220068401,1.8526244897442228
2025-08-02 16:38:45,629.96,586.86,47.27,50.64,608.4100000000001,1216.8200000000002,43.10000000000002,0.0708403871224332,97.91,3.369999999999997,-12.75,0.9800000000000182,-5.884999999999991,13.730000000000018,2.333049731002601,-25.5,3.9200000000000728,-10.789999999999964,1.0400000000000065,0.0,1.0400000000000065,6.213971951649762,5.2379700266532,17.98046662353343,4.860265682038392
2025-08-02 16:38:46,624.08,615.26,47.27,51.52,619.6700000000001,1239.34,8.82000000000005,0.0142333822611497,98.79,4.25,-5.879999999999996,28.399999999999977,11.259999999999993,34.27999999999997,3.0444047029835968,6.8700000000000045,27.41999999999996,17.144999999999982,0.0,0.8800000000000026,0.8800000000000026,6.272598377643504,5.588111935181534,17.98046662353343,6.187582928737199
2025-08-02 16:38:47,625.06,628.98,47.27,52.7,627.02,1254.04,3.9200000000000728,0.0062517941911713,99.97,5.43,0.9799999999999044,13.720000000000027,7.349999999999909,12.740000000000125,1.733333097505739,6.8599999999999,-14.67999999999995,-3.910000000000082,0.0,1.1799999999999995,1.1799999999999995,6.272081561747709,7.726921767438809,23.137707751633457,6.363730234697241
2025-08-02 16:38:48,653.49,637.8,47.48,53.84,645.645,1291.29,15.690000000000056,0.0243012800775949,101.32,6.360000000000007,28.430000000000064,8.819999999999936,18.625,19.610000000000127,1.0528858495094913,27.45000000000016,-4.900000000000091,11.275000000000093,0.2099999999999937,1.1400000000000006,0.9300000000000068,6.37233511278785,14.393489239934947,23.08319670236337,8.993163653575976
2025-08-02 16:38:49,662.32,641.73,48.72,54.99,652.0250000000001,1304.0500000000002,20.590000000000032,0.0315785437190621,103.71,6.270000000000003,8.830000000000041,3.930000000000064,6.380000000000109,4.899999999999977,0.7680249579898017,-19.600000000000023,-4.889999999999873,-12.24499999999989,1.240000000000002,1.1499999999999986,0.0900000000000034,6.287002157101512,18.097302768648373,15.196003750986618,8.920871173826013
2025-08-02 16:38:50,677.03,627.02,50.0,55.22,652.025,1304.05,50.00999999999999,0.0766995129378482,105.22,5.219999999999999,14.709999999999924,-14.710000000000036,-1.1368683772161605e-13,29.41999999999996,29419996.65533357,5.879999999999882,-18.6400000000001,-6.380000000000223,1.2800000000000011,0.2299999999999968,1.0500000000000045,6.196778120159873,15.002024280080748,18.047817873637765,6.854769872140162
2025-08-02 16:38:51,686.85,628.0,51.28,55.22,657.425,1314.85,58.85000000000002,0.0895159142266937,106.5,3.9399999999999977,9.82000000000005,0.9800000000000182,5.399999999999977,8.840000000000032,1.637036733882099,-4.889999999999873,15.690000000000056,5.400000000000091,1.2800000000000011,0.0,1.2800000000000011,6.173004636873196,11.832903067300762,23.484231305282247,6.813397096896704
2025-08-02 16:38:52,670.17,626.04,52.29,55.22,648.105,1296.21,44.13,0.0680908185122922,107.51,2.93,-16.680000000000064,-1.9600000000000364,-9.319999999999936,14.720000000000027,1.579398972167506,-26.500000000000117,-2.9400000000000546,-14.719999999999914,1.009999999999998,0.0,1.009999999999998,6.0283228906304265,4.4841052619376445,18.823370580212227,10.182116430290902
2025-08-02 16:38:53,671.15,652.51,52.29,56.06,661.8299999999999,1323.66,18.639999999999983,0.0281643321877758,108.35,3.770000000000003,0.9800000000000182,26.470000000000027,13.724999999999907,25.49000000000001,1.8571947645031268,17.660000000000082,28.430000000000064,23.044999999999845,0.0,0.8400000000000034,0.8400000000000034,6.108260211275863,5.366427582679004,17.98243253845263,8.55440792808009
2025-08-02 16:38:54,669.18,667.22,52.29,57.21,668.2,1336.4,1.9599999999999227,0.0029332535125212,109.5,4.920000000000002,-1.9700000000000275,14.710000000000036,6.370000000000118,16.680000000000064,2.618523921738749,-2.950000000000045,-11.759999999999993,-7.354999999999791,0.0,1.1499999999999986,1.1499999999999986,6.102283049294219,7.929135041108838,23.64515320314084,8.553490515573131
2025-08-02 16:38:55,692.73,678.01,52.49,58.35,685.37,1370.74,14.720000000000027,0.0214774501050856,110.84,5.859999999999999,23.550000000000068,10.789999999999964,17.16999999999996,12.760000000000105,0.7431566253257722,25.520000000000092,-3.9200000000000728,10.79999999999984,0.2000000000000028,1.1400000000000006,0.9399999999999976,6.183417483007782,13.91702617300633,23.202214333981164,10.215258440196166
2025-08-02 16:38:56,710.4,687.83,53.74,59.5,699.115,1398.23,22.569999999999936,0.0322836728831683,113.24,5.759999999999998,17.66999999999996,9.82000000000005,13.745000000000005,7.849999999999909,0.5711167281835706,-5.880000000000109,-0.9699999999999136,-3.4249999999999545,1.25,1.1499999999999986,0.1000000000000014,6.173745971620046,20.009042768212232,15.35590537871344,10.629412377925648
2025-08-02 16:38:57,723.17,689.79,55.02,60.61,706.48,1412.96,33.379999999999995,0.0472483296806019,115.63,5.589999999999996,12.769999999999982,1.9599999999999227,7.365000000000009,10.81000000000006,1.467752685980633,-4.899999999999977,-7.860000000000127,-6.379999999999996,1.2800000000000011,1.1099999999999994,0.1700000000000017,6.109833035459371,19.21354613287589,11.462507579059665,4.620647952397968
2025-08-02 16:38:58,728.08,679.98,56.27,60.85,704.03,1408.06,48.10000000000002,0.0683209521351065,117.12,4.579999999999998,4.910000000000082,-9.809999999999944,-2.450000000000045,14.720000000000027,6.008160812995486,-7.8599999999999,-11.769999999999868,-9.815000000000056,1.25,0.240000000000002,1.009999999999998,6.011185057964608,15.916735060939889,17.625356166614075,7.556264784931774
2025-08-02 16:38:59,720.22,673.11,57.28,60.85,696.665,1393.33,47.110000000000014,0.0676221712478419,118.13,3.5700000000000003,-7.860000000000014,-6.8700000000000045,-7.365000000000009,0.9900000000000092,0.1344195336837032,-12.770000000000095,2.939999999999941,-4.914999999999964,1.009999999999998,0.0,1.009999999999998,5.897443444531927,8.219831658869705,14.748177175502065,10.442361203291147
2025-08-02 16:39:00,715.31,676.05,57.28,60.85,695.68,1391.36,39.25999999999999,0.0564339925591737,118.13,3.5700000000000003,-4.910000000000082,2.939999999999941,-0.9850000000000136,7.850000000000023,7.9695350563095,2.949999999999932,9.809999999999944,6.379999999999996,0.0,0.0,0.0,5.889105173206593,4.691027872455883,10.559163319127157,8.413159038078401
2025-08-02 16:39:01,713.35,706.48,57.28,61.69,709.915,1419.83,6.8700000000000045,0.0096772148642059,118.97,4.409999999999997,-1.9599999999999227,30.430000000000064,14.235000000000014,32.389999999999986,2.2753774306022145,2.950000000000159,27.490000000000123,15.220000000000027,0.0,0.8399999999999963,0.8399999999999963,5.967176548985655,6.198963018131276,16.810081201469547,8.584381165815062
2025-08-02 16:39:02,735.94,719.24,57.45,62.8,727.59,1455.18,16.700000000000045,0.0229524869460101,120.25,5.349999999999994,22.590000000000032,12.759999999999993,17.675000000000068,9.83000000000004,0.5561527266674555,24.549999999999955,-17.670000000000073,3.4400000000000546,0.1700000000000017,1.1099999999999994,0.9399999999999976,6.050644440327281,12.999711246799388,18.742120210904623,11.035515166950788
2025-08-02 16:39:03,753.63,728.08,58.69,63.91,740.855,1481.71,25.549999999999955,0.03448718030588,122.6,5.219999999999999,17.68999999999994,8.840000000000032,13.264999999999986,8.849999999999909,0.6671691920716718,-4.900000000000091,-3.919999999999959,-4.410000000000082,1.2399999999999949,1.1099999999999994,0.1299999999999954,6.042862919715637,19.739500816894225,16.340754878523807,10.897229005577543
2025-08-02 16:39:04,764.44,735.94,59.94,65.02,750.19,1500.38,28.5,0.0379903757208302,124.96,5.079999999999998,10.81000000000006,7.860000000000014,9.335000000000036,2.950000000000045,0.3160149634692095,-6.879999999999882,-0.9800000000000182,-3.92999999999995,1.25,1.1099999999999994,0.1400000000000005,6.003441053109468,22.247057502064745,12.250511417895966,7.1785862117829575
2025-08-02 16:39:05,770.34,720.22,61.22,65.26,745.28,1490.56,50.120000000000005,0.0672498925675586,126.48,4.040000000000006,5.899999999999977,-15.720000000000027,-4.910000000000082,21.620000000000005,4.403257759010567,-4.910000000000082,-23.58000000000004,-14.245000000000118,1.2800000000000011,0.2400000000000091,1.039999999999992,5.892473071691389,16.23720319205805,16.121819686375343,8.80652315048345
2025-08-02 16:39:06,763.46,720.22,62.19,65.26,741.84,1483.68,43.24000000000001,0.058287501269428,127.45,3.0700000000000074,-6.879999999999996,0.0,-3.439999999999941,6.879999999999996,1.999999418604853,-12.779999999999973,15.720000000000027,1.470000000000141,0.9699999999999988,0.0,0.9699999999999988,5.820635497680381,8.414499688049428,13.594448131498376,10.094660098289625
2025-08-02 16:39:07,756.58,719.24,62.19,65.26,737.9100000000001,1475.8200000000002,37.34000000000003,0.0506023769150677,127.45,3.0700000000000074,-6.879999999999996,-0.9800000000000182,-3.92999999999995,5.899999999999977,1.501271882628033,0.0,-0.9800000000000182,-0.4900000000000091,0.0,0.0,0.0,5.789799876109849,4.70420290805842,10.179975442013603,8.561375035588624
2025-08-02 16:39:08,751.66,744.78,62.19,66.03,748.22,1496.44,6.879999999999996,0.0091951564924819,128.22,3.8400000000000034,-4.920000000000073,25.539999999999964,10.309999999999944,30.46000000000004,2.954412904518651,1.9599999999999227,26.519999999999985,14.239999999999895,0.0,0.769999999999996,0.769999999999996,5.835439043554524,4.928231934496038,16.726167522776997,7.648141604337616
2025-08-02 16:39:09,782.14,758.54,62.4,67.15,770.3399999999999,1540.6799999999998,23.600000000000023,0.0306358231032585,129.55,4.750000000000007,30.480000000000015,13.759999999999993,22.11999999999989,16.720000000000027,0.7558770001863974,35.40000000000009,-11.779999999999973,11.809999999999944,0.2100000000000008,1.1200000000000043,0.9100000000000036,5.946275523378806,12.68560680457144,17.20816317914262,11.892987429573736
2025-08-02 16:39:10,793.94,765.42,63.64,68.22,779.6800000000001,1559.36,28.520000000000092,0.036579109331291,131.86,4.579999999999998,11.800000000000068,6.879999999999996,9.340000000000146,4.920000000000073,0.5267665388900918,-18.67999999999995,-6.879999999999996,-12.779999999999744,1.240000000000002,1.0699999999999932,0.1700000000000088,5.912937919665267,18.39736448517005,14.010199142053615,10.879253191281045
2025-08-02 16:39:11,812.64,777.22,64.89,69.3,794.9300000000001,1589.86,35.41999999999996,0.0445573823549778,134.19,4.409999999999997,18.69999999999993,11.800000000000068,15.25,6.899999999999864,0.4524589867239919,6.899999999999864,4.920000000000073,5.909999999999855,1.25,1.0799999999999983,0.1700000000000017,5.923913809345602,23.17253827270999,12.190132074756196,9.58023851477608
2025-08-02 16:39:12,812.64,780.17,65.83,70.41,796.405,1592.81,32.47000000000003,0.0407707133421177,136.24,4.579999999999998,0.0,2.949999999999932,1.474999999999909,2.949999999999932,1.999998644068793,-18.69999999999993,-8.850000000000136,-13.775000000000093,0.9399999999999976,1.1099999999999994,0.1700000000000017,5.845603304127985,19.83481282997708,11.251085280985109,7.635954753663738
2025-08-02 16:39:13,820.51,788.04,66.54,71.42,804.275,1608.55,32.47000000000003,0.0403717633391915,137.96,4.879999999999996,7.870000000000003,7.870000000000003,7.870000000000003,0.0,0.0,7.870000000000003,4.920000000000073,6.395000000000096,0.710000000000008,1.0100000000000051,0.2999999999999971,5.82976945614838,13.768652530303642,4.568876229446304,7.822602188530347
2025-08-02 16:39:14,815.59,791.98,67.11,72.03,803.7850000000001,1607.5700000000002,23.610000000000014,0.0293735264661899,139.14,4.920000000000002,-4.919999999999959,3.940000000000055,-0.4899999999998954,8.860000000000014,18.08159575184929,-12.789999999999964,-3.92999999999995,-8.3599999999999,0.5699999999999932,0.6099999999999994,0.0400000000000062,5.776807490464228,9.95693288619764,4.565103503755365,6.333188770279955
2025-08-02 16:39:15,812.64,796.89,67.11,72.6,804.765,1609.53,15.75,0.0195709306200307,139.70999999999998,5.489999999999995,-2.950000000000045,4.909999999999968,0.9799999999999044,7.860000000000014,8.02039997918449,1.9699999999999136,0.9699999999999136,1.4699999999998,0.0,0.5699999999999932,0.5699999999999932,5.760253340775512,4.755914212877487,8.129223825187719,6.557897528934113
2025-08-02 16:39:16,804.77,799.85,67.11,73.18,802.31,1604.62,4.919999999999959,0.0061322929963077,140.29000000000002,6.070000000000007,-7.870000000000003,2.9600000000000364,-2.455000000000041,10.83000000000004,4.411403498409923,-4.919999999999959,-1.949999999999932,-3.434999999999945,0.0,0.5800000000000125,0.5800000000000125,5.718939299173573,3.425378811204971,11.752671185734773,3.88738890516502
2025-08-02 16:39:17,825.43,808.7,67.21,73.75,817.065,1634.13,16.729999999999905,0.0204757271202709,140.95999999999998,6.540000000000006,20.659999999999968,8.850000000000023,14.75500000000011,11.809999999999944,0.800406587569859,28.529999999999973,5.889999999999986,17.21000000000015,0.0999999999999943,0.5699999999999932,0.4699999999999988,5.79643157068366,6.010187185126381,10.200400972510849,7.097663876234258
2025-08-02 16:39:18,835.28,815.59,67.92,74.29,825.435,1650.87,19.68999999999994,0.0238540890271745,142.21,6.3700000000000045,9.850000000000025,6.889999999999986,8.36999999999989,2.9600000000000364,0.3536439242958364,-10.809999999999944,-1.9600000000000364,-6.385000000000218,0.710000000000008,0.5400000000000063,0.1700000000000017,5.804338613287823,10.137345313259406,6.978395230996868,7.16668211238649
2025-08-02 16:39:19,843.16,802.8,68.63,74.46,822.98,1645.96,40.360000000000014,0.0490412889146257,143.08999999999995,5.829999999999998,7.8799999999999955,-12.790000000000076,-2.4549999999999272,20.670000000000076,8.419548505275836,-1.9700000000000275,-19.680000000000064,-10.824999999999818,0.7099999999999937,0.1699999999999875,0.5400000000000063,5.751485039125831,10.505112683844397,12.937223426995464,7.534782179997008
2025-08-02 16:39:20,849.07,800.83,69.37,74.46,824.95,1649.9,48.24000000000001,0.0584762712182844,143.82999999999998,5.089999999999989,5.910000000000082,-1.9699999999999136,1.9700000000000275,7.8799999999999955,3.999997969544121,-1.9699999999999136,10.820000000000164,4.4249999999999545,0.7400000000000091,0.0,0.7400000000000091,5.735590587946948,9.668646880524404,17.825135904110265,7.453439306789872
2025-08-02 16:39:21,854.98,795.91,70.08,74.46,825.4449999999999,1650.89,59.07000000000005,0.0715614001277355,144.54,4.379999999999996,5.909999999999968,-4.920000000000073,0.4949999999998908,10.83000000000004,21.87874367931061,-1.1368683772161605e-13,-2.950000000000159,-1.4750000000001364,0.7099999999999937,0.0,0.7099999999999937,5.710841250097957,3.5630482034741453,18.26920551091376,6.907862006438776
2025-08-02 16:39:22,861.87,816.58,70.78,74.76,839.225,1678.45,45.28999999999997,0.0539664570836587,145.54000000000002,3.980000000000004,6.889999999999986,20.670000000000076,13.780000000000086,13.780000000000086,0.9999999274310648,0.9800000000000182,25.590000000000146,13.285000000000196,0.7000000000000028,0.3000000000000113,0.3999999999999915,5.766284143422535,6.573403418343316,14.492824086422932,6.555248469737833
2025-08-02 16:39:23,861.87,825.43,71.49,75.3,843.65,1687.3,36.440000000000055,0.0431932672990064,146.79,3.8100000000000014,0.0,8.849999999999909,4.4249999999999545,8.849999999999909,1.9999995480227009,-6.889999999999986,-11.820000000000164,-9.355000000000132,0.7099999999999937,0.539999999999992,0.1700000000000017,5.74732607297959,9.475515157514792,8.652713447237213,6.190006663970599
2025-08-02 16:39:24,862.86,829.37,72.23,75.87,846.115,1692.23,33.49000000000001,0.0395809079858164,148.10000000000002,3.640000000000001,0.9900000000000092,3.940000000000055,2.465000000000032,2.950000000000045,1.1967540783959143,0.9900000000000092,-4.909999999999855,-1.9599999999999227,0.7400000000000091,0.5700000000000074,0.1700000000000017,5.713132979654739,10.058220891405147,10.162186280520531,5.306258804468609
2025-08-02 16:39:25,875.67,831.34,72.94,76.41,853.505,1707.01,44.32999999999993,0.0519387700693741,149.35,3.469999999999999,12.809999999999944,1.9700000000000275,7.389999999999986,10.839999999999918,1.466846892172266,11.819999999999936,-1.9700000000000275,4.9249999999999545,0.7099999999999937,0.539999999999992,0.1700000000000017,5.71479741737665,10.40361331462805,9.951265246188532,5.179883444634703
2025-08-02 16:39:26,881.58,844.14,73.65,76.95,862.86,1725.72,37.440000000000055,0.0433905847491012,150.60000000000002,3.299999999999997,5.910000000000082,12.799999999999956,9.355000000000018,6.889999999999873,0.736504464296675,-6.899999999999864,10.829999999999927,1.965000000000032,0.710000000000008,0.5400000000000063,0.1700000000000017,5.729482033668777,9.285280959686377,5.160626899902683,4.40729310348204
2025-08-02 16:39:27,887.5,849.07,74.35,77.49,868.2850000000001,1736.5700000000002,38.42999999999995,0.044259661235355,151.83999999999995,3.140000000000001,5.919999999999959,4.930000000000064,5.425000000000068,0.9899999999998954,0.182488445624228,0.0099999999998772,-7.869999999999891,-3.92999999999995,0.6999999999999886,0.539999999999992,0.1599999999999966,5.718420668345493,10.58540421997768,3.979249929320764,2.660774323387848
2025-08-02 16:39:28,886.51,853.01,75.06,78.03,869.76,1739.52,33.5,0.0385163722883135,153.09,2.969999999999999,-0.9900000000000092,3.939999999999941,1.474999999999909,4.92999999999995,3.342370615342128,-6.909999999999968,-0.9900000000001228,-3.950000000000159,0.710000000000008,0.5400000000000063,0.1700000000000017,5.681363866474859,10.087139708575789,4.460332947213619,3.29636845634711
2025-08-02 16:39:29,894.4,857.93,75.77,78.56,876.165,1752.33,36.47000000000003,0.0416245797976128,154.32999999999998,2.7900000000000063,7.889999999999986,4.919999999999959,6.404999999999973,2.9700000000000277,0.4637001617954532,8.879999999999995,0.9800000000000182,4.930000000000064,0.7099999999999937,0.5300000000000011,0.1799999999999926,5.67721761370299,8.494182568106984,3.973427991042413,2.922238012209183
2025-08-02 16:39:30,889.47,859.9,76.38,79.1,874.685,1749.37,29.57000000000005,0.0338064559998097,155.48,2.719999999999999,-4.92999999999995,1.9700000000000275,-1.4800000000000182,6.899999999999977,4.662159012054649,-12.819999999999936,-2.949999999999932,-7.884999999999991,0.6099999999999994,0.539999999999992,0.0700000000000073,5.625707450310603,5.322566815018578,3.5909845446617394,4.260816236356633
2025-08-02 16:39:31,881.58,868.77,76.38,79.64,875.175,1750.35,12.81000000000006,0.0146370725687582,156.01999999999998,3.260000000000005,-7.889999999999986,8.870000000000005,0.4900000000000091,16.75999999999999,34.20401182854664,-2.9600000000000364,6.899999999999977,1.9700000000000275,0.0,0.5400000000000063,0.5400000000000063,5.609376966995405,3.540583285327411,10.255914391218315,3.3439845244857507
2025-08-02 16:39:32,882.57,877.64,76.38,80.18,880.105,1760.21,4.930000000000064,0.0056016043476613,156.56,3.8000000000000114,0.9900000000000092,8.870000000000005,4.930000000000064,7.8799999999999955,1.598376957732847,8.879999999999995,0.0,4.440000000000055,0.0,0.5400000000000063,0.5400000000000063,5.621518870583043,3.7029474746940343,13.821876862423531,3.240083718054237
2025-08-02 16:39:33,898.34,880.6,76.44,80.72,889.47,1778.94,17.74000000000001,0.0199444612859967,157.16,4.280000000000001,15.769999999999982,2.9600000000000364,9.365000000000007,12.809999999999944,1.3678589035922082,14.779999999999973,-5.909999999999968,4.434999999999945,0.0600000000000022,0.539999999999992,0.4799999999999897,5.659646184400318,6.1655697222841805,12.71113999608215,4.409246817768328
2025-08-02 16:39:34,909.19,882.57,77.12,81.23,895.8800000000001,1791.7600000000002,26.620000000000005,0.0297138009223179,158.35000000000002,4.109999999999999,10.850000000000025,1.9700000000000275,6.410000000000082,8.879999999999995,1.3853351972955823,-4.919999999999959,-0.9900000000000092,-2.9549999999999272,0.6800000000000068,0.5100000000000051,0.1700000000000017,5.657593901751854,9.30707163936932,10.067771848825306,4.409945577895522
2025-08-02 16:39:35,916.1,889.47,77.82,81.76,902.785,1805.57,26.629999999999995,0.0294976101402907,159.57999999999998,3.940000000000012,6.909999999999968,6.899999999999977,6.904999999999973,0.0099999999999909,0.0014482257135069,-3.940000000000055,4.92999999999995,0.4949999999998908,0.6999999999999886,0.5300000000000011,0.1699999999999875,5.657256512988743,11.262001709303698,9.304398422251651,3.2822762680798307
2025-08-02 16:39:36,923.99,894.4,78.5,82.27,909.195,1818.39,29.590000000000032,0.032545273530381,160.76999999999998,3.769999999999996,7.889999999999986,4.92999999999995,6.409999999999855,2.9600000000000364,0.4617783990985498,0.9800000000000182,-1.9700000000000275,-0.4950000000001182,0.6800000000000068,0.5099999999999909,0.1700000000000159,5.655252810504119,11.337269622813317,10.073354456187827,1.6117746430565407
2025-08-02 16:39:37,929.91,894.4,79.17,82.81,912.155,1824.31,35.50999999999999,0.0389297871097239,161.98000000000002,3.640000000000001,5.919999999999959,0.0,2.9600000000000364,5.919999999999959,1.999999324324514,-1.9700000000000275,-4.92999999999995,-3.449999999999818,0.6700000000000017,0.5400000000000063,0.1299999999999954,5.631281604943315,9.35294779737232,6.421048979722826,2.284707311670364
2025-08-02 16:39:38,934.84,903.28,79.88,83.31,919.06,1838.12,31.56000000000006,0.0343394337319224,163.19,3.430000000000007,4.930000000000064,8.879999999999995,6.904999999999973,3.949999999999932,0.5720491568357409,-0.9899999999998954,8.879999999999995,3.944999999999936,0.7099999999999937,0.5,0.2099999999999937,5.631840151774985,8.873206156760784,3.733010849167144,1.6719920753400657
2025-08-02 16:39:39,942.74,904.26,80.55,83.82,923.5,1847.0,38.48000000000002,0.0416675689857416,164.37,3.269999999999996,7.899999999999977,0.9800000000000182,4.440000000000055,6.919999999999959,1.5585582075319069,2.9699999999999136,-7.899999999999977,-2.464999999999918,0.6700000000000017,0.5099999999999909,0.1600000000000108,5.618421818954665,8.153791602707534,4.704320354737714,1.7570194933465872
2025-08-02 16:39:40,947.68,907.22,81.23,84.36,927.45,1854.9,40.45999999999992,0.0436249932140545,165.59,3.1299999999999955,4.939999999999941,2.9600000000000364,3.9500000000000455,1.9799999999999045,0.5012656958820724,-2.9600000000000364,1.9800000000000184,-0.4900000000000091,0.6800000000000068,0.5400000000000063,0.1400000000000005,5.600881661930783,7.615744054285799,4.561025104074654,1.671255516071636
2025-08-02 16:39:41,947.68,915.11,81.76,84.86,931.395,1862.79,32.569999999999936,0.0349690517611012,166.62,3.0999999999999943,0.0,7.889999999999986,3.944999999999936,7.889999999999986,1.999999493029308,-4.939999999999941,4.92999999999995,-0.0050000000001091,0.5300000000000011,0.5,0.0300000000000011,5.5899351483019135,7.470800325292683,3.786730779973591,1.4791678403751285
2025-08-02 16:39:42,948.66,922.02,82.17,85.37,935.34,1870.68,26.639999999999983,0.0284816216258455,167.54000000000002,3.200000000000003,0.9800000000000182,6.909999999999968,3.944999999999936,5.92999999999995,1.5031681867761366,0.9800000000000182,-0.9800000000000182,0.0,0.4099999999999966,0.5100000000000051,0.1000000000000085,5.582786166988264,6.398412303094926,5.566715369048376,1.2857225594972148
2025-08-02 16:39:43,955.57,924.98,82.61,85.87,940.275,1880.55,30.590000000000032,0.0325330355135114,168.48000000000002,3.260000000000005,6.910000000000082,2.9600000000000364,4.935000000000173,3.9500000000000455,0.8004051063008715,5.930000000000064,-3.949999999999932,0.9900000000002364,0.4399999999999977,0.5,0.0600000000000022,5.580929454054313,6.559676630779876,5.6861032350810685,0.4419077958128303
2025-08-02 16:39:44,952.61,925.96,83.01,86.38,939.285,1878.57,26.649999999999977,0.0283726451200938,169.39,3.3699999999999903,-2.9600000000000364,0.9800000000000182,-0.9900000000000092,3.940000000000055,3.9797939598041,-9.870000000000118,-1.9800000000000184,-5.925000000000182,0.4000000000000057,0.5099999999999909,0.1099999999999852,5.545102983971292,5.384839134124787,5.686103235081056,2.357415427963476
2025-08-02 16:39:45,958.54,927.94,83.45,86.65,943.24,1886.48,30.59999999999991,0.0324413722568577,170.10000000000002,3.200000000000003,5.92999999999995,1.9800000000000184,3.9549999999999272,3.949999999999932,0.9987355249720554,8.889999999999986,1.0,4.944999999999936,0.4399999999999977,0.2700000000000102,0.1699999999999875,5.545208668164557,4.608221728650157,2.6497452707759432,2.3578369324446866
2025-08-02 16:39:46,964.46,929.91,83.85,86.88,947.185,1894.37,34.55000000000007,0.036476506662926,170.73,3.030000000000001,5.920000000000073,1.9699999999999136,3.944999999999936,3.950000000000159,1.0012671733163625,-0.0099999999998772,-0.0100000000001045,-0.0099999999999909,0.3999999999999915,0.2299999999999897,0.1700000000000017,5.54785330318132,4.43714857767967,3.306603998062024,2.3578369324446866
2025-08-02 16:39:47,966.44,925.96,84.29,87.15,946.2,1892.4,40.48000000000002,0.0427816528822853,171.44,2.8599999999999994,1.9800000000000184,-3.949999999999932,-0.9849999999999,5.92999999999995,6.020298456550351,-3.940000000000055,-5.919999999999845,-4.929999999999836,0.4400000000000119,0.2700000000000102,0.1700000000000017,5.519132025670019,3.491340358716893,5.228195673461336,2.9121160691153865
2025-08-02 16:39:48,966.44,933.86,84.69,87.39,950.15,1900.3,32.58000000000004,0.0342893227024266,172.07999999999998,2.700000000000003,0.0,7.899999999999977,3.9500000000000455,7.899999999999977,1.9999994936709853,-1.9800000000000184,11.849999999999907,4.934999999999945,0.3999999999999915,0.2399999999999948,0.1599999999999966,5.521559707568808,4.131308206900912,5.113899686149492,2.7043830165122418
2025-08-02 16:39:49,960.51,938.79,84.86,87.63,949.65,1899.3,21.720000000000027,0.0228715842438039,172.49,2.769999999999996,-5.930000000000064,4.92999999999995,-0.5000000000001137,10.860000000000014,21.719956560081968,-5.930000000000064,-2.9700000000000277,-4.450000000000159,0.1700000000000017,0.2399999999999948,0.0699999999999931,5.505536520925639,2.799584790716003,6.826176089143883,2.5759042101755227
2025-08-02 16:39:50,955.57,942.74,84.86,87.89,949.155,1898.31,12.83000000000004,0.0135172864142134,172.75,3.030000000000001,-4.939999999999941,3.9500000000000455,-0.4950000000000045,8.889999999999986,17.959559677657026,0.9900000000001228,-0.9799999999999044,0.0050000000001091,0.0,0.2600000000000051,0.2600000000000051,5.494384917543358,1.694707201970058,11.048342409610571,2.531468447364107
2025-08-02 16:39:51,956.56,939.78,84.86,88.13,948.17,1896.34,16.779999999999973,0.0176972483650639,172.99,3.269999999999996,0.9899999999998954,-2.9600000000000364,-0.9850000000000136,3.949999999999932,4.010148213047375,5.929999999999836,-6.910000000000082,-0.4900000000000091,0.0,0.2399999999999948,0.2399999999999948,5.481068238157881,1.5601922959716468,11.439493869922728,2.1121038090018565
2025-08-02 16:39:52,954.59,943.73,84.86,88.37,949.16,1898.32,10.860000000000014,0.0114416958031926,173.23000000000002,3.510000000000005,-1.9699999999999136,3.9500000000000455,0.9900000000001228,5.919999999999959,5.979791939603318,-2.959999999999809,6.910000000000082,1.9750000000001364,0.0,0.2400000000000091,0.2400000000000091,5.479189485197774,0.7337029374411239,8.675556466302305,2.018386112714872
2025-08-02 16:39:53,954.59,948.66,84.86,88.64,951.625,1903.25,5.930000000000064,0.0062314462038813,173.5,3.780000000000001,0.0,4.92999999999995,2.464999999999918,4.92999999999995,1.9999991886413488,1.9699999999999136,0.9799999999999044,1.4749999999997954,0.0,0.269999999999996,0.269999999999996,5.484870285389797,1.2775102740917332,5.978572572111117,1.421834202711443
2025-08-02 16:39:54,953.6,950.64,84.86,88.91,952.12,1904.24,2.9600000000000364,0.003108851822135,173.76999999999998,4.049999999999997,-0.9900000000000092,1.9800000000000184,0.4950000000000045,2.9700000000000277,5.999987878812366,-0.9900000000000092,-2.949999999999932,-1.9699999999999136,0.0,0.269999999999996,0.269999999999996,5.479196607704457,1.7243092821214907,5.4945764167949545,1.3505943136264262
2025-08-02 16:39:55,956.56,950.64,84.86,89.14,953.6,1907.2,5.919999999999959,0.006208053684765,174.0,4.280000000000001,2.9599999999999227,0.0,1.4799999999999045,2.9599999999999227,1.9999986486496384,3.949999999999932,-1.9800000000000184,0.9849999999999,0.0,0.2300000000000039,0.2300000000000039,5.480459738618047,2.22364565531715,5.433240285501768,1.2757713353105251
2025-08-02 16:39:56,963.47,950.64,85.0,89.41,957.055,1914.11,12.83000000000004,0.0134057081218888,174.41,4.409999999999997,6.910000000000082,0.0,3.4550000000001546,6.910000000000082,1.9999994211289005,3.950000000000159,0.0,1.97500000000025,0.1400000000000005,0.269999999999996,0.1299999999999954,5.487386012915625,2.906842359057687,4.033342286491388,1.1874478935937105
