time,force_left,force_right,force_left_filt,force_right_filt,force_avg,force_diff,dis_left,dis_right,total_delta_dis,dis_diff,force_rate,force_acc,stiffness_ratio,force_std_5s
2024-11-01 13:48:36,212.51,227.07,212.51,227.07,219.79,14.560000000000002,-0.22,-0.06,-0.28,0.16,0.0,0.0,-784.9670891681754,0.0
2024-11-01 13:48:37,212.51,227.07,212.51,227.07,219.79,14.560000000000002,-0.22,-0.06,-0.28,0.16,0.0,0.0,-784.9670891681754,0.0
2024-11-01 13:48:38,212.51,225.13,212.51,226.585,219.5475,14.075000000000017,-0.22,-0.06,-0.28,0.16,-0.2424999999999784,-0.2424999999999784,-784.1010146464807,0.0
2024-11-01 13:48:39,212.51,228.04,212.51,226.94875,219.729375,14.438749999999999,-0.22,-0.06,-0.28,0.16,0.1818749999999909,0.4243749999999693,-784.7505705377517,0.0
2024-11-01 13:48:40,212.51,259.12,212.51,234.9915625,223.75078125,22.481562499999995,-0.22,-0.06,-0.28,0.16,4.021406249999984,3.839531249999993,-799.1127870099534,1.807939428074374
2024-11-01 13:48:41,212.51,298.01,212.51,250.746171875,231.62808593749997,38.236171875,-0.22,-0.06,-0.28,0.16,7.877304687499986,3.8558984375000023,-827.246118512923,5.192950587727498
2024-11-01 13:48:42,227.07,309.68,216.14999999999998,265.47962890625,240.814814453125,49.329628906250036,-0.05,-0.06,-0.11,0.009999999999999995,9.18672851562502,1.309423828125034,-2189.2454881692106,9.099219193627606
2024-11-01 13:48:43,230.95,321.36,219.84999999999997,279.4497216796875,249.64986083984374,59.59972167968755,0.35,-0.06,0.29,0.41,8.835046386718744,-0.35168212890627615,860.8586206249074,12.265431378531977
2024-11-01 13:48:44,240.66,333.04,225.05249999999998,292.84729125976565,258.9498956298828,67.79479125976567,0.96,-0.06,0.8999999999999999,1.02,9.300034790039064,0.4649884033203193,287.7217865645514,13.985822522080184
2024-11-01 13:48:45,249.41,342.77,231.14187499999997,305.32796844482425,268.2349217224121,74.18609344482428,1.77,-0.06,1.71,1.83,9.285026092529279,-0.015008697509784952,156.86243559062953,14.444082531865352
2024-11-01 13:48:46,258.15,350.56,237.89390624999996,316.6359763336182,277.26494129180907,78.74207008361824,2.81,-0.06,2.75,2.87,9.030019569396984,-0.25500652313229466,100.82357835208389,14.46564016418339
2024-11-01 13:48:47,268.84,321.36,245.63042968749994,317.81698225021364,281.7237059688568,72.1865525627137,4.02,-0.06,3.9599999999999995,4.079999999999999,4.458764677047725,-4.571254892349259,71.14233202690019,13.127999706052279
2024-11-01 13:48:48,275.64,317.47,253.13282226562495,317.73023668766024,285.4315294766426,64.59741442203529,5.3,-0.06,5.24,5.359999999999999,3.707823507785804,-0.750941169261921,54.47165553530287,10.72639162999678
2024-11-01 13:48:49,281.48,317.47,260.2196166992187,317.6651775157452,288.94239710748195,57.445560816526495,6.55,-0.06,6.49,6.609999999999999,3.510867630839357,-0.196955876946447,44.521163726705424,8.028486086245946
2024-11-01 13:48:50,291.2,371.02,267.96471252441404,331.0038831368089,299.48429783061147,63.039170612394855,7.83,-0.06,7.7700000000000005,7.89,10.541900723129515,7.0310330922901585,38.54366271389301,8.422798719365183
2024-11-01 13:48:51,297.04,382.71,275.23353439331055,343.93041235260665,309.5819733729586,68.6968779592961,9.11,-0.06,9.049999999999999,9.17,10.097675542347133,-0.44422518078238227,34.20794907900658,11.378744227532138
2024-11-01 13:48:52,305.79,394.4,282.8726507949829,356.54780926445494,319.7102300297189,73.67515846947202,10.36,-0.06,10.299999999999999,10.42,10.1282566567603,0.030581114413166688,31.039825144649885,14.257447232096219
2024-11-01 13:48:53,276.62,402.2,281.30948809623715,367.96085694834125,324.63517252228917,86.6513688521041,11.23,-0.06,11.17,11.290000000000001,4.924942492570267,-5.203314164190033,29.06312833116928,14.585627973016576
2024-11-01 13:48:54,273.7,410.0,279.40711607217787,378.47064271125595,328.9388793917169,99.06352663907808,11.23,-0.06,11.17,11.290000000000001,4.303706869427742,-0.6212356231425247,29.44841986958792,11.922678759303846
2024-11-01 13:48:55,270.78,421.71,277.2503370541334,389.28048203344196,333.26540954378765,112.03014497930855,11.23,-0.06,11.17,11.290000000000001,4.326530152070745,0.02282328264300304,29.83575467395103,9.136911440125163
2024-11-01 13:48:56,312.6,434.39,286.08775279060006,400.5578615250814,343.32280715784077,114.47010873448136,11.57,-0.06,11.51,11.63,10.057397614053116,5.7308674619823705,29.828216970427786,8.999216015670534
2024-11-01 13:48:57,327.2,446.1,296.3658145929501,411.943396143811,354.15460536838054,115.57758155086094,12.82,-0.06,12.76,12.88,10.831798210539773,0.7744005964866574,27.75506094148273,11.895196860075915
2024-11-01 13:48:58,341.8,456.83,307.72436094471254,423.16504710785824,365.4447040262854,115.4406861631457,14.1,-0.06,14.04,14.16,11.290098657904878,0.45830044736510445,26.028823219192468,15.002189096114835
2024-11-01 13:48:59,351.53,469.53,318.6757707085344,434.75628533089366,376.71602801971403,116.08051462235926,15.34,-0.06,15.28,15.4,11.27132399342861,-0.0187746644762683,24.654188701932288,17.242843770215433
2024-11-01 13:49:00,321.36,483.2,319.34682803140083,446.86721399817026,383.1070210147856,127.52038596676942,16.22,-0.06,16.16,16.279999999999998,6.390992995071542,-4.880330998357067,23.707116170029046,16.21599289933643
2024-11-01 13:49:01,320.38,495.9,319.6051210235506,459.12541049862773,389.3652657610892,139.5202894750771,16.22,-0.06,16.16,16.279999999999998,6.258244746303603,-0.132748248767939,24.094383766504045,14.081413619895121
2024-11-01 13:49:02,319.41,511.54,319.55634076766296,472.22905787397076,395.89269932081686,152.6727171063078,16.22,-0.06,16.16,16.279999999999998,6.527433559727683,0.26918881342407985,24.49830908555122,11.730543875177984
2024-11-01 13:49:03,361.27,528.15,329.9847555757472,486.2092934054781,408.0970244906126,156.22453782973088,16.52,-0.06,16.46,16.58,12.204325169795766,5.676891610068083,24.793256360714228,12.089108458024663
2024-11-01 13:49:04,377.84,539.89,341.9485666818104,499.62947005410854,420.78901836795944,157.68090337229813,17.77,-0.06,17.71,17.83,12.691993877346817,0.48766870755105174,23.759965816374567,15.096141494934788
2024-11-01 13:49:05,385.63,551.63,352.86892501135776,512.6296025405815,432.7492637759696,159.7606775292237,19.01,-0.06,18.950000000000003,19.07,11.960245408010167,-0.7317484693366509,22.83637155354079,17.75127511560756
2024-11-01 13:49:06,402.2,567.28,365.20169375851833,526.2922019054361,445.7469478319772,161.09050814691773,20.26,-0.06,20.200000000000003,20.32,12.997684056007586,1.0374386479974191,22.066679493331566,19.66449406308608
2024-11-01 13:49:07,411.95,580.01,376.88877031888876,539.721651429077,458.3052108739829,162.83288111018828,21.51,-0.06,21.450000000000003,21.57,12.558263042005706,-0.43942101400187994,21.3662093010617,19.824687796925485
2024-11-01 13:49:08,424.63,590.78,388.82407773916657,552.4862385718077,470.65515815548713,163.66216083264112,22.75,-0.06,22.69,22.81,12.349947281504228,-0.2083157605014776,20.742844310826037,19.811102281832913
2024-11-01 13:49:09,437.32,599.59,400.9480583043749,564.2621789288557,482.6051186166153,163.31412062448084,24.0,-0.06,23.94,24.06,11.949960461128171,-0.39998682037605704,20.15894312688689,19.706561405303603
2024-11-01 13:49:10,447.07,612.33,412.4785437282812,576.2791341966418,494.3788389624615,163.80059046836067,25.24,-0.06,25.18,25.299999999999997,11.773720345846186,-0.1762401152819848,19.633789488827322,19.22272474849453
2024-11-01 13:49:11,458.79,623.1,424.05640779621086,587.9843506474814,506.02037922184616,163.92794285127053,26.46,-0.06,26.400000000000002,26.52,11.64154025938467,-0.13218008646151702,19.167437880848794,18.841157707022134
2024-11-01 13:49:12,467.57,631.92,434.93480584715815,598.9682629856111,516.9515344163847,164.03345713845295,27.7,-0.06,27.64,27.759999999999998,10.931155194538519,-0.7103850648461503,18.703021552581877,18.345001081840124
2024-11-01 13:49:13,478.32,649.57,445.78110438536856,611.6186972392084,528.6999008122884,165.8375928538398,28.92,-0.06,28.860000000000003,28.98,11.748366395903759,0.8172112013652395,18.31946924784543,18.146848812600286
2024-11-01 13:49:14,493.95,658.4,457.82332828902645,623.3140229294063,540.5686756092164,165.49069464037984,30.16,-0.06,30.1,30.22,11.868774796927937,0.1204084010241786,17.959091616283214,18.19420959896717
2024-11-01 13:49:15,509.58,670.17,470.7624962167698,635.0280171970547,552.8952567069123,164.26552098028492,31.37,-0.06,31.310000000000002,31.43,12.326581097695907,0.45780630076797024,17.65874286324399,18.561602951748384
2024-11-01 13:49:16,519.36,683.9,482.9118721625774,647.246012897791,565.0789425301842,164.33414073521362,32.59,-0.06,32.53,32.650000000000006,12.183685823271958,-0.14289527442394956,17.371009073445286,19.045799772707156
2024-11-01 13:49:17,535.98,699.6,496.1789041219331,660.3345096733433,578.2567068976382,164.1556055514102,33.8,-0.06,33.739999999999995,33.86,13.17776436745396,0.9940785441820026,17.138609654980105,19.549909316892695
2024-11-01 13:49:18,547.71,709.42,509.06167809144983,672.6058822550075,590.8337801732287,163.54420416355765,35.05,-0.06,34.989999999999995,35.11,12.577073275590465,-0.6006910918634958,16.885789176548716,19.907022695606727
2024-11-01 13:49:19,562.39,721.21,522.3937585685874,684.7569116912556,603.5753351299215,162.36315312266822,36.26,-0.06,36.199999999999996,36.32,12.74155495669288,0.16448168110241568,16.67335133857929,20.099686038815687
2024-11-01 13:49:20,575.11,734.96,535.5728189264405,697.3076837684417,616.4402513474411,161.73486484200123,37.47,-0.06,37.41,37.53,12.864916217519522,0.12336126082664123,16.477953351229292,20.24557341105343
2024-11-01 13:49:21,588.82,746.75,548.8846141948304,709.6682628263313,629.2764385105809,160.7836486315009,38.68,-0.06,38.62,38.74,12.836187163139812,-0.02872905437970985,16.294055469096982,20.18280065087381
2024-11-01 13:49:22,604.49,761.49,562.7859606461228,722.6236971197484,642.7048288829355,159.83773647362557,39.9,-0.06,39.839999999999996,39.96,13.42839037235467,0.5922032092148584,16.13214891442738,20.467742585138232
2024-11-01 13:49:23,614.29,776.24,575.6619704845921,736.0277728398112,655.8448716622016,160.3658023552191,41.11,-0.06,41.05,41.17,13.140042779266082,-0.28834759308858793,15.976732172605836,20.682671954386283
2024-11-01 13:49:24,629.96,778.21,589.2364778634441,746.5733296298583,667.9049037466511,157.33685176641427,42.29,-0.06,42.23,42.35,12.060032084449517,-1.0800106948165649,15.815886524526752,20.478575131832468
2024-11-01 13:49:25,641.73,780.17,602.359858397583,754.9724972223937,678.6661778099883,152.6126388248107,43.5,-0.06,43.44,43.56,10.761274063337169,-1.2987580211123486,15.623070031927218,19.622299182752503
2024-11-01 13:49:26,652.51,789.03,614.8973937981873,763.4868729167952,689.1921333574912,148.58947911860787,44.71,-0.06,44.65,44.77,10.525955547502917,-0.23531851583425123,15.43543377205056,18.330351532695165
2024-11-01 13:49:27,665.26,795.91,627.4880453486405,771.5926546875963,699.5403500181185,144.1046093389558,45.89,-0.06,45.83,45.95,10.348216660627259,-0.17773888687565886,15.263808307970985,17.191503857835905
2024-11-01 13:49:28,676.05,798.86,639.6285340114804,778.4094910156973,709.0190125135889,138.78095700421693,47.1,-0.06,47.04,47.160000000000004,9.478662495470417,-0.8695541651568419,15.072682768726747,16.30640934173037
2024-11-01 13:49:29,686.85,804.77,651.4339005086102,784.999618261773,718.2167593851916,133.56571775316274,48.28,-0.06,48.22,48.34,9.197746871602703,-0.2809156238677133,14.894582009344871,15.6491874889421
2024-11-01 13:49:30,693.72,809.69,662.0054253814576,791.1722136963298,726.5888195388936,129.16678831487218,49.5,-0.06,49.44,49.56,8.372060153702023,-0.8256867179006804,14.69637550247812,14.789849304722143
2024-11-01 13:49:31,711.39,816.58,674.3515690360932,797.5241602722473,735.9378646541702,123.17259123615406,50.68,-0.06,50.62,50.74,9.349045115276567,0.9769849615745443,14.538479852147184,14.290743436528265
2024-11-01 13:49:32,723.17,828.39,686.5561767770699,805.2406202041855,745.8983984906276,118.68444342711553,51.85,-0.06,51.79,51.910000000000004,9.960533836457444,0.6114887211808764,14.402363083380278,14.470468551386677
2024-11-01 13:49:33,736.92,830.36,699.1471325828024,811.5204651531391,755.3337988679707,112.37333257033663,53.03,-0.06,52.97,53.09,9.435400377343058,-0.5251334591143859,14.259652342992608,14.797054311255607
2024-11-01 13:49:34,749.7,838.23,711.7853494371018,818.1978488648543,764.9915991509781,106.41249942775255,54.25,-0.06,54.19,54.31,9.657800283007418,0.22239990566436063,14.11684046935113,15.211337855382425
2024-11-01 13:49:35,763.46,851.04,724.7040120778263,826.4083866486408,775.5561993632335,101.70437457081448,55.42,-0.06,55.36,55.480000000000004,10.564600212255414,0.9067999292479954,14.009324157404434,15.550141545564191
2024-11-01 13:49:36,719.24,859.9,723.3380090583696,834.7812899864806,779.0596495224252,111.443280928111,56.33,-0.06,56.269999999999996,56.39,3.5034501591916296,-7.061150053063784,13.845026402655035,13.819841485380136
2024-11-01 13:49:37,714.33,861.87,721.0860067937772,841.5534674898604,781.3197371418188,120.46746069608321,56.33,-0.06,56.269999999999996,56.39,2.26008761939363,-1.2433625397979995,13.885191456488847,10.87918425545549
2024-11-01 13:49:38,715.31,869.76,719.6420050953328,848.6051006173952,784.1235528563641,128.96309552206242,56.33,-0.06,56.269999999999996,56.39,2.803815714545294,0.5437280951516641,13.935019351721074,7.415069567892784
2024-11-01 13:49:39,763.46,879.61,730.5965038214996,856.3563254630465,793.4764146422731,125.75982164154686,56.54,-0.06,56.48,56.6,9.352861785908999,6.549046071363705,14.048803126654922,6.788750385036597
2024-11-01 13:49:40,769.36,887.5,740.2873778661248,864.1422440972849,802.2148109817049,123.85486623116014,57.68,-0.06,57.62,57.74,8.738396339431802,-0.6144654464771975,13.922506023241912,9.638815403519207
2024-11-01 13:49:41,779.19,892.43,750.0130333995936,871.2141830729637,810.6136082362787,121.20114967337008,58.42,-0.06,58.36,58.480000000000004,8.398797254573765,-0.3395990848580368,13.889883384962223,12.262660056539273
2024-11-01 13:49:42,789.03,903.28,759.7672750496952,879.2306373047227,819.4989561772089,119.4633622550275,59.2,-0.06,59.14,59.260000000000005,8.885347940930274,0.4865506863565088,13.856931726754771,13.89848617580515
2024-11-01 13:49:43,790.99,911.17,767.5729562872714,887.215477978542,827.3942171329068,119.64252169127064,59.97,-0.06,59.91,60.03,7.895260955697836,-0.9900869852324377,13.810619317681313,13.460665514220057
2024-11-01 13:49:44,800.83,918.07,775.8872172154536,894.9291084839066,835.4081628496801,119.04189126845301,60.71,-0.06,60.65,60.77,8.013945716773378,0.11868476107554216,13.774248129850488,13.15304543200248
2024-11-01 13:49:45,810.67,916.1,784.5829129115903,900.22183136293,842.40237213726,115.63891845133969,61.42,-0.06,61.36,61.480000000000004,6.994209287579906,-1.0197364291934718,13.728851994921905,12.578205681037499
2024-11-01 13:49:46,815.59,919.06,792.3346846836928,904.9313735221974,848.6330291029451,112.59668883850463,62.13,-0.06,62.07,62.190000000000005,6.230656965685057,-0.7635523218948492,13.672192934279881,11.601704581803254
2024-11-01 13:49:47,820.51,925.96,799.3785135127696,910.188530141648,854.7835218272088,110.81001662887843,62.83,-0.06,62.769999999999996,62.89,6.1504927242636995,-0.08016424142135747,13.617707634371534,10.770079594002064
2024-11-01 13:49:48,828.39,929.91,806.6313851345772,915.118897606236,860.8751413704066,108.48751247165887,63.54,-0.06,63.48,63.6,6.091619543197794,-0.058873181065905555,13.561359921377548,10.014865053122138
2024-11-01 13:49:49,834.3,932.87,813.5485388509328,919.556673204677,866.5526060278049,106.00813435374425,64.25,-0.06,64.19,64.31,5.677464657398332,-0.41415488579946214,13.499806707088306,9.574060896967913
2024-11-01 13:49:50,845.13,941.75,821.4439041381996,925.1050049035077,873.2744545208536,103.6611007653081,64.96,-0.06,64.89999999999999,65.02,6.721848493048697,1.0443838356503647,13.455692466335305,9.65583383108975
2024-11-01 13:49:51,848.08,946.69,828.1029281036497,930.5012536776309,879.3020908906403,102.3983255739812,65.66,-0.06,65.6,65.72,6.0276363697867055,-0.6942121232619911,13.403995083637886,9.716707374859713
2024-11-01 13:49:52,858.92,947.68,835.8071960777372,934.7959402582231,885.3015681679801,98.98874418048592,66.37,-0.06,66.31,66.43,5.999477277339793,-0.028159092446912837,13.350950909621915,9.742723308980649
2024-11-01 13:49:53,861.87,955.57,842.3228970583029,939.9894551936674,891.1561761259852,97.66655813536443,67.08,-0.06,67.02,67.14,5.85460795800509,-0.1448693193347026,13.296869036543066,9.685352816232012
2024-11-01 13:49:54,871.73,959.52,849.6746727937272,944.8720913952505,897.2733820944889,95.1974186015234,67.79,-0.06,67.73,67.85000000000001,6.11720596850364,0.26259801049855014,13.247798152173198,9.463587319105976
2024-11-01 13:49:55,879.61,945.7,857.1585045952954,945.0790685464378,901.1187865708666,87.92056395114241,68.49,-0.06,68.42999999999999,68.55,3.84540447637778,-2.27180149212586,13.168475426017702,8.81673038791316
2024-11-01 13:49:56,884.54,939.78,864.0038784464716,943.7543014098283,903.8790899281499,79.75042296335664,69.2,-0.06,69.14,69.26,2.7603033572833056,-1.0851011190944746,13.073171490526157,7.5415436527690884
2024-11-01 13:49:57,894.4,934.84,871.6029088348538,941.5257260573712,906.5643174461125,69.92281722251744,69.91,-0.06,69.85,69.97,2.6852275179625167,-0.07507583932078887,12.978730199962525,6.021564122098103
2024-11-01 13:49:58,899.33,934.84,878.5346816261404,939.8542945430285,909.1944880845845,61.319612916888104,70.62,-0.06,70.56,70.68,2.630170638472009,-0.055056879490507526,12.885409229013254,4.646119334183513
2024-11-01 13:49:59,908.21,935.83,885.9535112196053,938.8482209072713,912.4008660634383,52.89470968766602,71.29,-0.06,71.23,71.35000000000001,3.2063779788538795,0.5762073403818704,12.809221581555759,4.410917612730865
2024-11-01 13:50:00,919.06,931.88,894.2301334147039,937.1061656804535,915.6681495475787,42.876032265749586,72.0,-0.06,71.94,72.06,3.2672834841403073,0.0609055052864278,12.728219861264371,4.657218320620058
2024-11-01 13:50:01,922.02,932.87,901.1776000610279,936.0471242603401,918.6123621606839,34.869524199312195,72.7,-0.06,72.64,72.76,2.9442126131052646,-0.32307087103504273,12.64609511996956,4.836475759052699
2024-11-01 13:50:02,922.02,969.4,906.3882000457709,944.3853431952551,925.386771620513,37.99714314948426,73.18,-0.06,73.12,73.24000000000001,6.77440945982903,3.8301968467237657,12.65572700991228,6.204755214362736
2024-11-01 13:50:03,924.98,947.68,911.0361500343282,945.2090073964413,928.1225787153847,34.172857362113064,73.68,-0.06,73.62,73.74000000000001,2.7358070948718023,-4.038602364957228,12.606935154963999,6.58452013697728
2024-11-01 13:50:04,929.91,947.68,915.7546125257461,945.8267555473309,930.7906840365386,30.072143021584793,74.12,-0.06,74.06,74.18,2.668105321153803,-0.06770177371799946,12.568061996603788,6.385052545563686
2024-11-01 13:50:05,935.83,942.74,920.7734593943096,945.0550666604981,932.9142630274039,24.28160726618853,74.59,-0.06,74.53,74.65,2.123578990865326,-0.5445263302884769,12.517298410171817,5.554868961449587
2024-11-01 13:50:06,942.74,943.73,926.2650945457322,944.7237999953736,935.4944472705529,18.458705449641457,75.03,-0.06,74.97,75.09,2.580184243149006,0.4566052522836799,12.478250430736328,3.9574672541200555
2024-11-01 13:50:07,943.73,942.74,930.6313209092991,944.2278499965303,937.4295854529147,13.596529087231147,75.5,-0.06,75.44,75.56,1.9351381823618112,-0.6450460607871946,12.426160830153155,3.6915043029968
2024-11-01 13:50:08,951.63,945.7,935.8809906819744,944.5958874973976,940.2384390896859,8.71489681542323,75.97,-0.06,75.91,76.03,2.8088536367712322,0.873715454409421,12.386226145480963,3.7067437400720435
2024-11-01 13:50:09,952.61,943.73,940.0632430114808,944.3794156230482,942.2213293172645,4.316172611567367,76.44,-0.06,76.38,76.5,1.9828902275785367,-0.8259634091926955,12.33596906233694,3.6986078945249052
2024-11-01 13:50:10,957.55,943.73,944.4349322586106,944.2170617172861,944.3259969879484,0.21787054132448702,76.91,-0.06,76.85,76.97,2.104667670683966,0.12177744310542948,12.287911316851492,3.55652920658419
2024-11-01 13:50:11,962.49,941.75,948.948699193958,943.6002962879646,946.2744977409614,5.348402905993339,77.39,-0.06,77.33,77.45,1.9485007530129224,-0.15616691767104385,12.23683545201249,3.4523316481751984
2024-11-01 13:50:12,963.47,943.73,952.5790243954684,943.6327222159734,948.1058733057209,8.946302179494978,77.82,-0.06,77.75999999999999,77.88,1.8313755647595826,-0.11712518825333973,12.192719407317409,3.1296503259487776
2024-11-01 13:50:13,943.73,936.82,950.3667682966013,941.9295416619801,946.1481549792907,8.437226634621197,78.03,-0.06,77.97,78.09,-1.9577183264302676,-3.78909389118985,12.13477161529459,2.230611551873928
2024-11-01 13:50:14,938.79,937.81,947.4725762224509,940.899656246485,944.186116234468,6.572919975965874,78.03,-0.06,77.97,78.09,-1.962038744822621,-0.004320418392353531,12.109607594265237,1.6155793910519154
2024-11-01 13:50:15,939.78,942.74,945.5494321668382,941.3597421848638,943.454587175851,4.189689981974425,78.03,-0.06,77.97,78.09,-0.7315290586170704,1.2305096862055507,12.100225408177833,1.8460063566460518
2024-11-01 13:50:16,934.84,961.5,942.8720741251286,946.3948066386479,944.6334403818882,3.5227325135192586,78.03,-0.06,77.97,78.09,1.1788532060372745,1.910382264654345,12.115344725747642,1.8495080698310526
2024-11-01 13:50:17,932.87,964.46,940.3715555938464,950.9111049789859,945.6413302864162,10.53954938513948,78.03,-0.06,77.97,78.09,1.0078899045279286,-0.1709633015093459,12.128271362808066,1.088494352058183
2024-11-01 13:50:18,936.82,949.65,939.4836666953848,950.5958287342395,945.0397477148122,11.112162038854649,78.03,-0.06,77.97,78.09,-0.6015825716040126,-1.6094724761319412,12.12055579831033,0.8309233369636203
2024-11-01 13:50:19,953.6,950.64,943.0127500215386,950.6068715506796,946.8098107861091,7.594121529140921,78.03,-0.06,77.97,78.09,1.7700630712969314,2.371645642900944,12.143257645797762,1.2393483591436467
2024-11-01 13:50:20,965.45,949.65,948.6220625161541,950.3676536630097,949.4948580895818,1.745591146855645,78.5,-0.06,78.44,78.56,2.685047303472743,0.9149842321758115,12.104727766252603,1.9534384238542908
2024-11-01 13:50:21,951.63,948.66,949.3740468871156,949.9407402472573,949.6573935671864,0.5666933601416986,78.9,-0.06,78.84,78.96000000000001,0.16253547760459242,-2.5225118258681505,12.045375209561278,2.148884577076599
2024-11-01 13:50:22,950.64,962.49,949.6905351653367,953.078055185443,951.3842951753898,3.387520020106308,78.9,-0.06,78.84,78.96000000000001,1.7269016082033204,1.564366130598728,12.067279085592475,2.523685410380053
2024-11-01 13:50:23,947.68,956.56,949.1879013740024,953.9485413890822,951.5682213815423,4.76064001507973,78.9,-0.06,78.84,78.96000000000001,0.18392620615259148,-1.542975402050729,12.069611990257869,1.916364945758512
2024-11-01 13:50:24,939.78,955.57,946.8359260305017,954.3539060418117,950.5949160361567,7.517980011309987,78.9,-0.06,78.84,78.96000000000001,-0.9733053453855973,-1.1572315515381888,12.05726666639891,0.9545162427531735
2024-11-01 13:50:25,947.68,952.61,947.0469445228763,953.9179295313588,950.4824370271176,6.870985008482535,78.9,-0.06,78.84,78.96000000000001,-0.11247900903913433,0.860826336346463,12.055839992025337,0.768189301760157
2024-11-01 13:50:26,947.68,954.59,947.2052083921571,954.0859471485192,950.6455777703382,6.880738756362007,78.9,-0.06,78.84,78.96000000000001,0.16314074322053784,0.27561975225967217,12.057909255611731,0.501764637398235
2024-11-01 13:50:27,961.5,950.64,950.7789062941179,953.2244603613893,952.0016833277537,2.4455540672714733,78.97,-0.06,78.91,79.03,1.3561055574155034,1.1929648141949656,12.064398317872962,0.6831314040627545
2024-11-01 13:50:28,968.41,968.41,955.1866797205884,957.0208452710419,956.1037624958151,1.8341655504535765,79.24,-0.06,79.17999999999999,79.3,4.102079168061437,2.745973610645933,12.075066309936208,2.39513550965398
2024-11-01 13:50:29,948.66,956.56,953.5550097904412,956.9056339532814,955.2303218718613,3.3506241628401767,79.41,-0.06,79.35,79.47,-0.8734406239537975,-4.975519792015234,12.03818915984464,2.6185986220873505
2024-11-01 13:50:30,950.64,957.55,952.8262573428309,957.0667254649611,954.9464914038961,4.24046812213021,79.41,-0.06,79.35,79.47,-0.28383046796523104,0.5896101559885665,12.03461221637409,2.337245482691367
2024-11-01 13:50:31,945.7,956.56,951.0446930071232,956.9400440987208,953.992368552922,5.895351091597604,79.41,-0.06,79.35,79.47,-0.9541228509740449,-0.6702923830088139,12.02258798399917,1.5647600530041592
2024-11-01 13:50:32,947.68,955.57,950.2035197553424,956.5975330740406,953.4005264146915,6.394013318698171,79.41,-0.06,79.35,79.47,-0.5918421382305041,0.3622807127435408,12.015129356012126,1.06017733042123
2024-11-01 13:50:33,963.47,954.59,953.5201398165068,956.0956498055305,954.8078948110186,2.575509989023658,79.47,-0.06,79.41,79.53,1.407368396327115,1.9992105345576192,12.023773867110501,0.7568123070011784
2024-11-01 13:50:34,960.51,971.38,955.26760486238,959.9167373541479,957.592171108264,4.649132491767887,79.74,-0.06,79.67999999999999,79.8,2.7842762972453556,1.3769079009182406,12.017973884165288,1.6061739077918762
2024-11-01 13:50:35,950.64,960.51,954.110703646785,960.065053015611,957.087878331198,5.954349368826001,79.74,-0.06,79.67999999999999,79.8,-0.5042927770659844,-3.28856907431134,12.01164490862893,1.8696000262891899
2024-11-01 13:50:36,955.57,954.59,954.4755277350888,958.6962897617084,956.5859087483987,4.220762026619582,79.74,-0.06,79.67999999999999,79.8,-0.5019695827993473,0.002323194266637074,12.005345089646758,1.7453437672742593
2024-11-01 13:50:37,945.7,958.54,952.2816458013167,958.6572173212812,955.469431561299,6.375571519964524,79.74,-0.06,79.67999999999999,79.8,-1.1164771870996901,-0.6145076043003428,11.991333076932305,1.1497879548766317
2024-11-01 13:50:38,954.59,959.52,952.8587343509876,958.8729129909609,955.8658236709742,6.014178639973352,79.74,-0.06,79.67999999999999,79.8,0.3963921096752756,1.5128692967749657,11.996307877443103,0.8671823720692621
2024-11-01 13:50:39,966.44,958.54,956.2540507632407,958.7896847432207,957.5218677532307,2.535633979980048,79.78,-0.06,79.72,79.84,1.6560440822564715,1.2596519725811959,12.01106191347427,0.8457621985426955
2024-11-01 13:50:40,972.36,968.41,960.2805380724305,961.1947635574155,960.737650814923,0.9142254849849678,80.05,-0.06,79.99,80.11,3.215783061692264,1.5597389794357923,12.010721825280676,2.1073706700669548
2024-11-01 13:50:41,951.63,962.49,958.117903554323,961.5185726680616,959.8182381111923,3.4006691137385587,80.11,-0.06,80.05,80.17,-0.9194127037306998,-4.135195765422964,11.99023393030554,2.3408815903818474
2024-11-01 13:50:42,955.57,961.5,957.4809276657423,961.5139295010462,959.4974285833943,4.033001835303821,80.11,-0.06,80.05,80.17,-0.3208095277980192,0.5986031759326806,11.98622631601709,1.9658474462025743
2024-11-01 13:50:43,951.63,959.52,956.0181957493068,961.0154471257846,958.5168214375457,4.997251376477834,80.11,-0.06,80.05,80.17,-0.9806071458485803,-0.6597976180505611,11.973976383055208,1.2365496240556302
2024-11-01 13:50:44,953.6,958.54,955.41364681198,960.3965853443384,957.9051160781592,4.982938532358389,80.11,-0.06,80.05,80.17,-0.6117053593865194,0.36890178646206095,11.966334842121478,1.110555717105631
2024-11-01 13:50:45,965.45,955.57,957.9227351089851,959.1899390082539,958.5563370586194,1.267203899268793,80.15,-0.06,80.09,80.21000000000001,0.6512209804602662,1.2629263398467856,11.968489512924583,0.7820348690553895
2024-11-01 13:50:46,960.51,973.35,958.5695513317389,962.7299542561904,960.6497527939646,4.160402924451432,80.35,-0.06,80.28999999999999,80.41,2.093415735345161,1.4421947548848948,11.964749543270832,1.0718023100653735
2024-11-01 13:50:47,960.51,959.52,959.0546634988043,961.9274656921427,960.4910645954735,2.87280219333843,80.35,-0.06,80.28999999999999,80.41,-0.1586881984910633,-2.2521039338362243,11.962773105401675,1.257333853261766
2024-11-01 13:50:48,955.57,961.5,958.1834976241033,961.8205992691071,960.0020484466052,3.6371016450037814,80.35,-0.06,80.28999999999999,80.41,-0.48901614886835887,-0.33032795037729556,11.956682482126327,1.2235369980705308
2024-11-01 13:50:49,957.55,962.49,958.0251232180774,961.9879494518302,960.0065363349538,3.9628262337528213,80.35,-0.06,80.28999999999999,80.41,0.004487888348648994,0.49350403721700786,11.956738378107056,0.8261680907769983
2024-11-01 13:50:50,947.68,961.5,955.4388424135581,961.8659620888727,958.6524022512153,6.427119675314657,80.35,-0.06,80.28999999999999,80.41,-1.3541340837384723,-1.3586219720871213,11.939872839847336,0.786055571170475
2024-11-01 13:50:51,963.47,960.51,957.4466318101686,961.5269715666545,959.4868016884116,4.080339756485955,80.38,-0.06,80.32,80.44,0.8343994371962253,2.1885335209346977,11.945801665122136,0.6982190731289654
2024-11-01 13:50:52,958.54,972.36,957.7199738576264,964.2352286749909,960.9776012663087,6.515254817364507,80.55,-0.06,80.49,80.61,1.490799577897178,0.6564001407009528,11.939092922440253,0.8488455129178621
2024-11-01 13:50:53,962.49,964.46,958.9124803932198,964.2914215062432,961.6019509497314,5.378941113023416,80.55,-0.06,80.49,80.61,0.6243496834226789,-0.8664498944744992,11.94684978261749,1.1721962467753442
2024-11-01 13:50:54,962.49,962.49,959.8068602949147,963.8410661296823,961.8239632122985,4.03420583476759,80.55,-0.06,80.49,80.61,0.22201226256709106,-0.4023374208555879,11.949608041529265,1.381584300947823
2024-11-01 13:50:55,959.52,962.49,959.735145221186,963.5032995972617,961.6192224092239,3.7681543760756995,80.55,-0.06,80.49,80.61,-0.20474080307462827,-0.42675306564171933,11.947064361562425,0.9569536874492683
2024-11-01 13:50:56,960.51,961.5,959.9288589158896,963.0024746979464,961.465666806918,3.073615782056777,80.55,-0.06,80.49,80.61,-0.15355560230591436,0.05118520076871391,11.945156601587296,0.31765250484217283
2024-11-01 13:50:57,969.4,962.49,962.2966441869172,962.8743560234598,962.5855001051884,0.5777118365425622,80.59,-0.06,80.53,80.65,1.1198332982704642,1.2733889005763785,11.953129121470996,0.44704933312369477
2024-11-01 13:50:58,964.46,974.34,962.8374831401879,965.7407670175949,964.2891250788914,2.9032838774069205,80.72,-0.06,80.66,80.78,1.703624973702972,0.5837916754325079,11.954985285443914,1.1627809343698314
2024-11-01 13:50:59,960.51,965.45,962.255612355141,965.6680752631962,963.9618438091686,3.412462908055204,80.72,-0.06,80.66,80.78,-0.32728126972278915,-2.030906243425761,11.95092774433723,1.3025771209301553
2024-11-01 13:51:00,962.49,964.46,962.3142092663556,965.3660564473971,963.8401328568764,3.0518471810414667,80.72,-0.06,80.66,80.78,-0.12171095229223283,0.20557031743055632,11.949418806192135,1.1787539153074071
2024-11-01 13:51:01,960.51,963.47,961.8631569497668,964.8920423355478,963.3775996426573,3.0288853857809954,80.72,-0.06,80.66,80.78,-0.46253321421909277,-0.34082226192685994,11.94368444952855,0.6598432577927743
2024-11-01 13:51:02,961.5,964.46,961.7723677123251,964.7840317516609,963.278199731993,3.0116640393357557,80.72,-0.06,80.66,80.78,-0.09939991066426046,0.3631333035548323,11.942452117400707,0.41980149452141874
2024-11-01 13:51:03,973.35,963.47,964.6667757842439,964.4555238137457,964.5611497989948,0.21125197049821054,80.75,-0.06,80.69,80.81,1.2829500670018206,1.382349977666081,11.95391173435473,0.5142419236337682
2024-11-01 13:51:04,962.49,978.29,964.1225818381829,967.9141428603093,966.0183623492461,3.791561022126416,80.89,-0.06,80.83,80.95,1.4572125502512563,0.17426248324943572,11.951235313596571,1.1281948946051892
2024-11-01 13:51:05,961.5,966.44,963.4669363786372,967.545607145232,965.5062717619346,4.078670766594769,80.89,-0.06,80.83,80.95,-0.5120905873114907,-1.969303137562747,11.94489991113491,1.2311226928568477
2024-11-01 13:51:06,959.52,962.49,962.480202283978,966.281705358924,964.3809538214509,3.8015030749460266,80.89,-0.06,80.83,80.95,-1.1253179404836828,-0.6132273531721921,11.930977878145157,1.0628664555069145
2024-11-01 13:51:07,960.51,962.49,961.9876517129835,965.3337790191929,963.6607153660882,3.3461273062093824,80.89,-0.06,80.83,80.95,-0.7202384553627326,0.40507948512095027,11.922067344352604,0.9368292735869272
2024-11-01 13:51:08,955.57,965.45,960.3832387847377,965.3628342643947,962.8730365245663,4.97959547965695,80.89,-0.06,80.83,80.95,-0.787678841521938,-0.06744038615920545,11.912322462108671,1.292560635862343
2024-11-01 13:51:09,972.36,960.51,963.3774290885533,964.149625698296,963.7635273934246,0.7721966097426503,80.96,-0.06,80.89999999999999,81.02,0.8904908688583646,1.6781697103803026,11.913022441043292,0.9808481095210348
2024-11-01 13:51:10,964.46,980.27,963.648071816415,968.179719273722,965.9138955450685,4.531647457306917,81.02,-0.06,80.96,81.08,2.1503681516438746,1.25987728278551,11.930754491283524,1.1378794679014144
2024-11-01 13:51:11,964.46,967.42,963.8510538623113,967.9897894552914,965.9204216588014,4.138735592980083,81.02,-0.06,80.96,81.08,0.006526113732888916,-2.1438420379109857,11.930835100394841,1.4038656290475056
2024-11-01 13:51:12,957.55,963.47,962.2757903967336,966.8598420914686,964.5678162441011,4.584051694735081,81.02,-0.06,80.96,81.08,-1.3526054147002924,-1.3591315284331813,11.914128017909748,1.3372229080304034
2024-11-01 13:51:13,957.55,964.46,961.0943427975501,966.2598815686015,963.6771121830758,5.165538771051388,81.02,-0.06,80.96,81.08,-0.8907040610253034,0.46190135367498897,11.903126238635743,1.1045616464529915
2024-11-01 13:51:14,962.49,965.45,961.4432570981626,966.0574111764511,963.7503341373068,4.614154078288493,81.02,-0.06,80.96,81.08,0.0732219542310304,0.9639260152563338,11.904030659996002,1.1075743920475543
2024-11-01 13:51:15,973.35,961.5,964.4199428236219,964.9180583823384,964.6690006029801,0.4981155587164494,81.06,-0.06,81.0,81.12,0.9186664656732546,0.8454445114422242,11.909493687573907,0.9067065257357123
2024-11-01 13:51:16,958.54,980.27,962.9499571177164,968.7560437867538,965.8530004522352,5.806086669037427,81.16,-0.06,81.1,81.22,1.1839998492550876,0.265333383581833,11.909407996828943,0.8807460087406546
2024-11-01 13:51:17,965.45,965.45,963.5749678382872,967.9295328400653,965.7522503391763,4.354565001778155,81.16,-0.06,81.1,81.22,-0.10075011305889348,-1.284749962313981,11.908165701985334,1.0461393458360753
2024-11-01 13:51:18,962.49,966.44,963.3037258787153,967.557149630049,965.4304377543822,4.253423751333685,81.16,-0.06,81.1,81.22,-0.32181258479408825,-0.22106247173519478,11.904197606044201,0.8815587238582294
2024-11-01 13:51:19,960.51,966.44,962.6052944090366,967.2778622225368,964.9415783157867,4.672567813500223,81.16,-0.06,81.1,81.22,-0.4888594385954548,-0.16704685380136652,11.898169746209827,0.5122746783822254
2024-11-01 13:51:20,961.5,964.46,962.3289708067774,966.5733966669026,964.45118373684,4.244425860125148,81.16,-0.06,81.1,81.22,-0.4903945789467343,-0.0015351403512795514,11.892122957394786,0.5863627641820384
2024-11-01 13:51:21,969.4,963.47,964.0967281050831,965.797547500177,964.9471378026301,1.7008193950938448,81.19,-0.06,81.13,81.25,0.4959540657901016,0.9863486447368359,11.893838603584268,0.5009851282354132
2024-11-01 13:51:22,961.5,976.31,963.4475460788124,968.4256606251328,965.9366033519725,4.978114546320398,81.26,-0.06,81.2,81.32000000000001,0.9894655493424125,0.4935114835523109,11.8957708307414,0.5634616644448183
2024-11-01 13:51:23,965.45,968.41,963.9481595591092,968.4217454688495,966.1849525139794,4.473585909740336,81.26,-0.06,81.2,81.32000000000001,0.24834916200688895,-0.7411163873355235,11.898829317920567,0.7351147068336685
2024-11-01 13:51:24,963.47,967.42,963.8286196693318,968.1713091016371,965.9999643854844,4.342689432305292,81.26,-0.06,81.2,81.32000000000001,-0.1849881284949788,-0.43333729050186776,11.896551139026272,0.7608121060143753
2024-11-01 13:51:25,962.49,968.41,963.4939647519989,968.2309818262278,965.8624732891133,4.737017074228902,81.26,-0.06,81.2,81.32000000000001,-0.13749109637114998,0.04749703212382883,11.894857898944032,0.48403587912662066
2024-11-01 13:51:26,964.46,968.41,963.7354735639992,968.2757363696708,966.005604966835,4.540262805671546,81.26,-0.06,81.2,81.32000000000001,0.1431316777217262,0.28062277409287617,11.896620604312986,0.11953026920450605
2024-11-01 13:51:27,973.35,967.42,966.1391051729994,968.061802277253,967.1004537251263,1.9226971042536434,81.29,-0.06,81.23,81.35000000000001,1.0948487582912776,0.9517170805695514,11.905705303698399,0.49951526037536037
2024-11-01 13:51:28,963.47,979.28,965.4718288797496,970.8663517079397,968.1690902938446,5.39452282819002,81.36,-0.06,81.3,81.42,1.0686365687183752,-0.02621218957290239,11.908598750126027,0.9957416966142666
2024-11-01 13:51:29,964.46,968.41,965.2188716598123,970.2522637809548,967.7355677203835,5.0333921211424695,81.36,-0.06,81.3,81.42,-0.43352257346111855,-1.5021591421794938,11.903266369214235,1.0243894865375633
2024-11-01 13:51:30,959.52,966.44,963.7941537448593,969.2991978357161,966.5466757902877,5.5050440908568135,81.36,-0.06,81.3,81.42,-1.1888919300957923,-0.7553693566346737,11.888642852418757,0.8732282030025397
2024-11-01 13:51:31,963.47,965.45,963.7131153086445,968.3368983767871,966.0250068427158,4.623783068142529,81.36,-0.06,81.3,81.42,-0.521668947571925,0.6672229825238674,11.882226260276624,0.867107127504006
2024-11-01 13:51:32,965.45,964.46,964.1473364814833,967.3676737825904,965.7575051320368,3.2203373011070653,81.36,-0.06,81.3,81.42,-0.267501710678971,0.25416723689295395,11.878935956372706,1.0595212975569444
2024-11-01 13:51:33,972.36,967.42,966.2005023611125,967.3807553369428,966.7906288490276,1.1802529758302853,81.39,-0.06,81.33,81.45,1.0331237169907581,1.300625427669729,11.887257063344038,0.7689162618604221
2024-11-01 13:51:34,966.44,976.31,966.2603767708343,969.613066502707,967.9367216367707,3.352689731872715,81.46,-0.06,81.39999999999999,81.52,1.1460927877431004,0.1129690707523423,11.89111437033976,0.8464311816429627
2024-11-01 13:51:35,968.41,964.46,966.7977825781257,968.3247998770303,967.5612912275781,1.527017298904525,81.46,-0.06,81.39999999999999,81.52,-0.3754304091926315,-1.521523196935732,11.886502203207321,0.9431576755702192
2024-11-01 13:51:36,968.41,968.41,967.2008369335942,968.3460999077727,967.7734684206835,1.1452629741784222,81.46,-0.06,81.39999999999999,81.52,0.21217719310538996,0.5876076022980214,11.889108802599198,0.9005587990685832
2024-11-01 13:51:37,961.5,966.44,965.7756277001956,967.8695749308296,966.8226013155127,2.093947230633944,81.46,-0.06,81.39999999999999,81.52,-0.9508671051708006,-1.1630442982761906,11.877427388674267,0.5375006478865895
2024-11-01 13:51:38,962.49,968.41,964.9542207751467,968.0046811981222,966.4794509866344,3.0504604229754477,81.46,-0.06,81.39999999999999,81.52,-0.3431503288782096,0.607716776292591,11.873211782720182,0.6320578774931842
2024-11-01 13:51:39,975.33,966.44,967.5481655813601,967.6135108985917,967.580838239976,0.06534531723161763,81.5,-0.06,81.44,81.56,1.1013872533414997,1.4445375822197093,11.880904056471906,0.5604867239723739
2024-11-01 13:51:40,968.41,980.27,967.76362418602,970.7776331739437,969.2706286799819,3.0140089879237166,81.53,-0.06,81.47,81.59,1.689790440005936,0.5884031866644364,11.897270366794054,1.0817082897221628
2024-11-01 13:51:41,962.49,965.45,966.445218139515,969.4457248804579,967.9454715099864,3.0005067409429103,81.53,-0.06,81.47,81.59,-1.3251571699954638,-3.0149476100014,11.881004782484125,1.0918718898416113
2024-11-01 13:51:42,967.42,968.41,966.6889136046362,969.1867936603434,967.9378536324898,2.497880055707128,81.53,-0.06,81.47,81.59,-0.007617877496613801,1.31753929249885,11.880911277176612,0.9982003624288258
2024-11-01 13:51:43,960.51,968.41,965.1441852034773,968.9925952452575,967.0683902243674,3.8484100417801983,81.53,-0.06,81.47,81.59,-0.8694634081224422,-0.8618455306258284,11.87023908621736,0.8150427413577451
2024-11-01 13:51:44,962.49,968.41,964.480638902608,968.846946433943,966.6637926682755,4.366307531334996,81.53,-0.06,81.47,81.59,-0.40459755609185777,0.4648658520305844,11.865272871032314,1.003312176269955
2024-11-01 13:51:45,976.31,964.46,967.437979176956,967.7502098254572,967.5940945012067,0.3122306485012132,81.56,-0.06,81.5,81.62,0.9303018329311499,1.3348993890230076,11.872320032256278,0.5629560387368985
2024-11-01 13:51:46,962.49,976.31,966.200984382717,969.8901573690929,968.045570875905,3.6891729863758655,81.6,-0.06,81.53999999999999,81.66,0.451476374698359,-0.4788254582327909,11.87203285508796,0.5866225755984669
2024-11-01 13:51:47,964.46,964.46,965.7657382870377,968.5326180268197,967.1491781569287,2.7668797397819844,81.6,-0.06,81.53999999999999,81.66,-0.8963927189763581,-1.347869093674717,11.861039567033226,0.5299597080561039
2024-11-01 13:51:48,968.41,970.39,966.4268037152783,968.9969635201147,967.7118836176965,2.5701598048364076,81.6,-0.06,81.53999999999999,81.66,0.5627054607678019,1.45909817974416,11.867940541449055,0.5364711779057537
2024-11-01 13:51:49,968.41,967.42,966.9226027864587,968.6027226400861,967.7626627132724,1.6801198536273887,81.6,-0.06,81.53999999999999,81.66,0.05077909557599014,-0.5119263651918118,11.868563292184318,0.32669208409405825
2024-11-01 13:51:50,966.44,969.4,966.801952089844,968.8020419800646,967.8019970349543,2.000089890220579,81.6,-0.06,81.53999999999999,81.66,0.03933432168184936,-0.01144477389414078,11.86904568513501,0.33057916511233487
2024-11-01 13:51:51,976.31,967.42,969.1789640673829,968.4565314850485,968.8177477762157,0.722432582334477,81.63,-0.06,81.57,81.69,1.0157507412613995,0.9764164195795502,11.877132964313876,0.6034663835143985
2024-11-01 13:51:52,970.39,975.33,969.4817230505372,970.1748986137864,969.8283108321618,0.6931755632491559,81.66,-0.06,81.6,81.72,1.010563055946136,-0.005187685315263479,11.885150722389843,0.9288026518653579
2024-11-01 13:51:53,969.4,972.36,969.4612922879029,970.7211739603398,970.0912331241213,1.2598816724369044,81.66,-0.06,81.6,81.72,0.2629222919595122,-0.7476407639866238,11.888372809261625,1.0930307356070996
2024-11-01 13:51:54,961.5,971.38,967.4709692159272,970.8858804702548,969.1784248430911,3.4149112543276487,81.66,-0.06,81.6,81.72,-0.9128082810302658,-1.175730572989778,11.877186433405695,0.9047276387302733
2024-11-01 13:51:55,969.4,971.38,967.9532269119454,971.0094103526911,969.4813186323183,3.0561834407457127,81.66,-0.06,81.6,81.72,0.3028937892272552,1.215702070257521,11.880898367051717,0.5060760640571542
2024-11-01 13:51:56,962.49,969.4,966.587420183959,970.6070577645183,968.5972389742387,4.019637580559333,81.66,-0.06,81.6,81.72,-0.8840796580795995,-1.1869734473068547,11.8700640576492,0.5820555428161263
2024-11-01 13:51:57,976.31,970.39,969.0180651379693,970.5527933233888,969.785429230679,1.5347281854194534,81.7,-0.06,81.64,81.76,1.1881902564402935,2.072269914519893,11.878802270356159,0.5750913558413275
2024-11-01 13:51:58,969.4,976.31,969.113548853477,971.9920949925415,970.5528219230093,2.878546139064497,81.73,-0.06,81.67,81.79,0.7673926923303043,-0.42079756410998925,11.883835068436076,0.7257456515171072
2024-11-01 13:51:59,970.39,972.36,969.4326616401078,972.0840712444061,970.7583664422569,2.651409604298351,81.73,-0.06,81.67,81.79,0.20554451924760997,-0.5618481730826943,11.886351837344252,0.8699818992747664
2024-11-01 13:52:00,969.4,973.35,969.4244962300809,972.4005534333046,970.9125248316927,2.976057203223718,81.73,-0.06,81.67,81.79,0.15415838943579274,-0.05138612981181723,11.888239414025387,0.9557291373528144
2024-11-01 13:52:01,970.39,972.36,969.6658721725606,972.3904150749785,971.0281436237696,2.724542902417852,81.73,-0.06,81.67,81.79,0.11561879207681613,-0.03853959735897661,11.889655096536236,0.49283159419117506
2024-11-01 13:52:02,969.4,968.41,969.5994041294205,971.3953113062338,970.4973577178271,1.79590717681333,81.73,-0.06,81.67,81.79,-0.53078590594248,-0.6464046980192961,11.883155942630967,0.22724182370178914
2024-11-01 13:52:03,976.31,969.4,971.2770530970653,970.8964834796753,971.0867682883703,0.3805696173899378,81.73,-0.06,81.67,81.79,0.5894105705432366,1.1201964764857166,11.890372920264447,0.23676839171384986
2024-11-01 13:52:04,962.49,976.31,969.0802898227989,972.2498626097565,970.6650762162777,3.1695727869575876,81.76,-0.06,81.7,81.82000000000001,-0.42169207209258275,-1.0111026426358194,11.880845340702967,0.24976689341071262
2024-11-01 13:52:05,960.51,973.35,966.9377173670991,972.5248969573173,969.7313071622082,5.58717959021817,81.76,-0.06,81.7,81.82000000000001,-0.9337690540695576,-0.5120769819769748,11.869416099054982,0.5453514810003798
2024-11-01 13:52:06,960.51,972.36,965.3307880253244,972.483672717988,968.9072303716562,7.152884692663633,81.76,-0.06,81.7,81.82000000000001,-0.8240767905519988,0.10969226351755879,11.859329479955038,0.863058704682444
2024-11-01 13:52:07,960.51,972.36,964.1255910189934,972.452754538491,968.2891727787422,8.327163519497617,81.76,-0.06,81.7,81.82000000000001,-0.6180575929139422,0.20601919763805654,11.851764515630082,1.169182157675023
2024-11-01 13:52:08,962.49,968.41,963.7166932642451,971.4420659038683,967.5793795840567,7.725372639623174,81.76,-0.06,81.7,81.82000000000001,-0.7097931946855169,-0.09173560177157469,11.843076716535863,1.2076221102548328
2024-11-01 13:52:09,962.49,969.4,963.4100199481838,970.9315494279012,967.1707846880425,7.521529479717401,81.8,-0.06,81.74,81.86,-0.408594896014165,0.30119829867135195,11.832282515974555,1.025375452614831
2024-11-01 13:52:10,964.46,972.36,963.672514961138,971.288662070926,967.480588516032,7.616147109788017,81.87,-0.06,81.81,81.93,0.30980382798941264,0.7183987240035776,11.8259451985098,0.7027385067929601
2024-11-01 13:52:11,960.51,970.39,962.8818862208534,971.0639965531944,966.9729413870239,8.18211033234104,81.87,-0.06,81.81,81.93,-0.5076471290080917,-0.8174509569975044,11.819740002044785,0.5038935712371319
2024-11-01 13:52:12,965.45,976.31,963.52391466564,972.3754974148958,967.9497060402679,8.85158274925584,81.87,-0.06,81.81,81.93,0.976764653244004,1.4844117822520957,11.831679430492464,0.37784278027324236
2024-11-01 13:52:13,966.44,974.34,964.25293599923,972.8666230611718,968.5597795302009,8.613687061941846,81.87,-0.06,81.81,81.93,0.6100734899330291,-0.36669116331097484,11.839136629887108,0.6386661792081363
2024-11-01 13:52:14,964.46,971.38,964.3047019994225,972.494967295879,968.3998346476508,8.19026529645646,81.87,-0.06,81.81,81.93,-0.1599448825501213,-0.7700183724831504,11.83718155250543,0.6555905809855471
2024-11-01 13:52:15,969.4,971.38,965.5785264995669,972.2162254719092,968.8973759857381,6.637698972342264,81.9,-0.06,81.84,81.96000000000001,0.4975413380873306,0.6574862206374519,11.838921849301274,0.7440289726550069
2024-11-01 13:52:16,967.42,979.28,966.0388948746752,973.9821691039319,970.0105319893036,7.943274229256758,81.97,-0.06,81.91,82.03,1.1131560035654502,0.6156146654781196,11.842394337039547,0.7760519752258805
2024-11-01 13:52:17,968.41,976.31,966.6316711560064,974.5641268279489,970.5978989919777,7.9324556719425345,81.97,-0.06,81.91,82.03,0.5873670026741138,-0.5257890008913364,11.849565219660755,0.9630016176984216
2024-11-01 13:52:18,963.47,976.31,965.8412533670048,975.0005951209617,970.4209242439833,9.159341753956937,81.97,-0.06,81.91,82.03,-0.1769747479943362,-0.76434175066845,11.847404619662786,0.9683754245951727
2024-11-01 13:52:19,960.51,972.36,964.5084400252535,974.3404463407213,969.4244431829875,9.832006315467765,81.97,-0.06,81.91,82.03,-0.9964810609958477,-0.8195063130015114,11.835239059305927,0.7066862419542639
2024-11-01 13:52:20,965.45,972.36,964.7438300189401,973.845334755541,969.2945823872406,9.101504736600873,81.97,-0.06,81.91,82.03,-0.12986079574693576,0.8666202652489119,11.83365365100216,0.5811601669119315
2024-11-01 13:52:21,973.35,972.36,966.8953725142051,973.4740010666558,970.1846867904304,6.578628552450709,81.97,-0.06,81.91,82.03,0.8901044031898664,1.0199651989368022,11.844520509655842,0.5908572467690439
2024-11-01 13:52:22,970.39,976.31,967.7690293856538,974.1830007999919,970.9760150928228,6.413971414338107,82.03,-0.06,81.97,82.09,0.7913283023923441,-0.0987761007975223,11.84550449246454,0.7026188972636007
2024-11-01 13:52:23,968.41,978.29,967.9292720392402,975.2097505999939,971.569511319617,7.280478560753636,82.03,-0.06,81.97,82.09,0.5934962267942865,-0.1978320755980576,11.852744900169235,0.982204345687007
2024-11-01 13:52:24,968.41,976.31,968.0494540294301,975.4848129499954,971.7671334897127,7.435358920565363,82.03,-0.06,81.97,82.09,0.19762217009565575,-0.39587405669863074,11.855155808644101,1.0240495596653965
2024-11-01 13:52:25,968.41,976.31,968.1395905220725,975.6911097124965,971.9153501172846,7.551519190424074,82.03,-0.06,81.97,82.09,0.1482166275718555,-0.04940554252380025,11.856963990000251,0.7100829564589272
2024-11-01 13:52:26,966.44,976.31,967.7146928915544,975.8458322843724,971.7802625879633,8.131139392818,82.03,-0.06,81.97,82.09,-0.1350875293212539,-0.2833041568931094,11.855315978195039,0.370859453136125
2024-11-01 13:52:27,974.34,975.33,969.3710196686658,975.7168742132792,972.5439469409725,6.345854544613417,82.07,-0.06,82.00999999999999,82.13,0.7636843530092392,0.8987718823304931,11.858845690551481,0.3724765727439207
2024-11-01 13:52:28,971.38,977.3,969.8732647514994,976.1126556599595,972.9929602057294,6.239390908460109,82.1,-0.06,82.03999999999999,82.16,0.44901326475689984,-0.31467108825233936,11.859982305530805,0.5458167795133044
2024-11-01 13:52:29,970.39,974.34,970.0024485636245,975.6694917449697,972.8359701542971,5.667043181345207,82.1,-0.06,82.03999999999999,82.16,-0.1569900514323308,-0.6060033161892306,11.858068726185136,0.543234363319259
2024-11-01 13:52:30,968.41,976.31,969.6043364227183,975.8296188087273,972.7169776157228,6.225282386008985,82.1,-0.06,82.03999999999999,82.16,-0.11899253857427539,0.037997512858055416,11.856618305206053,0.4731598239005024
2024-11-01 13:52:31,963.47,974.34,968.0707523170388,975.4572141065455,971.7639832117922,7.386461789506711,82.1,-0.06,82.03999999999999,82.16,-0.9529944039306883,-0.834001865356413,11.845002088819967,0.47999394664661876
2024-11-01 13:52:32,968.41,971.38,968.1555642377791,974.4379105799092,971.2967374088441,6.28234634213004,82.1,-0.06,82.03999999999999,82.16,-0.467245802948014,0.48574860098267436,11.839306747556527,0.7471452462883997
2024-11-01 13:52:33,972.36,976.31,969.2066731783344,974.9059329349319,972.0563030566332,5.699259756597485,82.1,-0.06,82.03999999999999,82.16,0.7595656477890316,1.2268114507370456,11.848565226817017,0.647414643319803
2024-11-01 13:52:34,969.4,979.28,969.2550048837509,975.999449701199,972.6272272924749,6.744444817448084,82.13,-0.06,82.07,82.19,0.5709242358417441,-0.18864141194728745,11.851190635326969,0.5954781367766926
2024-11-01 13:52:35,968.41,972.36,969.0437536628131,975.0895872758992,972.0666704693562,6.045833613086188,82.13,-0.06,82.07,82.19,-0.560556823118759,-1.131481058960503,11.844360407274227,0.4858397669824438
2024-11-01 13:52:36,964.46,976.31,967.8978152471097,975.3946904569244,971.6462528520171,7.496875209814675,82.13,-0.06,82.07,82.19,-0.4204176173390124,0.1401392057797466,11.839237736234672,0.5004792789900983
2024-11-01 13:52:37,968.41,974.34,968.0258614353322,975.1310178426934,971.5784396390128,7.105156407361164,82.13,-0.06,82.07,82.19,-0.06781321300434229,0.3526044043346701,11.838411451207524,0.41944998933396094
2024-11-01 13:52:38,968.41,976.31,968.1218960764991,975.42576338202,971.7738297292595,7.303867305520953,82.13,-0.06,82.07,82.19,0.1953900902467467,0.263203303251089,11.840792224789416,0.42805989858081644
2024-11-01 13:52:39,971.38,976.31,968.9364220573743,975.6468225365151,972.2916222969448,6.710400479140731,82.13,-0.06,82.07,82.19,0.5177925676852055,0.32240247743845885,11.847101382354618,0.3003141255117189
2024-11-01 13:52:40,972.36,978.29,969.7923165430308,976.3076169023863,973.0499667227085,6.515300359355479,82.17,-0.06,82.11,82.23,0.7583444257637666,0.24055185807856105,11.850565763879464,0.6161050487588235
2024-11-01 13:52:41,968.41,977.3,969.4467374072731,976.5557126767897,973.0012250420314,7.108975269516577,82.17,-0.06,82.11,82.23,-0.048741680677153454,-0.80708610644092,11.849972149458766,0.6789937092327241
2024-11-01 13:52:42,968.41,977.3,969.1875530554548,976.7417845075922,972.9646687815235,7.554231452137401,82.17,-0.06,82.11,82.23,-0.03655626050783667,0.012185420169316785,11.849526938643242,0.564084807863921
2024-11-01 13:52:43,967.42,976.31,968.7456647915911,976.6338383806941,972.6897515861426,7.888173589102962,82.17,-0.06,82.11,82.23,-0.2749171953809082,-0.23836093487307153,11.846178781390376,0.31650108936667004
2024-11-01 13:52:44,969.4,976.31,968.9092485936934,976.5528787855205,972.731063689607,7.643630191827128,82.17,-0.06,82.11,82.23,0.04131210346440639,0.3162292988453146,11.846681912591952,0.1649700421116021
2024-11-01 13:52:45,972.36,975.33,969.7719364452701,976.2471590891404,973.0095477672053,6.475222643870325,82.17,-0.06,82.11,82.23,0.2784840775982502,0.23717197413384383,11.850073510134354,0.15574066369391587
2024-11-01 13:52:46,972.36,978.29,970.4189523339526,976.7578693168552,973.5884108254039,6.338916982902674,82.2,-0.06,82.14,82.26,0.5788630581986354,0.30037898060038515,11.852792780285016,0.3591979750476868
2024-11-01 13:52:47,964.46,973.35,968.9292142504644,975.9059019876414,972.417558119053,6.976687737177031,82.2,-0.06,82.14,82.26,-1.1708527063509564,-1.7497157645495918,11.838538425621069,0.44457662283404026
2024-11-01 13:52:48,966.44,976.31,968.3069106878482,976.0069264907311,972.1569185892897,7.700015802882831,82.2,-0.06,82.14,82.26,-0.2606395297632389,0.9102131765877175,11.835365312319508,0.5541225302244083
2024-11-01 13:52:49,969.4,976.31,968.5801830158862,976.0826948680483,972.3314389419672,7.502511852162115,82.2,-0.06,82.14,82.26,0.17452035267751853,0.43515988244075743,11.837489981793004,0.5906857666773676
2024-11-01 13:52:50,970.39,977.3,969.0326372619146,976.3870211510362,972.7098292064754,7.35438388912155,82.2,-0.06,82.14,82.26,0.378390264508198,0.20386991183067948,11.84209663214486,0.5662185361711256
2024-11-01 13:52:51,974.34,976.31,970.359477946436,976.3677658632771,973.3636219048565,6.008287916841141,82.2,-0.06,82.14,82.26,0.6537926983810394,0.27540243387284136,11.850056124358417,0.47350473572749574
2024-11-01 13:52:52,973.35,978.29,971.1071084598269,976.8483243974579,973.9777164286425,5.741215937630955,82.24,-0.06,82.17999999999999,82.3,0.6140945237859796,-0.039698174595059754,11.85176082473694,0.7562575807827041
2024-11-01 13:52:53,973.35,976.31,971.6678313448701,976.7137432980934,974.1907873214818,5.0459119532232535,82.24,-0.06,82.17999999999999,82.3,0.21307089283936875,-0.40102363094661087,11.854353558860165,0.7972114076191258
2024-11-01 13:52:54,972.36,978.29,971.8408735086526,977.10780747357,974.4743404911113,5.266933964917371,82.24,-0.06,82.17999999999999,82.3,0.2835531696294993,0.07048227679013053,11.857803950271446,0.7074308255560049
2024-11-01 13:52:55,972.36,974.34,971.9706551314895,976.4158556051775,974.1932553683334,4.445200473688033,82.24,-0.06,82.17999999999999,82.3,-0.2810851227778812,-0.5646382924073805,11.854383591067778,0.4172056568447962
2024-11-01 13:52:56,971.38,976.31,971.8229913486172,976.3893917038831,974.1061915262501,4.566400355265955,82.24,-0.06,82.17999999999999,82.3,-0.08706384208335294,0.1940212806945283,11.85332416248389,0.18230264700262272
2024-11-01 13:52:57,971.38,977.3,971.7122435114629,976.6170437779124,974.1646436446877,4.904800266449456,82.24,-0.06,82.17999999999999,82.3,0.0584521184375717,0.14551596052092464,11.854035431864837,0.14326870932887528
2024-11-01 13:52:58,973.35,974.34,972.1216826335972,976.0477828334343,974.0847327335157,3.926100199837151,82.27,-0.06,82.21,82.33,-0.07991091117196447,-0.13836302960953617,11.848737633922616,0.1569534374174899
2024-11-01 13:52:59,972.36,977.3,972.1812619751979,976.3608371250757,974.2710495501368,4.179575149877792,82.27,-0.06,82.21,82.33,0.18631681662111532,0.2662277277930798,11.851003986122526,0.07406249318615975
2024-11-01 13:53:00,972.36,977.3,972.2259464813984,976.5956278438068,974.4107871626027,4.369681362408414,82.27,-0.06,82.21,82.33,0.1397376124658649,-0.04657920415525041,11.852703750272461,0.13466262320695663
2024-11-01 13:53:01,972.36,976.31,972.2594598610489,976.524220882855,974.391840371952,4.26476102180618,82.27,-0.06,82.21,82.33,-0.01894679065071614,-0.15868440311658105,11.852473282076131,0.14137353007058
2024-11-01 13:53:02,968.41,976.31,971.2970948957866,976.4706656621413,973.8838802789639,5.173570766354715,82.27,-0.06,82.21,82.33,-0.5079600929880144,-0.48901330233729823,11.846294470656485,0.22312693903915057
2024-11-01 13:53:03,970.39,976.31,971.07032117184,976.430499246606,973.750410209223,5.360178074766054,82.27,-0.06,82.21,82.33,-0.13347006974095166,0.3744900232470627,11.844670944709307,0.3046670575047473
2024-11-01 13:53:04,976.31,979.28,972.3802408788799,977.1428744349546,974.7615576569173,4.762633556074661,82.3,-0.06,82.24,82.36,1.0111474476942703,1.144617517435222,11.852645255402141,0.4155613961245752
2024-11-01 13:53:05,968.41,977.3,971.38768065916,977.1821558262159,974.2849182426879,5.794475167055907,82.3,-0.06,82.24,82.36,-0.4766394142293393,-1.4877868619236096,11.846849542750954,0.40631550136270894
2024-11-01 13:53:06,974.34,976.31,972.1257604943701,976.9641168696619,974.544938682016,4.8383563752918235,82.3,-0.06,82.24,82.36,0.2600204393280592,0.7366598535573985,11.850011269844416,0.42819823249143146
2024-11-01 13:53:07,973.35,977.3,972.4318203707775,977.0480876522465,974.739954011512,4.6162672814690495,82.3,-0.06,82.24,82.36,0.1950153294960728,-0.06500510983198637,11.852382565164513,0.41868037988881956
2024-11-01 13:53:08,968.41,978.29,971.426365278083,977.3585657391849,974.3924655086339,5.932200461101843,82.3,-0.06,82.24,82.36,-0.34748850287815003,-0.5425038323742228,11.848157267272335,0.20965048737083627
2024-11-01 13:53:09,975.33,976.31,972.4022739585623,977.0964243043886,974.7493491314755,4.694150345826301,82.3,-0.06,82.24,82.36,0.35688362284156483,0.7043721257197149,11.852496805435052,0.20654246113489447
2024-11-01 13:53:10,976.31,978.29,973.3792054689217,977.3948182282915,975.3870118486066,4.0156127593697875,82.34,-0.06,82.28,82.4,0.6376627171310929,0.2807790942895281,11.854484686365117,0.3791287608439599
2024-11-01 13:53:11,975.33,977.3,973.8669041016913,977.3711136712186,975.6190088864549,3.5042095695273474,82.34,-0.06,82.28,82.4,0.2319970378483731,-0.4056656792827198,11.857304290582775,0.5074396168378197
2024-11-01 13:53:12,974.34,977.3,973.9851780762685,977.3533352534139,975.6692566648412,3.368157177145349,82.34,-0.06,82.28,82.4,0.050247778386278696,-0.18174925946209441,11.857914983069108,0.5655198471822349
2024-11-01 13:53:13,968.41,974.34,972.5913835572014,976.6000014400604,974.5956924986309,4.008617882858971,82.34,-0.06,82.28,82.4,-1.0735641662103035,-1.1238119445965822,11.844867290395767,0.4997336499231457
2024-11-01 13:53:14,973.35,974.34,972.781037667901,976.0350010800453,974.4080193739732,3.2539634121442305,82.34,-0.06,82.28,82.4,-0.1876731246577492,0.8858910415525543,11.842586382248259,0.5921475714138876
2024-11-01 13:53:15,972.36,976.31,972.6757782509259,976.103750810034,974.3897645304799,3.4279725591080705,82.34,-0.06,82.28,82.4,-0.018254843493309636,0.16941828116443958,11.842364519787498,0.651366216567355
2024-11-01 13:53:16,968.41,978.29,971.6093336881944,976.6503131075254,974.1298233978599,5.040979419331052,82.34,-0.06,82.28,82.4,-0.2599411326199288,-0.24168628912661916,11.839205293615152,0.5995903436077266
2024-11-01 13:53:17,975.33,979.28,972.5395002661458,977.307734830644,974.9236175483949,4.768234564498243,82.34,-0.06,82.28,82.4,0.79379415053495,1.0537352831548787,11.848852767374114,0.29397633311374155
2024-11-01 13:53:18,968.41,973.35,971.5071251996093,976.3183011229829,973.9127131612961,4.811175923373639,82.34,-0.06,82.28,82.4,-1.0109043870987762,-1.8046985376337261,11.836566617947613,0.3786961901945657
2024-11-01 13:53:19,974.34,979.28,972.215343899707,977.0587258422372,974.6370348709721,4.843381942530186,82.34,-0.06,82.28,82.4,0.724321709676019,1.7352260967747952,11.845369749946553,0.40028101360082124
2024-11-01 13:53:20,972.36,977.3,972.2515079247803,977.1190443816779,974.6852761532291,4.8675364568975965,82.34,-0.06,82.28,82.4,0.04824128225698132,-0.6760804274190377,11.845956056238126,0.4199835658455226
2024-11-01 13:53:21,974.34,976.31,972.7736309435852,976.9167832862585,974.8452071149218,4.143152342673261,82.34,-0.06,82.28,82.4,0.15993096169268028,0.11168967943569896,11.847899796633714,0.40182666827480923
2024-11-01 13:53:22,977.3,978.29,973.905223207689,977.2600874646938,975.5826553361915,3.354864257004806,82.37,-0.06,82.31,82.43,0.7374482212696876,0.5775172595770073,11.852540924354885,0.5955797808838498
2024-11-01 13:53:23,972.36,976.31,973.5189174057667,977.0225655985204,975.2707415021436,3.5036481927536443,82.37,-0.06,82.31,82.43,-0.31191383404791395,-1.0493620553176015,11.848751423319063,0.408490004469758
2024-11-01 13:53:24,976.31,976.31,974.216688054325,976.8444241988902,975.5305561266076,2.627736144565233,82.37,-0.06,82.31,82.43,0.2598146244640702,0.5717284585119842,11.85190796105819,0.40312876850123885
2024-11-01 13:53:25,973.35,978.29,974.0000160407437,977.2058181491677,975.6029170949557,3.2058021084239954,82.37,-0.06,82.31,82.43,0.07236096834810724,-0.18745365611596299,11.852787088350974,0.32033049714890427
2024-11-01 13:53:26,969.4,976.31,972.8500120305579,976.9818636118758,974.9159378212169,4.13185158131796,82.37,-0.06,82.31,82.43,-0.6869792737388707,-0.7593402420869779,11.844440845301616,0.2918552340879122
2024-11-01 13:53:27,976.31,975.33,973.7150090229184,976.5688977089069,975.1419533659126,2.8538886859885224,82.37,-0.06,82.31,82.43,0.22601554469576968,0.9129948184346404,11.847186751533542,0.28194248329522437
2024-11-01 13:53:28,978.29,979.28,974.8587567671888,977.2466732816802,976.0527150244345,2.387916514491394,82.4,-0.06,82.34,82.46000000000001,0.9107616585218921,0.6847461138261224,11.853931299131688,0.4396721664194604
2024-11-01 13:53:29,976.31,979.28,975.2215675753915,977.75500496126,976.4882862683257,2.533437385868524,82.4,-0.06,82.34,82.46000000000001,0.4355712438912178,-0.47519041463067424,11.859221209729226,0.6449058571649686
2024-11-01 13:53:30,976.31,976.31,975.4936756815437,977.393753720945,976.4437147012443,1.9000780394013645,82.4,-0.06,82.34,82.46000000000001,-0.04457156708144794,-0.48014281097266576,11.858679898500903,0.7359007609968892
2024-11-01 13:53:31,976.31,977.3,975.6977567611577,977.3703152907087,976.5340360259332,1.6725585295509973,82.4,-0.06,82.34,82.46000000000001,0.0903213246889436,0.13489289177039154,11.859776829805154,0.5857083895188993
2024-11-01 13:53:32,972.36,978.29,974.8633175708684,977.6002364680315,976.23177701945,2.73691889716315,82.4,-0.06,82.34,82.46000000000001,-0.3022590064832684,-0.392580331172212,11.856105965063687,0.20256466159961142
2024-11-01 13:53:33,972.36,977.3,974.2374881781514,977.5251773510236,975.8813327645875,3.2876891728722057,82.4,-0.06,82.34,82.46000000000001,-0.3504442548625093,-0.048185248379240875,11.851849901782092,0.26905495756292597
2024-11-01 13:53:34,976.31,979.28,974.7556161336134,977.9638830132676,976.3597495734405,3.208266879654161,82.4,-0.06,82.34,82.46000000000001,0.4784168088530123,0.8288610637155216,11.85766016171703,0.2541876979901294
2024-11-01 13:53:35,977.3,978.29,975.39171210021,978.0454122599507,976.7185621800804,2.6537001597406515,82.4,-0.06,82.34,82.46000000000001,0.3588126066399582,-0.11960420221305412,11.862017856668237,0.3175325088230704
2024-11-01 13:53:36,976.31,977.3,975.6212840751575,977.859059194963,976.7401716350603,2.2377751198055194,82.4,-0.06,82.34,82.46000000000001,0.02160945497985267,-0.3372031516601055,11.862280298430653,0.3588862886665489
2024-11-01 13:53:37,972.36,976.31,974.8059630563681,977.4717943962222,976.1388787262952,2.665831339854094,82.4,-0.06,82.34,82.46000000000001,-0.6012929087651173,-0.62290236374497,11.854977737081825,0.3710845091053785
2024-11-01 13:53:38,971.38,976.31,973.9494722922761,977.1813457971666,975.5654090447214,3.2318735048904728,82.4,-0.06,82.34,82.46000000000001,-0.5734696815737834,0.0278232271913339,11.848013082301534,0.4842508668796589
2024-11-01 13:53:39,972.36,977.3,973.5521042192071,977.211009347875,975.3815567835411,3.658905128667925,82.4,-0.06,82.34,82.46000000000001,-0.1838522611802773,0.3896174203935061,11.845780239710479,0.6315657419149064
2024-11-01 13:53:40,976.31,976.31,974.2415781644053,976.9857570109062,975.6136675876558,2.744178846500972,82.44,-0.06,82.38,82.5,0.23211080411465446,0.41596306529493177,11.842846027492229,0.5533860627737313
2024-11-01 13:53:41,974.34,977.3,974.266183623304,977.0643177581796,975.6652506907418,2.7981341348756814,82.44,-0.06,82.38,82.5,0.05158310308604541,-0.18052770102860904,11.843472187997932,0.2815751782319072
2024-11-01 13:53:42,976.31,976.31,974.777137717478,976.8757383186347,975.8264380180564,2.098600601156704,82.44,-0.06,82.38,82.5,0.16118732731456475,0.10960422422851934,11.845428819769698,0.16131109870987426
2024-11-01 13:53:43,974.34,977.3,974.6678532881085,976.9818037389759,975.8248285135422,2.3139504508674236,82.44,-0.06,82.38,82.5,-0.0016095045141355513,-0.1627968318287003,11.845409282206033,0.1834034932196387
2024-11-01 13:53:44,977.3,976.31,975.3258899660814,976.8138528042319,976.0698713851566,1.4879628381505654,82.44,-0.06,82.38,82.5,0.24504287161437333,0.24665237612850888,11.848383825403895,0.1782015225852855
2024-11-01 13:53:45,975.33,976.31,975.326917474561,976.687889603174,976.0074035388675,1.360972128612957,82.44,-0.06,82.38,82.5,-0.06246784628910973,-0.30751071790348306,11.847625536431684,0.16148153174176036
2024-11-01 13:53:46,979.28,977.3,976.3151881059207,976.8409172023805,976.5780526541506,0.5257290964598269,82.44,-0.06,82.38,82.5,0.5706491152831177,0.6331169615722274,11.854552571007503,0.3086626451430192
2024-11-01 13:53:47,978.29,975.33,976.8088910794405,976.4631879017854,976.636039490613,0.3457031776550821,82.44,-0.06,82.38,82.5,0.05798683646241898,-0.5126622788206987,11.855256465590637,0.3623308088249746
2024-11-01 13:53:48,978.29,977.3,977.1791683095804,976.6723909263392,976.9257796179597,0.5067773832412286,82.44,-0.06,82.38,82.5,0.28974012734670396,0.23175329088428498,11.858773582898595,0.3929210928882618
2024-11-01 13:53:49,974.34,976.31,976.4693762321854,976.5817931947544,976.5255847134699,0.11241696256900013,82.44,-0.06,82.38,82.5,-0.4001949044898083,-0.6899350318365123,11.853915669574585,0.3328727142630765
2024-11-01 13:53:50,976.31,976.31,976.429532174139,976.5138448960657,976.4716885351024,0.08431272192672168,82.44,-0.06,82.38,82.5,-0.05389617836749494,0.3462987261223134,11.853261430952186,0.1775898399432988
2024-11-01 13:53:51,975.33,976.31,976.1546491306042,976.4628836720493,976.3087664013267,0.30823454144513107,82.44,-0.06,82.38,82.5,-0.16292213377573717,-0.10902595540824223,11.8512837405929,0.2295416178459986
2024-11-01 13:53:52,980.27,975.33,977.1834868479531,976.1796627540369,976.681574800995,1.003824093916137,82.47,-0.06,82.41,82.53,0.37280839966831536,0.5357305334440525,11.851493301170995,0.2335086532912897
2024-11-01 13:53:53,973.35,978.29,976.2251151359648,976.7072470655277,976.4661811007462,0.48213192956291095,82.47,-0.06,82.41,82.53,-0.21539370024879645,-0.5882020999171118,11.848879617180764,0.1338960049333935
2024-11-01 13:53:54,979.28,975.33,976.9888363519735,976.3629352991458,976.6758858255596,0.6259010528277713,82.47,-0.06,82.41,82.53,0.20970472481337765,0.4250984250621741,11.851424268585552,0.15831420794364962
2024-11-01 13:53:55,974.34,978.29,976.3266272639802,976.8447014743593,976.5856643691698,0.5180742103791545,82.47,-0.06,82.41,82.53,-0.09022145638982693,-0.2999261812032046,11.85032948087417,0.15767569491561348
2024-11-01 13:53:56,975.33,978.29,976.0774704479851,977.2060261057695,976.6417482768773,1.1285556577844318,82.47,-0.06,82.41,82.53,0.056083907707488834,0.14630536409731576,11.85101002822312,0.08908945249835679
2024-11-01 13:53:57,976.31,972.36,976.1356028359888,975.9945195793272,976.065061207658,0.1410832566616591,82.47,-0.06,82.41,82.53,-0.576687069219247,-0.6327709769267358,11.844012248072392,0.24891025967982233
2024-11-01 13:53:58,972.36,976.31,975.1917021269917,976.0733896844954,975.6325459057435,0.8816875575037102,82.47,-0.06,82.41,82.53,-0.43251530191446363,0.14417176730478332,11.838763912959346,0.45780481257715
2024-11-01 13:53:59,972.36,977.3,974.4837765952437,976.3800422633715,975.4319094293076,1.8962656681277394,82.47,-0.06,82.41,82.53,-0.2006364764359887,0.23187882547847494,11.836329299757049,0.5457440522488363
2024-11-01 13:54:00,977.3,977.3,975.1878324464328,976.6100316975287,975.8989320719808,1.4221992510958898,82.47,-0.06,82.41,82.53,0.46702264267321425,0.667659119109203,11.841996362455824,0.4642962217462166
2024-11-01 13:54:01,972.36,976.31,974.4808743348246,976.5350237731465,975.5079490539856,2.054149438321815,82.47,-0.06,82.41,82.53,-0.3909830179951541,-0.8580056606683684,11.83725199874692,0.2673410134672982
2024-11-01 13:54:02,976.31,975.33,974.9381557511184,976.2337678298599,975.5859617904891,1.295612078741442,82.47,-0.06,82.41,82.53,0.07801273650352414,0.46899575449867825,11.838198640362705,0.17796621045346858
2024-11-01 13:54:03,977.3,976.31,975.5286168133389,976.2528258723949,975.8907213428669,0.7242090590559656,82.47,-0.06,82.41,82.53,0.3047595523777318,0.22674681587420764,11.841896729777577,0.2184602021830617
2024-11-01 13:54:04,975.33,976.31,975.4789626100041,976.2671194042961,975.87304100715,0.7881567942919219,82.47,-0.06,82.41,82.53,-0.017680335716818263,-0.32243988809455004,11.8416821886357,0.18881923576087917
2024-11-01 13:54:05,972.36,977.3,974.6992219575031,976.525339553222,975.6122807553626,1.8261175957188698,82.47,-0.06,82.41,82.53,-0.26076025178747386,-0.2430799160706556,11.838518006514315,0.1758694198271701
2024-11-01 13:54:06,976.31,977.3,975.1019164681273,976.7190046649166,975.910460566522,1.6170881967892683,82.47,-0.06,82.41,82.53,0.29817981115945713,0.558940062946931,11.842136254391285,0.16090738361516121
2024-11-01 13:54:07,976.31,979.28,975.4039373510955,977.3592534986874,976.3815954248914,1.9553161475919296,82.47,-0.06,82.41,82.53,0.47113485836939617,0.17295504720993904,11.847853216563989,0.27838254190936257
2024-11-01 13:54:08,976.31,977.3,975.6304530133216,977.3444401240156,976.4874465686686,1.7139871106940063,82.47,-0.06,82.41,82.53,0.10585114377715854,-0.36528371459223763,11.84913766192854,0.36866480320982564
2024-11-01 13:54:09,977.3,978.29,976.0478397599911,977.5808300930116,976.8143349265014,1.532990333020507,82.47,-0.06,82.41,82.53,0.3268883578327859,0.22103721405562737,11.85310427221693,0.47795394046192424
2024-11-01 13:54:10,978.29,976.31,976.6083798199934,977.2631225697587,976.935751194876,0.6547427497653189,82.47,-0.06,82.41,82.53,0.12141626837467356,-0.20547208945811235,11.854577591800734,0.4031886736060875
2024-11-01 13:54:11,977.3,976.31,976.7812848649951,977.024841927319,976.903063396157,0.24355706232393004,82.47,-0.06,82.41,82.53,-0.03268779871905281,-0.15410406709372637,11.854180943356099,0.2531539969734421
2024-11-01 13:54:12,978.29,978.29,977.1584636487463,977.3411314454893,977.2497975471179,0.18266779674297595,82.47,-0.06,82.41,82.53,0.3467341509608559,0.3794219496799087,11.858388371420089,0.27330476682676275
2024-11-01 13:54:13,972.36,976.31,975.9588477365597,977.083348584117,976.5210981603384,1.124500847557215,82.47,-0.06,82.41,82.53,-0.7286993867794536,-1.0754335377403095,11.849546005470119,0.2614369609630997
2024-11-01 13:54:14,978.29,976.31,976.5416358024198,976.8900114380878,976.7158236202538,0.34837563566793506,82.47,-0.06,82.41,82.53,0.19472545991538937,0.9234248466948429,11.851908891740626,0.27159055356228595
2024-11-01 13:54:15,976.31,976.31,976.4837268518148,976.7450085785658,976.6143677151904,0.26128172675100814,82.47,-0.06,82.41,82.53,-0.1014559050634034,-0.29618136497879277,11.85067778017853,0.2882133301100942
2024-11-01 13:54:16,978.29,977.3,976.9352951388611,976.8837564339244,976.9095257863928,0.051538704936660906,82.47,-0.06,82.41,82.53,0.29515807120242243,0.39661397626582584,11.854259360904424,0.2888002976409001
2024-11-01 13:54:17,976.31,978.29,976.7789713541458,977.2353173254432,977.0071443397945,0.4563459712974236,82.47,-0.06,82.41,82.53,0.09761855340173042,-0.197539517800692,11.855443908316353,0.2021554913970198
2024-11-01 13:54:18,979.28,974.34,977.4042285156092,976.5114879940825,976.9578582548459,0.8927405215267754,82.47,-0.06,82.41,82.53,-0.049286084948676034,-0.14690463835040646,11.854845848804757,0.16806760411202054
2024-11-01 13:54:19,973.35,972.36,976.3906713867069,975.4736159955619,975.9321436911343,0.917055391145027,82.47,-0.06,82.41,82.53,-1.0257145637115173,-0.9764284787628412,11.842399367173098,0.44733064813356543
2024-11-01 13:54:20,972.36,977.3,975.3830035400302,975.9302119966715,975.6566077683508,0.547208456641215,82.47,-0.06,82.41,82.53,-0.275535922783547,0.7501786409279703,11.839055890417365,0.6457635986034911
2024-11-01 13:54:21,976.31,976.31,975.6147526550227,976.0251589975036,975.8199558262631,0.4104063424808828,82.47,-0.06,82.41,82.53,0.1633480579123443,0.4388839806958913,11.841038029186084,0.6537115183618358
2024-11-01 13:54:22,979.28,978.29,976.531064491267,976.5913692481276,976.5612168696973,0.060304756860659836,82.47,-0.06,82.41,82.53,0.7412610434341786,0.5779129855218343,11.850032823925064,0.5511894813799274
2024-11-01 13:54:23,976.31,978.29,976.4757983684502,977.0160269360957,976.745912652273,0.5402285676454994,82.47,-0.06,82.41,82.53,0.184695782575659,-0.5565652608585197,11.852274005581835,0.4805736673738818
2024-11-01 13:54:24,976.31,976.31,976.4343487763376,976.8395202020718,976.6369344892047,0.40517142573412457,82.47,-0.06,82.41,82.53,-0.10897816306828645,-0.29367394564394544,11.850951615559437,0.5058985007311554
2024-11-01 13:54:25,977.3,975.33,976.6507615822532,976.4621401515537,976.5564508669034,0.1886214306994134,82.47,-0.06,82.41,82.53,-0.0804836223012444,0.028494540767042054,11.849974991104581,0.36816172248467943
2024-11-01 13:54:26,976.31,978.29,976.5655711866899,976.9191051136653,976.7423381501776,0.35353392697538766,82.47,-0.06,82.41,82.53,0.18588728327415538,0.2663709055753998,11.852230630966472,0.09289772022238277
2024-11-01 13:54:27,977.3,976.31,976.7491783900175,976.7668288352489,976.7580036126333,0.017650445231424783,82.47,-0.06,82.41,82.53,0.01566546245567224,-0.17022182081848314,11.852420722730404,0.08820409440988067
2024-11-01 13:54:28,978.29,979.28,977.1343837925131,977.3951216264368,977.2647527094749,0.26073783392371297,82.51,-0.06,82.45,82.57000000000001,0.506749096841645,0.4910836343859728,11.85281674780665,0.2768778707019569
2024-11-01 13:54:29,973.35,979.28,976.1882878443847,977.8663412198275,977.0273145321062,1.6780533754428006,82.51,-0.06,82.45,82.57000000000001,-0.23743817736874462,-0.7441872742103897,11.849936964004478,0.27736758092954295
2024-11-01 13:54:30,976.31,977.3,976.2187158832885,977.7247559148707,976.9717358990796,1.506040031582188,82.51,-0.06,82.45,82.57000000000001,-0.05557863302658461,0.18185954434216,11.849262875073581,0.21532840840356535
2024-11-01 13:54:31,973.35,976.31,975.5015369124663,977.3710669361529,976.4363019243096,1.8695300236865933,82.51,-0.06,82.45,82.57000000000001,-0.5354339747699441,-0.47985534174335953,11.842768830582665,0.31194048703239485
2024-11-01 13:54:32,978.29,976.31,976.1986526843498,977.1058002021147,976.6522264432322,0.9071475177648836,82.51,-0.06,82.45,82.57000000000001,0.2159245189225203,0.7513584936924644,11.845387684631225,0.3265141693299245
2024-11-01 13:54:33,979.28,976.31,976.9689895132624,976.906850151586,976.9379198324242,0.06213936167637257,82.51,-0.06,82.45,82.57000000000001,0.28569338919203346,0.06976887026951317,11.848852734791649,0.2520765124924007
2024-11-01 13:54:34,972.36,979.28,975.8167421349468,977.5001376136895,976.6584398743182,1.683395478742682,82.51,-0.06,82.45,82.57000000000001,-0.2794799581059806,-0.565173347298014,11.845463044619226,0.22309541802932623
2024-11-01 13:54:35,976.31,979.28,975.9400566012101,977.945103210267,976.9425799057385,2.005046609056876,82.51,-0.06,82.45,82.57000000000001,0.28414003142029287,0.5636199895262735,11.848909254782647,0.21549215219035783
2024-11-01 13:54:36,976.31,978.29,976.0325424509076,978.0313274077002,977.0319349293039,1.9987849567926332,82.51,-0.06,82.45,82.57000000000001,0.08935502356541747,-0.1947850078548754,11.849993002781211,0.17682350174007183
2024-11-01 13:54:37,979.28,977.3,976.8444068381807,977.8484955557751,977.3464511969779,1.0040887175944135,82.51,-0.06,82.45,82.57000000000001,0.3145162676739801,0.22516124410856264,11.853807633028142,0.24672636531784817
2024-11-01 13:54:38,972.36,976.31,975.7233051286356,977.4638716668313,976.5935883977335,1.7405665381957078,82.51,-0.06,82.45,82.57000000000001,-0.7528627992444399,-1.06737906691842,11.844676489424584,0.3040198490420963
2024-11-01 13:54:39,977.3,976.31,976.1174788464766,977.1754037501235,976.6464412983,1.0579249036468354,82.51,-0.06,82.45,82.57000000000001,0.05285290056656322,0.8057156998110031,11.84531751913866,0.3065838112376213
2024-11-01 13:54:40,978.29,977.3,976.6606091348574,977.2065528125927,976.933580973725,0.5459436777352948,82.51,-0.06,82.45,82.57000000000001,0.28713967542500995,0.23428677485844673,11.848800110672224,0.3063872260245398
2024-11-01 13:54:41,976.31,978.29,976.572956851143,977.4774146094445,977.0251857302937,0.9044577583015325,82.51,-0.06,82.45,82.57000000000001,0.09160475656869949,-0.19553491885631047,11.849911144698394,0.30573208652964684
2024-11-01 13:54:42,975.33,976.31,976.2622176383572,977.1855609570833,976.7238892977202,0.9233433187260971,82.51,-0.06,82.45,82.57000000000001,-0.30129643257350835,-0.39290118914220784,11.846256852049283,0.18663858886021392
2024-11-01 13:54:43,978.29,977.3,976.7691632287679,977.2141707178125,976.9916669732902,0.4450074890446558,82.51,-0.06,82.45,82.57000000000001,0.2677776755699597,0.569074108143468,11.849504610355192,0.1688815316745984
2024-11-01 13:54:44,979.28,978.29,977.3968724215758,977.4831280383594,977.4400002299676,0.08625561678354643,82.51,-0.06,82.45,82.57000000000001,0.4483332566774152,0.1805555811074555,11.85494224833263,0.2609303591105912
2024-11-01 13:54:45,970.39,977.3,975.6451543161819,977.4373460287695,976.5412501724757,1.7921917125876234,82.51,-0.06,82.45,82.57000000000001,-0.8987500574919522,-1.3470833141693674,11.844041701982219,0.34115056820656225
2024-11-01 13:54:46,976.31,978.29,975.8113657371364,977.6505095215771,976.7309376293567,1.8391437844406937,82.51,-0.06,82.45,82.57000000000001,0.18968745688107447,1.0884375143730267,11.84634233818089,0.3490191281142542
2024-11-01 13:54:47,972.36,978.29,974.9485243028523,977.8103821411828,976.3794532220176,2.8618578383304794,82.51,-0.06,82.45,82.57000000000001,-0.3514844073391714,-0.5411718642202459,11.842079337537152,0.4163919866560919
2024-11-01 13:54:48,977.3,974.34,975.5363932271393,976.9427866058871,976.2395899165133,1.4063933787477936,82.51,-0.06,82.45,82.57000000000001,-0.13986330550426374,0.21162110183490768,11.840382996678354,0.46978454685727905
2024-11-01 13:54:49,973.35,975.33,974.9897949203545,976.5395899544153,975.7646924373848,1.5497950340608213,82.51,-0.06,82.45,82.57000000000001,-0.47489747912845814,-0.3350341736241944,11.834623172865514,0.36591079651522973
2024-11-01 13:54:50,978.29,976.31,975.8148461902658,976.4821924658114,976.1485193280387,0.667346275545583,82.51,-0.06,82.45,82.57000000000001,0.383826890653836,0.8587243697822942,11.839278441343362,0.35140946806194046
2024-11-01 13:54:51,976.31,978.29,975.9386346426994,976.9341443493586,976.436389496029,0.9955097066591634,82.51,-0.06,82.45,82.57000000000001,0.287870167990377,-0.095956722663459,11.842769892701748,0.26532862252701145
2024-11-01 13:54:52,980.27,977.3,977.0214759820245,977.025608262019,977.0235421220218,0.0041322799944509825,82.51,-0.06,82.45,82.57000000000001,0.5871526259927577,0.29928245800238074,11.849891210092547,0.46171514349406506
2024-11-01 13:54:53,974.34,975.33,976.3511069865184,976.6017061965142,976.4764065915163,0.2505992099958121,82.51,-0.06,82.45,82.57000000000001,-0.5471355305055567,-1.1342881564983145,11.843255242550164,0.46322190272380454
2024-11-01 13:54:54,978.29,976.31,976.8358302398888,976.5287796473857,976.6823049436373,0.3070505925030602,82.51,-0.06,82.45,82.57000000000001,0.20589835212103935,0.7530338826265961,11.84575249360685,0.3244988036252714
2024-11-01 13:54:55,979.28,977.3,977.4468726799166,976.7215847355392,977.0842287077279,0.7252879443774418,82.51,-0.06,82.45,82.57000000000001,0.40192376409061126,0.1960254119695719,11.85062725114737,0.3016112688127118
2024-11-01 13:54:56,976.31,976.31,977.1626545099374,976.6186885516544,976.8906715307959,0.5439659582830245,82.51,-0.06,82.45,82.57000000000001,-0.19355717693201768,-0.5954809410226289,11.848279680806746,0.2512984851805463
2024-11-01 13:54:57,979.28,977.3,977.691990882453,976.7890164137407,977.2405036480968,0.9029744687122729,82.51,-0.06,82.45,82.57000000000001,0.34983211730093444,0.5433892942329521,11.852522641547292,0.305623582986238
2024-11-01 13:54:58,973.35,976.31,976.6064931618397,976.6692623103055,976.6378777360726,0.06276914846580439,82.51,-0.06,82.45,82.57000000000001,-0.602625912024223,-0.9524580293251574,11.84521365543795,0.2577866890042876
2024-11-01 13:54:59,976.31,975.33,976.5323698713797,976.3344467327291,976.4334083020544,0.1979231386505944,82.51,-0.06,82.45,82.57000000000001,-0.20446943401816497,0.398156478006058,11.84273373510395,0.32683544263059006
2024-11-01 13:55:00,977.3,976.31,976.7242774035349,976.3283350495468,976.5263062265408,0.39594235398806177,82.51,-0.06,82.45,82.57000000000001,0.09289792448635126,0.29736735850451623,11.843860453398184,0.3252432751910712
2024-11-01 13:55:01,974.34,977.3,976.1282080526512,976.5712512871601,976.3497296699056,0.4430432345088775,82.51,-0.06,82.45,82.57000000000001,-0.1765765566351547,-0.26947448112150596,11.841718833574127,0.3537098948984846
2024-11-01 13:55:02,977.3,977.3,976.4211560394883,976.75343846537,976.5872972524292,0.33228242588165813,82.51,-0.06,82.45,82.57000000000001,0.23756758252352483,0.41414413915867954,11.844600186874821,0.11629598579396923
2024-11-01 13:55:03,975.33,976.31,976.1483670296162,976.6425788490275,976.3954729393218,0.49421181941124814,82.51,-0.06,82.45,82.57000000000001,-0.19182431310730408,-0.4293918956308289,11.842273633681604,0.09697858946036188
2024-11-01 13:55:04,976.31,977.3,976.1887752722122,976.8069341367707,976.4978547044914,0.6181588645584952,82.51,-0.06,82.45,82.57000000000001,0.10238176516952535,0.29420607827682943,11.843515377331425,0.09710211321791833
2024-11-01 13:55:05,974.34,976.31,975.7265814541591,976.6827006025779,976.2046410283685,0.956119148418793,82.51,-0.06,82.45,82.57000000000001,-0.2932136761228321,-0.39559544129235746,11.839959116900054,0.14587973846709687
2024-11-01 13:55:06,979.28,977.3,976.6149360906193,976.8370254519334,976.7259807712763,0.22208936131414703,82.51,-0.06,82.45,82.57000000000001,0.5213397429077986,0.8145534190306307,11.846282218617272,0.1970279922283689
2024-11-01 13:55:07,970.39,976.31,975.0587020679644,976.7052690889501,975.8819855784573,1.6465670209856853,82.51,-0.06,82.45,82.57000000000001,-0.8439951928190794,-1.365334935726878,11.836045770071697,0.31822504841463134
2024-11-01 13:55:08,979.28,977.3,976.1140265509732,976.8539518167127,976.4839891838429,0.73992526573943,82.51,-0.06,82.45,82.57000000000001,0.6020036053856757,1.445998798204755,11.843347208496006,0.32440221961763094
2024-11-01 13:55:09,976.31,976.31,976.16301991323,976.7179638625345,976.4404918878822,0.5549439493045156,82.51,-0.06,82.45,82.57000000000001,-0.043497295960719384,-0.645500901346395,11.842819648818224,0.31923220776406663
2024-11-01 13:55:10,974.34,976.31,975.7072649349225,976.6159728969009,976.1616189159117,0.9087079619783935,82.51,-0.06,82.45,82.57000000000001,-0.2788729719704861,-0.23537567600976672,11.839437320515154,0.32457766359023815
2024-11-01 13:55:11,976.31,802.8,975.8579487011918,933.1619796726757,954.5099641869338,42.695969028516174,82.51,-0.06,82.45,82.57000000000001,-21.651654728977974,-21.372781757007488,11.576833870346876,9.721880959576167
2024-11-01 13:55:12,978.29,627.02,976.4659615258938,856.6264847545068,916.5462231402003,119.83947677138701,82.51,-0.06,82.45,82.57000000000001,-37.9637410467335,-16.31208631775553,11.116388259840049,26.084366804584455
2024-11-01 13:55:13,975.33,487.11,976.1819711444203,764.2473635658802,870.2146673551503,211.93460757854018,82.51,-0.06,82.45,82.57000000000001,-46.33155578505,-8.367814738316497,10.554453084301967,45.438627244091506
2024-11-01 13:55:14,977.3,329.14,976.4614783583152,655.4705226744101,815.9660005163626,320.9909556839051,82.51,-0.06,82.45,82.57000000000001,-54.2486668387877,-7.917111053737699,9.896494731593302,64.75240031670991
2024-11-01 13:55:15,978.29,199.89,976.9186087687364,541.5753920058075,759.247000387272,435.3432167629288,82.51,-0.06,82.45,82.57000000000001,-56.719000129090546,-2.4703332903028468,9.208574786885352,77.89378128853471
2024-11-01 13:55:16,979.28,176.61,977.5089565765522,450.33404400435563,713.9215002904539,527.1749125721966,82.51,-0.06,82.45,82.57000000000001,-45.32550009681813,11.393500032272414,8.658841620759397,81.67975239658621
2024-11-01 13:55:17,973.35,183.4,976.4692174324142,383.6005330032667,680.0348752178404,592.8686844291475,82.51,-0.06,82.45,82.57000000000001,-33.88662507261347,11.438875024204663,8.24784556664639,76.62809840169633
2024-11-01 13:55:18,974.34,167.88,975.9369130743107,329.67039975245007,652.8036564133804,646.2665133218607,82.51,-0.06,82.45,82.57000000000001,-27.231218804460013,6.655406268153456,7.917570024206311,64.81270209067917
2024-11-01 13:55:19,978.29,162.06,976.525184805733,287.76779981433754,632.1464923100352,688.7573849913955,82.54,-0.06,82.48,82.60000000000001,-20.657164103345167,6.5740547011148465,7.664239629556203,50.42126903193169
2024-11-01 13:55:20,977.3,166.91,976.7188886042998,257.55334986075314,617.1361192325264,719.1655387435467,82.54,-0.06,82.48,82.60000000000001,-15.010373077508802,5.6467910258363645,7.482251597360267,38.635184128324994
2024-11-01 13:55:21,976.31,156.24,976.6166664532249,232.22501239556487,604.4208394243949,744.3916540576599,82.54,-0.06,82.48,82.60000000000001,-12.715279808131527,2.2950932693772756,7.328089622894098,29.9199452657995
2024-11-01 13:55:22,791.98,151.4,930.4574998399187,212.01875929667366,571.2381295682961,718.438740543245,81.97,-0.06,81.91,82.03,-33.18270985609877,-20.46743004796724,6.973972928755015,30.631659762085654
2024-11-01 13:55:23,639.77,154.31,857.7856248799391,197.59156947250523,527.6885971762222,660.1940554074338,79.14,-0.06,79.08,79.2,-43.54953239207396,-10.366822535975189,6.672845099941542,41.69529807949514
2024-11-01 13:55:24,484.18,148.49,764.3842186599543,185.31617710437894,474.85019788216664,579.0680415555753,76.61,-0.06,76.55,76.67,-52.838399294055534,-9.288866901981578,6.203137709719516,58.425601572472836
2024-11-01 13:55:25,318.44,142.67,652.8981639949658,174.65463282828418,413.776398411625,478.2435311666816,74.56,-0.06,74.5,74.62,-61.073799470541644,-8.23540017648611,5.554045541712476,76.02699180121431
2024-11-01 13:55:26,199.89,100.06,539.6461229962243,156.0059746212131,347.8260488087187,383.6401483750112,73.01,-0.06,72.95,73.07000000000001,-65.95034960290627,-4.876550132364628,4.768006086918611,88.94587218343341
2024-11-01 13:55:27,165.94,93.28,446.2195922471683,140.32448096590983,293.2720366065391,305.89511128125844,72.23,-0.06,72.17,72.29,-54.55401220217965,11.396337400726622,4.063627996991978,94.27412364957897
2024-11-01 13:55:28,171.76,87.47,377.6046941853762,127.11086072443237,252.3577774549043,250.49383346094385,72.23,-0.06,72.17,72.29,-40.91425915163478,13.639753050544869,3.4967129549423768,89.73006127613326
2024-11-01 13:55:29,160.12,83.6,323.2335206390321,116.23314554332427,219.7333330911782,207.00037509570785,72.1,-0.06,72.03999999999999,72.16,-32.6244443637261,8.289814787908682,3.050157274306232,77.2087362306124
2024-11-01 13:55:30,157.21,79.73,281.7276404792741,107.1073591574932,194.41749981838365,174.6202813217809,72.03,-0.06,71.97,72.09,-25.31583327279455,7.308611090931549,2.701368585758164,60.80654418854109
2024-11-01 13:55:31,160.12,75.86,251.32573035945558,99.29551936811991,175.31062486378775,152.03021099133565,72.03,-0.06,71.97,72.09,-19.106874954595895,6.208958318198654,2.4358847079047248,46.9606572445136
2024-11-01 13:55:32,155.27,73.93,227.3117977695917,92.95413952608993,160.1329686478408,134.35765824350176,71.96,-0.06,71.89999999999999,72.02,-15.17765621594694,3.929218738648956,2.2271622589802305,36.60631371991403
2024-11-01 13:55:33,149.46,71.02,207.84884832719376,87.47060464456744,147.6597264858806,120.37824368262632,71.93,-0.06,71.87,71.99000000000001,-12.4732421619602,2.7044140539867385,2.0545390904597403,28.494194975401733
2024-11-01 13:55:34,151.4,68.12,193.73663624539532,82.63295348342558,138.18479486441043,111.10368276196974,71.93,-0.06,71.87,71.99000000000001,-9.474931621470176,2.9983105404900243,1.9227047856088166,22.34865469747755
2024-11-01 13:55:35,144.61,67.15,181.4549771840465,78.76221511256918,130.10859614830784,102.69276207147732,71.86,-0.06,71.8,71.92,-8.076198716102596,1.3987329053675808,1.8120974141533486,17.91409029226386
