time,force_left,force_right,force_left_filt,force_right_filt,force_avg,force_diff,dis_left,dis_right,total_delta_dis,dis_diff,force_rate,force_acc,stiffness_ratio,force_std_5s
2024-07-14 08:28:04,609.68,555.82,609.68,555.82,582.75,53.8599999999999,0.96,0.55,1.51,0.4099999999999999,0.0,0.0,385.9268967371545,0.0
2024-07-14 08:28:05,671.82,574.47,625.215,560.4825000000001,592.8487500000001,64.73249999999996,1.99,1.18,3.17,0.81,10.09875000000011,10.09875000000011,187.01847412666433,0.0
2024-07-14 08:28:06,646.97,584.82,630.65375,566.5668750000001,598.6103125,64.08687499999985,2.42,1.79,4.21,0.6299999999999999,5.7615624999998545,-4.337187500000255,142.18768891028765,0.0
2024-07-14 08:28:07,653.18,593.11,636.2853124999999,573.2026562500001,604.7439843750001,63.082656249999786,3.01,2.4,5.41,0.6099999999999999,6.133671875000118,0.37210937500026375,111.78260121855801,0.0
2024-07-14 08:28:08,636.61,632.47,636.3664843749999,588.0194921875002,612.1929882812501,48.34699218749972,3.23,3.01,6.24,0.2200000000000002,7.449003906250027,1.315332031249909,98.10783496368832,11.248665700831296
2024-07-14 08:28:09,680.11,653.18,647.30236328125,604.3096191406252,625.8059912109376,42.992744140624836,4.06,3.59,7.6499999999999995,0.46999999999999975,13.613002929687468,6.163999023437441,81.80469404003183,12.808585204285183
2024-07-14 08:28:10,646.97,673.89,647.2192724609374,621.7047143554688,634.4619934082032,25.51455810546861,4.11,4.04,8.15,0.07000000000000028,8.656002197265593,-4.957000732421875,77.84808779878716,14.807875676034474
2024-07-14 08:28:11,669.75,690.46,652.851954345703,638.8935357666016,645.8727450561523,13.958418579101362,4.96,4.15,9.11,0.8099999999999996,11.410751647949155,2.754749450683562,70.89711022602,16.578880388670132
2024-07-14 08:28:12,731.89,657.32,672.6114657592773,643.5001518249512,658.0558087921142,29.111313934326063,4.97,4.49,9.46,0.47999999999999954,12.183063735961923,0.7723120880127681,69.56191746619416,17.708612166421503
2024-07-14 08:28:13,673.89,659.39,672.931099319458,647.4726138687134,660.2018565940857,25.458485450744547,5.69,4.72,10.41,0.9700000000000006,2.146047801971463,-10.03701593399046,63.41996091970459,14.846712108067614
2024-07-14 08:28:14,669.75,646.97,672.1358244895935,647.3469604015352,659.7413924455643,24.78886408805829,5.69,4.96,10.65,0.7300000000000004,-0.46046414852139606,-2.606511950492859,61.94754276976728,11.27433046922373
2024-07-14 08:28:15,667.68,665.61,671.0218683671951,651.9127203011514,661.4672943341732,19.10914806604376,5.69,5.3,10.99,0.39000000000000057,1.7259018886088597,2.186366037130256,60.188101378168504,6.376350332742994
2024-07-14 08:28:16,680.11,657.32,673.2939012753964,653.2645402258636,663.27922075063,20.02936104953278,6.07,5.41,11.48,0.6600000000000001,1.8119264164567994,0.08602452784793968,57.7769305726219,1.954872800913685
2024-07-14 08:28:17,678.04,680.11,674.4804259565473,659.9759051693977,667.2281655629724,14.504520787149545,6.07,5.86,11.93,0.20999999999999996,3.948944812342461,2.1370183958856614,55.92859259299077,3.0353267182084642
2024-07-14 08:28:18,673.89,655.25,674.3328194674104,658.7944288770483,666.5636241722293,15.538390590362155,6.07,5.86,11.93,0.20999999999999996,-0.6645413907431248,-4.613486203085586,55.8728892120151,3.2199065404716474
2024-07-14 08:28:19,675.96,669.75,674.7396146005578,661.5333216577862,668.136468129172,13.206292942771597,6.07,6.31,12.379999999999999,0.23999999999999932,1.5728439569427337,2.2373853476858585,53.969015683372895,2.8340427093398946
2024-07-14 08:28:20,673.89,675.96,674.5272109504184,665.1399912433396,669.833601096879,9.38721970707877,6.07,6.4,12.47,0.33000000000000007,1.6971329677069207,0.12428901076418697,53.71560123346253,2.419049352845782
2024-07-14 08:28:21,671.82,684.25,673.8504082128138,669.9174934325047,671.8839508226592,3.9329147803091473,6.07,6.76,12.83,0.6899999999999995,2.050349725780279,0.3532167580733585,52.36819161765141,2.148622154210111
2024-07-14 08:28:22,675.96,684.25,674.3778061596104,673.5006200743785,673.9392131169944,0.8771860852318696,6.07,6.79,12.86,0.7199999999999998,2.0552622943351935,0.004912568554914287,52.405844534304045,2.9304572898088206
2024-07-14 08:28:23,673.89,684.25,674.2558546197077,676.1879650557839,675.2219098377459,1.9321104360761865,6.07,6.85,12.92,0.7799999999999994,1.28269672075146,-0.7725655735837336,52.26175368235234,2.8974511208485523
2024-07-14 08:28:24,673.89,690.46,674.1643909647808,679.755973791838,676.9601823783094,5.591582827057209,6.07,6.9,12.97,0.8300000000000001,1.7382725405634574,0.45557581981199746,52.19430456314609,2.791141108733589
2024-07-14 08:28:25,667.68,688.39,672.5432932235856,681.9144803438785,677.228886783732,9.371187120292916,6.07,6.95,13.02,0.8799999999999999,0.2687044054226817,-1.4695681351407757,52.014503438496824,2.2183080224868528
2024-07-14 08:28:26,671.82,675.96,672.3624699176892,680.4258602579089,676.394165087799,8.063390340219712,6.07,6.95,13.02,0.8799999999999999,-0.8347216959330126,-1.1034261013556943,51.95039271408651,1.3625963519358462
2024-07-14 08:28:27,671.82,686.32,672.2268524382669,681.8993951934317,677.0631238158493,9.67254275516484,6.05,7.01,13.059999999999999,0.96,0.6689587280502565,1.503680423983269,51.84250168249217,0.8181906010348445
2024-07-14 08:28:28,671.82,690.46,672.1251393287001,684.0395463950738,678.0823428618869,11.914407066373656,6.05,7.04,13.09,0.9900000000000002,1.0192190460376196,0.3502603179873631,51.80155011920068,0.6103810740007451
2024-07-14 08:28:29,671.82,684.25,672.0488544965251,684.0921597963054,678.0705071464153,12.043305299780286,6.05,7.1,13.149999999999999,1.0499999999999998,-0.011835715471647745,-1.0310547615092673,51.56429320016138,0.7184111350779333
2024-07-14 08:28:30,671.82,675.96,671.9916408723939,682.0591198472291,677.0253803598115,10.06747897483524,6.05,7.19,13.24,1.1400000000000006,-1.0451267866037597,-1.033291071132112,51.134843597051955,0.7338480229461837
2024-07-14 08:28:31,694.61,680.11,677.6462306542954,681.5718398854218,679.6090352698586,3.925609231126373,6.34,7.35,13.69,1.0099999999999998,2.58365491004713,3.62878169665089,49.642730871229205,1.0516522558055375
2024-07-14 08:28:32,686.32,686.32,679.8146729907216,682.7588799140664,681.286776452394,2.944206923344723,6.34,7.46,13.8,1.12,1.6777411825353283,-0.9059137275118019,49.36860341186888,1.6608706455075715
2024-07-14 08:28:33,680.11,700.82,679.8885047430413,687.2741599355498,683.5813323392956,7.38565519250858,6.34,7.57,13.91,1.2300000000000004,2.2945558869016622,0.6168147043663339,49.143154794834,2.606215294756378
2024-07-14 08:28:34,684.25,684.25,680.978878557281,686.5181199516624,683.7484992544717,5.539241394381406,6.34,7.57,13.91,1.2300000000000004,0.16716691517603977,-2.1273889717256225,49.15517254488132,2.8292908616303887
2024-07-14 08:28:35,680.11,684.25,680.7616589179607,685.9510899637468,683.3563744408538,5.189431045786023,6.34,7.67,14.01,1.33,-0.3921248136178974,-0.5592917287939372,48.776325886119054,1.8112466264261373
2024-07-14 08:28:36,680.11,682.18,680.5987441884706,685.0083174728101,682.8035308306403,4.409573284339444,6.34,7.67,14.01,1.33,-0.552843610213472,-0.16071879659557453,48.73686524580836,0.998617414708127
2024-07-14 08:28:37,680.11,690.46,680.4765581413529,686.3712381046075,683.4238981229803,5.894679963254589,6.34,7.76,14.1,1.42,0.6203672923400063,1.1732109025534783,48.469776571149204,0.3574531942155029
2024-07-14 08:28:38,682.18,688.39,680.9024186060146,686.8759285784556,683.8891735922351,5.973509972440979,6.34,7.76,14.1,1.42,0.4652754692548342,-0.1550918230851721,48.502774829039744,0.4210647124417986
2024-07-14 08:28:39,671.82,671.82,678.631813954511,683.1119464338418,680.8718801941764,4.480132479330791,6.34,7.82,14.16,1.4800000000000004,-3.0172933980587686,-3.482568867313603,48.08416893432256,1.1809925547595042
2024-07-14 08:28:40,678.04,686.32,678.4838604658833,683.9139598253814,681.1989101456323,5.430099359498172,6.34,7.82,14.16,1.4800000000000004,0.3270299514559838,3.3443233495147524,48.10726426824633,1.3416022366715077
2024-07-14 08:28:41,680.11,688.39,678.8903953494124,685.032969869036,681.9616826092242,6.142574519623622,6.34,7.82,14.16,1.4800000000000004,0.7627724635918867,0.43574251213590287,48.16113237627768,1.3369958966810898
2024-07-14 08:28:42,709.11,719.46,686.4452965120594,693.639727401777,690.0425119569181,7.194430889717637,6.49,7.96,14.45,1.4699999999999998,8.080829347693907,7.31805688410202,47.75380375108058,3.7908204519391986
2024-07-14 08:28:43,736.03,715.32,698.8414723840444,699.0597955513327,698.9506339676886,0.21832316728830392,7.51,8.48,15.99,0.9700000000000006,8.908122010770512,0.8272926630766051,43.711731723324384,7.872198439037584
2024-07-14 08:28:44,760.89,723.61,714.3536042880334,705.1973466634996,709.7754754757665,9.156257624533737,8.52,9.02,17.54,0.5,10.824841508077839,1.9167194973073265,40.466102338065234,12.091294233970821
2024-07-14 08:28:45,767.1,756.75,727.540203216025,718.0855099976247,722.8128566068249,9.45469321840028,9.55,9.55,19.1,0.0,13.037381131058396,2.2125396229805574,37.84360307660847,16.117608239114382
2024-07-14 08:28:46,765.03,750.53,736.9126524120188,726.1966324982186,731.5546424551187,10.71601991380021,10.55,10.07,20.62,0.4800000000000004,8.74178584829383,-4.295595282764566,35.477914984345475,16.935503280474492
2024-07-14 08:28:47,787.82,750.53,749.6394893090142,732.2799743736639,740.959731841339,17.359514935350262,11.56,10.59,22.15,0.9700000000000006,9.405089386220311,0.6633035379264811,33.4519051191618,16.770980009621297
2024-07-14 08:28:48,814.74,762.96,765.9146169817607,739.9499807802479,752.9322988810043,25.964636201512803,12.59,11.09,23.68,1.5,11.97256703966525,2.5674776534449393,31.79612614378708,16.55443390488202
2024-07-14 08:28:49,818.88,767.1,779.1559627363206,746.7374855851859,762.9467241607533,32.41847715113465,13.59,11.61,25.2,1.9800000000000004,10.014425279749048,-1.9581417599162023,30.275662455757573,16.095989608025924
2024-07-14 08:28:50,818.88,783.67,789.0869720522405,755.9706141888895,772.5287931205651,33.11635786335103,14.6,12.12,26.72,2.4800000000000004,9.58206895981175,-0.4323563199372984,28.91200464852397,16.44583060494828
2024-07-14 08:28:51,837.53,777.46,801.1977290391803,761.3429606416671,781.2703448404237,39.854768397513226,15.61,12.6,28.21,3.01,8.741551719858649,-0.8405172399531011,27.69480032419792,15.873977666266544
2024-07-14 08:28:52,870.66,781.6,818.5632967793852,766.4072204812503,792.4852586303177,52.15607629813485,16.62,13.11,29.73,3.5100000000000016,11.214913789894013,2.473362070035364,26.656079111141562,15.414828001461565
2024-07-14 08:28:53,876.88,812.67,833.1424725845388,777.9729153609378,805.5576939727383,55.16955722360103,17.63,13.59,31.22,4.039999999999999,13.07243534242059,1.8575215525265776,25.80261589270091,16.685191946567908
2024-07-14 08:28:54,870.66,810.6,842.521854438404,786.1296865207033,814.3257704795537,56.392167917700704,18.63,14.08,32.71,4.549999999999999,8.768076506815419,-4.304358835605171,24.895314753416052,17.096282231209663
2024-07-14 08:28:55,895.52,806.46,855.771390828803,791.2122648905275,823.4918278596652,64.55912593827543,19.64,14.57,34.21,5.07,9.16605738011151,0.3979808732960919,24.071669213329322,16.856448621385496
2024-07-14 08:28:56,922.44,827.17,872.4385431216023,800.2016986678957,836.3201208947489,72.23684445370657,20.63,15.05,35.68,5.579999999999998,12.828293035083675,3.6622356549721644,23.43946461477815,16.745105856703777
2024-07-14 08:28:57,918.3,841.67,883.9039073412016,810.5687740009218,847.2363406710617,73.33513334027975,21.64,15.54,37.18,6.100000000000001,10.9162197763128,-1.9120732587708744,22.787421137268442,16.703821955018288
2024-07-14 08:28:58,934.87,839.6,896.6454305059012,817.8265805006914,857.2360055032964,78.81885000520981,22.65,16.02,38.67,6.629999999999999,9.999664832234657,-0.9165549440781433,22.16798508754361,17.343341451134048
2024-07-14 08:28:59,953.51,843.74,910.8615728794259,824.3049353755187,867.5832541274723,86.55663750390727,23.64,16.49,40.129999999999995,7.150000000000002,10.347248624175904,0.347583791941247,21.619318029109255,17.271606333455388
2024-07-14 08:29:00,972.15,856.17,926.1836796595695,832.271201531639,879.2274405956043,93.91247812793051,24.64,16.96,41.6,7.68,11.644186468132034,1.2969378439561297,21.13527450625793,16.791003804054363
2024-07-14 08:29:01,974.22,870.66,938.1927597446772,841.8684011487292,890.0305804467032,96.32435859594807,25.63,17.43,43.06,8.2,10.803139851098877,-0.8410466170331574,20.66954388706826,17.016342000518545
2024-07-14 08:29:02,982.51,874.81,949.2720698085079,850.1038008615468,899.6879353350273,99.16826894696112,26.64,17.88,44.519999999999996,8.760000000000002,9.657354888324107,-1.1457849627747692,20.20862343051222,16.981053464896082
2024-07-14 08:29:03,1007.36,868.59,963.794052356381,854.7253506461601,909.2597015012706,109.06870171022092,27.63,18.35,45.980000000000004,9.279999999999998,9.571766166243265,-0.08558872208084267,19.775112695218745,16.43019329887184
2024-07-14 08:29:04,972.15,885.16,965.8830392672858,862.33401298462,914.108526125953,103.54902628266575,28.26,18.8,47.06,9.46,4.848824624682379,-4.7229415415608855,19.424320159405713,14.177130903585605
2024-07-14 08:29:05,968.01,889.31,966.4147794504643,869.078009738465,917.7463945944646,97.3367697119993,28.26,19.25,47.510000000000005,9.010000000000002,3.6378684685116696,-1.2109561561707096,19.316909603821404,11.281371073571618
2024-07-14 08:29:06,974.22,893.45,968.3660845878483,875.1710073038487,921.7685459458485,93.19507728399958,28.26,19.69,47.95,8.57,4.0221513513838545,0.3842828828721849,19.223535489516433,8.524457177544807
2024-07-14 08:29:07,968.01,899.66,968.2770634408862,881.2932554778865,924.7851594593864,86.98380796299966,28.26,20.13,48.39,8.130000000000003,3.016613513537891,-1.0055378378459636,19.11107956909086,6.139089726593616
2024-07-14 08:29:08,972.15,914.16,969.2452975806647,889.5099416084149,929.3776195945397,79.73535597224975,28.26,20.58,48.84,7.680000000000003,4.592460135153374,1.575846621615483,19.029025400604308,5.9503851203742855
2024-07-14 08:29:09,965.94,928.66,968.4189731854985,899.2974562063112,933.8582146959048,69.12151697918739,28.26,21.01,49.27,7.25,4.480595101365111,-0.11186503378826274,18.953890719342684,6.313647351355377
2024-07-14 08:29:10,968.01,914.16,968.316729889124,903.0130921547334,935.6649110219287,65.30363773439058,28.26,21.44,49.7,6.82,1.8066963260238253,-2.6738987753412857,18.82625537617049,5.87757154249347
2024-07-14 08:29:11,968.01,922.44,968.240047416843,907.86981911605,938.0549332664466,60.370228300792974,28.26,21.87,50.13,6.390000000000001,2.3900222445179224,0.5833259184940971,18.712445931657705,5.28846506837433
2024-07-14 08:29:12,968.01,945.23,968.1825355626322,917.2098643370375,942.6961999498349,50.972671225594695,28.26,22.3,50.56,5.960000000000001,4.641266683388267,2.2512444388703443,18.645098522641145,4.939459938395908
2024-07-14 08:29:13,959.72,932.8,966.0669016719742,921.1073982527782,943.5871499623762,44.959503419195926,28.26,22.72,50.980000000000004,5.540000000000003,0.8909500125413388,-3.750316670846928,18.508966878254398,4.269030529336989
2024-07-14 08:29:14,963.87,939.01,965.5176762539807,925.5830486895836,945.5503624717821,39.93462756439703,28.26,23.15,51.41,5.110000000000003,1.9632125094059347,1.072262496864596,18.392342814227572,4.103399361894457
2024-07-14 08:29:15,965.94,955.58,965.6232571904856,933.0822865171876,949.3527718538367,32.54097067329792,28.26,23.56,51.82,4.700000000000003,3.8024093820545204,1.8391968726485857,18.320199798024642,4.127797809449028
2024-07-14 08:29:16,959.72,963.87,964.1474428928641,940.7792148878907,952.4633288903774,23.36822800497339,28.26,23.98,52.24,4.280000000000001,3.1105570365407402,-0.6918523455137802,18.23245234796947,4.101541973960049
2024-07-14 08:29:17,955.58,957.65,962.005582169648,944.996911165918,953.5012466677831,17.00867100373,28.26,24.39,52.650000000000006,3.870000000000001,1.0379177774057098,-2.0726392591350304,18.110184777922093,4.2871851370054985
2024-07-14 08:29:18,963.87,959.72,962.4716866272361,948.6776833744386,955.5746850008373,13.794003252797438,28.26,24.81,53.07,3.450000000000003,2.0734383330542414,1.0355205556485316,18.005929281984326,3.915390093740249
2024-07-14 08:29:19,961.79,974.22,962.301264970427,955.063262530829,958.682263750628,7.238002439598063,28.26,25.2,53.46,3.0600000000000023,3.107578749790605,1.0341404167363635,17.932701941973924,3.48474620160683
2024-07-14 08:29:20,957.65,974.22,961.1384487278203,959.8524468981218,960.4954478129711,1.2860018296985345,28.26,25.62,53.88,2.6400000000000006,1.8131840623431117,-1.2943946874474932,17.82656700049005,3.3997604203447147
2024-07-14 08:29:21,959.72,976.29,960.7838365458654,963.9618351735913,962.3728358597284,3.1779986277259695,28.26,26.01,54.27,2.25,1.8773880467573463,0.06420398441423458,17.73305358626635,3.6005859331142394
2024-07-14 08:29:22,961.79,984.58,961.035377409399,969.1163763801935,965.0758768947962,8.080998970794553,28.26,26.41,54.67,1.8500000000000014,2.7030410350678267,0.8256529883104804,17.652750306238264,3.6052465248930594
2024-07-14 08:29:23,963.87,999.07,961.7440330570491,976.6047822851452,969.1744076710972,14.860749228096097,28.26,26.8,55.06,1.4600000000000009,4.098530776301004,1.3954897412331775,17.602150201034274,4.111364476398468
2024-07-14 08:29:24,959.72,990.79,961.238024792787,980.151086713859,970.6945557533229,18.91306192107197,28.26,27.2,55.46,1.0600000000000023,1.52014808222566,-2.5783826940753443,17.50260617112724,4.343663501054181
2024-07-14 08:29:25,961.79,990.79,961.3760185945903,982.8108150353942,972.0934168149922,21.434796440803893,28.26,27.6,55.86,0.6600000000000001,1.3988610616693222,-0.12128702055633767,17.40231649503537,4.0479017777701625
2024-07-14 08:29:26,961.79,1007.36,961.4795139459427,988.9481112765457,975.2138126112442,27.46859733060296,28.26,27.97,56.230000000000004,0.2900000000000027,3.1203957962519553,1.721534734582633,17.34330064499277,3.740416788987174
2024-07-14 08:29:27,961.79,1007.36,961.557135459457,993.5510834574093,977.5541094584331,31.99394799795232,28.24,28.37,56.61,0.13000000000000256,2.340296847188938,-0.7800989490630172,17.26822279085339,3.4058205612000036
2024-07-14 08:29:28,953.51,1007.36,959.5453515945928,997.003312593057,978.2743320938249,37.45796099846416,28.24,28.75,56.989999999999995,0.5100000000000016,0.7202226353917922,-1.6200742117971458,17.165718809056084,3.3166942763538625
2024-07-14 08:29:29,955.58,1015.64,958.5540136959446,1001.6624844447928,980.1082490703686,43.10847074884816,28.24,29.12,57.36,0.8800000000000026,1.833916976543719,1.113694341151927,17.08696359803705,3.09194244934503
2024-07-14 08:29:30,953.51,1028.07,957.2930102719586,1008.2643633335945,982.7786868027765,50.97135306163591,28.24,29.52,57.76,1.2800000000000011,2.6704377324078905,0.8365207558641714,17.0148661666882,2.8385635218480654
2024-07-14 08:29:31,1015.64,1015.64,971.879757703969,1010.1082725001958,990.9940151020824,38.22851479622682,28.96,29.88,58.84,0.9199999999999982,8.215328299305838,5.544890566897948,16.842182159413667,5.447637925891673
2024-07-14 08:29:32,1015.64,1026.0,982.8198182779767,1014.0812043751469,998.4505113265618,31.261386097170202,29.95,30.26,60.21,0.3100000000000023,7.4564962244794515,-0.7588320748263868,16.582801772857668,8.435898797548687
2024-07-14 08:29:33,1042.57,1040.49,997.7573637084824,1020.6834032813601,1009.2203834949213,22.9260395728777,30.94,30.64,61.58,0.3000000000000007,10.769872168359484,3.3133759438800325,16.388768546705958,11.886204418134207
2024-07-14 08:29:34,1067.42,1034.28,1015.1730227813619,1024.08255246102,1019.6277876211909,8.909529679658135,31.93,31.01,62.94,0.9199999999999982,10.407404126269626,-0.3624680420898585,16.199996368306238,14.5783937144898
2024-07-14 08:29:35,1065.35,1038.42,1027.7172670860214,1027.666914345765,1027.6920907158933,0.05035274025635772,32.92,31.37,64.29,1.5500000000000007,8.064303094702382,-2.343101031567244,15.985255478778003,14.980870600266668
2024-07-14 08:29:36,1071.56,1050.85,1038.677950314516,1033.462685759324,1036.07031803692,5.215264555192107,33.91,31.73,65.64,2.179999999999996,8.37822732102677,0.31392422632438866,15.784130137915753,14.850603518068949
2024-07-14 08:29:37,1104.7,1050.85,1055.183462735887,1037.8095143194928,1046.49648852769,17.373948416394114,34.9,32.09,66.99000000000001,2.809999999999995,10.426170490769891,2.047943169743121,15.62168193619955,14.404455908003062
2024-07-14 08:29:38,1106.77,1050.85,1068.0800970519153,1041.0696357396196,1054.5748663957675,27.010461312295774,35.89,32.45,68.34,3.4399999999999977,8.078377868077496,-2.3477926226923955,15.43129720463082,14.038309055151007
2024-07-14 08:29:39,1110.91,1067.42,1078.7875727889366,1047.6572268047148,1063.2223997968258,31.130345984221776,36.88,32.81,69.69,4.07,8.647533401058354,0.569155532980858,15.256455510695513,14.172229142573705
2024-07-14 08:29:40,1139.9,1067.42,1094.0656795917025,1052.5979201035361,1073.3317998476193,41.467759488166394,37.87,33.17,71.03999999999999,4.699999999999996,10.10940005079351,1.461866649735157,15.108837059949076,14.44079204530462
2024-07-14 08:29:41,1144.04,1061.2,1106.5592596937768,1054.748440077652,1080.6538498857144,51.81081961612472,38.84,33.52,72.36000000000001,5.32,7.322050038095085,-2.7873500126984254,14.9344089960103,13.780891063342976
2024-07-14 08:29:42,1137.83,1073.63,1114.3769447703326,1059.468830058239,1086.922887414286,54.90811471209349,39.83,33.88,73.71000000000001,5.949999999999996,6.269037528571516,-1.053012509523569,14.745935051802345,13.03554692859279
2024-07-14 08:29:43,1170.96,1086.06,1128.5227085777494,1066.1166225436791,1097.3196655607144,62.40608603407031,40.82,34.22,75.03999999999999,6.600000000000001,10.39677814642846,4.127740617856944,14.623129676673573,12.97937418832151
2024-07-14 08:29:44,1179.25,1067.42,1141.204531433312,1066.4424669077594,1103.8234991705358,74.76206452555266,41.79,34.56,76.35,7.229999999999997,6.503833609821413,-3.8929445366070468,14.457413028331668,12.315433252392008
2024-07-14 08:29:45,1175.11,1071.56,1149.680898574984,1067.7218501808195,1108.7013743779016,81.95904839416448,42.77,34.9,77.67,7.8700000000000045,4.8778752073658325,-1.6259584024555807,14.27451216819093,11.628003920515363
2024-07-14 08:29:46,1193.74,1088.13,1160.695673931238,1072.8238876356147,1116.7597807834263,87.87178629562322,43.76,35.24,79.0,8.519999999999996,8.058406405524693,3.18053119815886,14.136199577812997,11.322779171429865
2024-07-14 08:29:47,1210.31,1094.34,1173.0992554484283,1078.2029157267111,1125.6510855875697,94.89633972171714,44.73,35.59,80.32,9.139999999999993,8.891304804143374,0.8328983986186813,14.014580074364913,11.070910283563343
2024-07-14 08:29:48,1173.04,1094.34,1173.0844415863212,1082.2371867950333,1127.6608141906772,90.84725479128792,44.89,35.91,80.8,8.980000000000004,2.0097286031075328,-6.881576201035841,13.956198022703951,10.366822044599626
2024-07-14 08:29:49,1173.04,1106.77,1173.0733311897409,1088.370390096275,1130.7218606430079,84.70294109346582,44.89,36.25,81.14,8.64,3.061046452330629,1.0513178492230963,13.935443020798187,9.023696791841495
2024-07-14 08:29:50,1173.04,1106.77,1173.0649983923056,1092.9702925722063,1133.0176454822558,80.0947058200993,44.89,36.58,81.47,8.310000000000002,2.295784839247972,-0.7652616130826573,13.907176035044554,6.262986178053971
2024-07-14 08:29:51,1166.82,1100.55,1171.503748794229,1094.8652194291546,1133.1844841116917,76.63852936507442,44.89,36.9,81.78999999999999,7.990000000000002,0.1668386294359152,-2.1289462098120566,13.854804624732697,3.3219694496576424
2024-07-14 08:29:52,1170.96,1117.12,1171.3678115956718,1100.428914571866,1135.8983630837688,70.9388970238058,44.89,37.22,82.11,7.670000000000002,2.7138789720770546,2.5470403426411394,13.833861274508678,3.084287729953883
2024-07-14 08:29:53,1170.96,1127.48,1171.2658586967539,1107.1916859288995,1139.2287723128265,64.0741727678544,44.89,37.55,82.44,7.340000000000003,3.33040922905775,0.6165302569806954,13.818883533405423,3.2587844063817566
2024-07-14 08:29:54,1170.96,1110.91,1171.1893940225655,1108.1212644466746,1139.65532923462,63.06812957589091,44.89,37.87,82.75999999999999,7.020000000000003,0.4265569217934626,-2.9038523072642874,13.770605551764314,3.1790098911377007
2024-07-14 08:29:55,1170.96,1131.62,1171.132045516924,1113.9959483350058,1142.563996925965,57.13609718191833,44.89,38.18,83.07,6.710000000000001,2.9086676913450447,2.482110769551582,13.754231168553437,3.6273183809757272
2024-07-14 08:29:56,1170.96,1133.69,1171.089034137693,1118.9194612512542,1145.0042476944736,52.1695728864388,44.89,38.5,83.39,6.390000000000001,2.4402507685085766,-0.4684169228364681,13.73071392209809,3.4658485216362167
2024-07-14 08:29:57,1170.96,1129.55,1171.0567756032697,1121.5770959384406,1146.3169357708553,49.479679664829064,44.89,38.81,83.7,6.079999999999998,1.3126880763816189,-1.1275626921269577,13.695542677124404,3.147337390206713
2024-07-14 08:29:58,1162.68,1133.69,1168.9625817024523,1124.6053219538303,1146.7839518281412,44.35725974862203,44.89,39.13,84.02000000000001,5.759999999999998,0.46701605728594586,-0.845672019095673,13.648939992611297,2.959911587318709
2024-07-14 08:29:59,1168.89,1150.26,1168.9444362768393,1131.0189914653727,1149.981713871106,37.925444811466605,44.89,39.44,84.33,5.450000000000003,3.1977620429647686,2.7307459856788228,13.636685642528406,2.7056419641810137
2024-07-14 08:30:00,1162.68,1137.83,1167.3783272076296,1132.7217435990294,1150.0500354033295,34.65658360860016,44.89,39.74,84.63,5.149999999999999,0.06832153222353554,-3.129440510741233,13.589153040460552,2.276049506777794
2024-07-14 08:30:01,1166.82,1150.26,1167.238745405722,1137.106307699272,1152.172526552497,30.13243770644999,44.89,40.05,84.94,4.840000000000003,2.1224911491674447,2.054169616943909,13.564545714480237,2.460809796181324
2024-07-14 08:30:02,1158.54,1164.75,1165.0640590542916,1144.017230774454,1154.540644914373,21.046828279837655,44.89,40.34,85.23,4.549999999999997,2.368118361875986,0.24562721270854126,13.546176597069064,2.880648507866661
2024-07-14 08:30:03,1166.82,1154.4,1165.5030442907187,1146.6129230808406,1156.0579836857796,18.89012120987809,44.89,40.64,85.53,4.25,1.5173387714066848,-0.8507795904693012,13.51640325230184,2.7044620428746984
2024-07-14 08:30:04,1156.47,1158.54,1163.244783218039,1149.5946923106303,1156.4197377643345,13.65009090740864,44.89,40.93,85.82,3.960000000000001,0.3617540785548954,-1.1555846928517894,13.474944352008743,2.7022845045454584
2024-07-14 08:30:05,1162.68,1175.11,1163.1035874135293,1155.9735192329726,1159.538553323251,7.130068180556691,44.89,41.24,86.13,3.6499999999999986,3.1188155589165945,2.757061480361699,13.46265575131308,2.699875478809182
2024-07-14 08:30:06,1162.68,1168.89,1162.997690560147,1159.2026394247296,1161.1001649924383,3.7950511354174523,44.89,41.52,86.41,3.3699999999999974,1.5616116691871866,-1.5572038897294078,13.437103941156515,2.6979674096643405
2024-07-14 08:30:07,1160.61,1162.68,1162.4007679201102,1160.0719795685472,1161.2363737443288,2.3287883515629346,44.89,41.81,86.7,3.0799999999999983,0.1362087518905355,-1.4254029172966511,13.393729646489033,2.4965748199948563
2024-07-14 08:30:08,1164.75,1181.32,1162.9880759400826,1165.3839846764104,1164.1860303082465,2.395908736327783,44.89,42.1,86.99000000000001,2.789999999999999,2.9496565639176424,2.813447812027107,13.382986744743759,2.8311706985826413
2024-07-14 08:30:09,1160.61,1179.25,1162.393556955062,1168.8504885073078,1165.6220227311849,6.4569315522458055,44.89,42.39,87.28,2.5,1.4359924229383978,-1.5136641409792446,13.354972609718288,2.4891127700648084
2024-07-14 08:30:10,1162.68,1175.11,1162.4651677162965,1170.4153663804807,1166.4402670483887,7.9501986641841995,44.89,42.68,87.57,2.210000000000001,0.8182443172038347,-0.6177481057345631,13.32008968514673,2.46305788220918
2024-07-14 08:30:11,1162.68,1195.82,1162.5188757872224,1176.7665247853604,1169.6427002862915,14.247648998137947,44.89,42.96,87.85,1.9299999999999997,3.2024332379028237,2.384188920698989,13.314088639410393,3.0797002897853867
2024-07-14 08:30:12,1160.61,1187.53,1162.0416568404169,1179.4573935890203,1170.7495252147187,17.415736748603422,44.89,43.25,88.14,1.6400000000000006,1.1068249284271587,-2.095608309475665,13.28283993569184,2.7674480088977496
2024-07-14 08:30:13,1162.68,1185.46,1162.2012426303127,1180.9580451917652,1171.579643911039,18.75680256145256,44.89,43.52,88.41,1.3699999999999974,0.830118696320369,-0.2767062321067897,13.251664185718527,2.641252466136474
2024-07-14 08:30:14,1162.68,1199.96,1162.3209319727346,1185.7085338938239,1174.0147329332792,23.3876019210893,44.89,43.79,88.68,1.1000000000000014,2.435089022240163,1.604970325919794,13.238776721859523,2.7747326996535233
2024-07-14 08:30:15,1162.68,1208.24,1162.410698979551,1191.3414004203678,1176.8760496999594,28.930701440816847,44.89,44.08,88.97,0.8100000000000023,2.8613167666801473,0.42622774443998424,13.227785056447953,2.8936699229007607
2024-07-14 08:30:16,1160.61,1195.82,1161.9605242346631,1192.4610503152758,1177.2107872749693,30.500526080612644,44.89,44.35,89.24000000000001,0.5399999999999991,0.33473757500996726,-2.52657919167018,13.19151472527403,2.9566719704361835
2024-07-14 08:30:17,1162.68,1197.89,1162.1403931759974,1193.8182877364568,1177.979340456227,31.677894560459436,44.89,44.62,89.50999999999999,0.2700000000000031,0.7685531812576301,0.4338156062476628,13.160309767578118,2.6710245956105223
2024-07-14 08:30:18,1162.68,1222.74,1162.275294881998,1201.0487158023425,1181.6620053421702,38.773420920344506,44.89,44.89,89.78,0.0,3.682664885943268,2.914111704685638,13.16175085966161,2.7459196380551316
2024-07-14 08:30:19,1160.61,1206.17,1161.8589711614984,1202.3290368517569,1182.0940040066275,40.47006569025848,44.89,45.16,90.05,0.269999999999996,0.4319986644572964,-3.2506662214859716,13.127084851521852,2.513867934536439
2024-07-14 08:30:20,1162.68,1214.45,1162.0642283711238,1205.3592776388177,1183.711753004971,43.29504926769391,44.89,45.43,90.32,0.5399999999999991,1.6177489983433588,1.1857503338860624,13.105754427582115,2.80063035679013
2024-07-14 08:30:21,1162.68,1222.74,1162.2181712783429,1209.7044582291132,1185.961314753728,47.48628695077036,44.89,45.68,90.57,0.7899999999999991,2.24956174875706,0.631812750413701,13.094416491766717,2.9374378813903634
2024-07-14 08:30:22,1162.68,1208.24,1162.3336284587572,1209.338343671835,1185.835986065296,47.004715213077816,44.89,45.95,90.84,1.0600000000000023,-0.12532868843186407,-2.374890437188924,13.054116831915227,2.0181489069126646
2024-07-14 08:30:23,1158.54,1222.74,1161.3852213440678,1212.6887577538762,1187.036989548972,51.30353640980843,44.89,46.22,91.11,1.3299999999999983,1.2010034836760042,1.3263321721078682,13.02861350587596,1.9906534752075
2024-07-14 08:30:24,1158.54,1228.95,1160.6739160080508,1216.754068315407,1188.713992161729,56.08015230735623,44.89,46.47,91.36,1.5799999999999983,1.6770026127569508,0.47599912908094666,13.011317635184014,1.829483143947368
2024-07-14 08:30:25,1224.81,1226.88,1176.7079370060383,1219.2855512365554,1197.9967441212968,42.577614230517156,45.65,46.74,92.39,1.0900000000000034,9.282751959567804,7.605749346810853,12.966735914650513,5.10053420464629
2024-07-14 08:30:26,1224.81,1228.95,1188.7334527545286,1221.7016634274166,1205.2175580909725,32.96821067288806,46.62,46.99,93.61,0.37000000000000455,7.220813969675646,-2.061937989892158,12.874880303558298,8.358808696213755
2024-07-14 08:30:27,1228.95,1231.02,1198.7875895658965,1224.0312475705623,1211.4094185682293,25.243658004665804,47.59,47.25,94.84,0.3400000000000034,6.191860477256796,-1.0289534924188501,12.7731906979654,10.467749532054379
2024-07-14 08:30:28,1266.22,1245.52,1215.6456921744225,1229.4034356779216,1222.524563926172,13.757743503499114,48.56,47.5,96.06,1.0600000000000023,11.115145357942765,4.923284880685969,12.726676568805908,12.86826774120162
2024-07-14 08:30:29,1264.15,1235.16,1227.771769130817,1230.8425767584413,1229.3071729446292,3.07080762762439,49.55,47.75,97.3,1.7999999999999972,6.782609018457151,-4.332536339485614,12.634194864444341,12.692631468224105
2024-07-14 08:30:30,1272.44,1243.44,1238.9388268481125,1233.991932568831,1236.4653797084718,4.946894279281423,50.52,48.0,98.52000000000001,2.520000000000003,7.1582067638426,0.37559774538544843,12.550399585445312,12.762983188360584
2024-07-14 08:30:31,1299.36,1255.87,1254.0441201360843,1239.4614494266234,1246.752784781354,14.5826707094609,51.49,48.24,99.73,3.25,10.287405072882166,3.129198309039566,12.501281181992105,13.434298655148906
2024-07-14 08:30:32,1299.36,1239.3,1265.373090102063,1239.4210870699676,1252.3970885860153,25.95200303209549,52.45,48.49,100.94,3.960000000000001,5.6443038046613765,-4.643101268220789,12.407341749342914,12.247379846744893
2024-07-14 08:30:33,1307.64,1247.59,1275.9398175765473,1241.4633153024756,1258.7015664395115,34.47650227407166,53.42,48.74,102.16,4.68,6.30447785349611,0.6601740488347332,12.320884437339732,11.876952282602028
2024-07-14 08:30:34,1322.13,1266.22,1287.4873631824105,1247.6524864768567,1267.5699248296337,39.834876705553825,54.39,48.97,103.36,5.420000000000002,8.86835839012224,2.5638805366261295,12.263640794949621,11.785976471996612
2024-07-14 08:30:35,1334.56,1257.94,1299.255522386808,1250.2243648576425,1274.7399436222254,49.03115752916551,55.36,49.21,104.57,6.149999999999999,7.170018792591691,-1.6983395975305484,12.190302490503232,11.28653399595872
2024-07-14 08:30:36,1315.92,1262.08,1303.4216417901062,1253.188273643232,1278.304957716669,50.23336814687423,56.03,49.46,105.49000000000001,6.57,3.5650140944435407,-3.60500469814815,12.117783160478583,10.81645032704001
2024-07-14 08:30:37,1346.98,1276.58,1314.3112313425795,1259.036205232424,1286.6737182875017,55.27502611015552,56.33,49.69,106.02,6.640000000000001,8.36876057083282,4.8037464763892785,12.136141352116208,10.628680617900017
2024-07-14 08:30:38,1324.21,1270.37,1316.7859235069345,1261.8696539243178,1289.3277887156262,54.91626958261668,56.84,49.93,106.77000000000001,6.910000000000004,2.6540704281244416,-5.714690142708378,12.07574952364781,8.864316781914392
2024-07-14 08:30:39,1369.76,1270.37,1330.029442630201,1263.9947404432382,1297.0120915367197,66.0347021869627,57.29,50.14,107.43,7.149999999999999,7.6843028210935245,5.030232392969083,12.073090193275895,8.883829337737696
2024-07-14 08:30:40,1334.56,1284.86,1331.1620819726509,1269.2110553324287,1300.1865686525398,61.95102664022215,57.58,50.38,107.96000000000001,7.199999999999996,3.174477115820082,-4.5098257052734425,12.043224866703547,8.671397818129623
2024-07-14 08:30:41,1355.27,1282.79,1337.1890614794881,1272.6057914993216,1304.897426489405,64.5832699801665,58.24,50.61,108.85,7.630000000000003,4.710857836865216,1.5363807210451341,11.988033206259733,7.557942652208198
2024-07-14 08:30:42,1342.84,1272.44,1338.601796109616,1272.5643436244914,1305.5830698670538,66.03745248512473,58.33,50.85,109.18,7.479999999999997,0.6856433776488302,-4.025214459216386,11.958078933036957,6.637436978375409
2024-07-14 08:30:43,1371.83,1291.07,1346.908847082212,1277.1907577183686,1312.0498024002904,69.71808936384355,59.2,51.06,110.26,8.14,6.466732533236609,5.781089155587779,11.899599043176957,5.733001697853261
2024-07-14 08:30:44,1349.05,1293.14,1347.444135311659,1281.1780682887766,1314.3111018002178,66.26606702288245,59.2,51.3,110.5,7.900000000000006,2.2612993999273385,-4.2054331333092705,11.894218008199093,5.7223582351201
2024-07-14 08:30:45,1361.48,1289.0,1350.9531014837444,1283.1335512165824,1317.0433263501634,67.81955026716196,59.32,51.51,110.83,7.810000000000002,2.732224549945613,0.4709251500182745,11.88345497127771,5.360108261151106
2024-07-14 08:30:46,1355.27,1299.36,1352.0323261128083,1287.1901634124367,1319.6112447626224,64.84216270037155,59.45,51.73,111.18,7.720000000000006,2.5679184124589938,-0.16430613748661926,11.869142227860047,5.364230042711733
2024-07-14 08:30:47,1388.4,1311.78,1361.1242445846062,1293.3376225593274,1327.230933571967,67.7866220252788,59.48,51.94,111.41999999999999,7.539999999999999,7.619688809344552,5.0517703968855585,11.911963037695244,5.867753971918185
2024-07-14 08:30:48,1353.2,1295.21,1359.1431834384546,1293.8057169194956,1326.474450178975,65.33746651895899,59.57,52.16,111.72999999999999,7.410000000000004,-0.7564833929918677,-8.37617220233642,11.872142113191025,5.724896588597898
2024-07-14 08:30:49,1353.2,1299.36,1357.6573875788408,1295.1942876896217,1326.4258376342314,62.463099889219166,59.57,52.38,111.95,7.189999999999998,-0.0486125447437189,0.7078708482481488,11.848377184330989,4.691395807464957
2024-07-14 08:30:50,1355.27,1309.71,1357.0605406841305,1298.8232157672162,1327.9418782256735,58.237324916914304,59.72,52.59,112.31,7.1299999999999955,1.5160405914421062,1.5646531361858251,11.823896949530553,3.370321588813993
2024-07-14 08:30:51,1359.41,1301.43,1357.6479055130978,1299.4749118254122,1328.561408669255,58.172993687685675,59.84,52.81,112.65,7.030000000000001,0.6195304435814251,-0.8965101478606812,11.793709692636886,0.9287092532493103
2024-07-14 08:30:52,1351.12,1315.92,1356.0159291348234,1303.5861838690591,1329.8010565019413,52.42974526576427,59.84,53.01,112.85,6.830000000000005,1.2396478326863871,0.6201173891049621,11.783793041365957,1.4353683727250666
2024-07-14 08:30:53,1355.27,1326.28,1355.8294468511176,1309.2596379017943,1332.5445423764559,46.56980894932326,59.84,53.22,113.06,6.6200000000000045,2.7434858745145903,1.5038380418282031,11.786171330181183,2.2982968429788158
2024-07-14 08:30:54,1353.2,1309.71,1355.1720851383382,1309.3722284263458,1332.2721567823419,45.799856711992334,59.84,53.42,113.26,6.420000000000002,-0.27238559411398455,-3.015871468628575,11.762953779086951,2.105411707548471
2024-07-14 08:30:55,1351.12,1324.21,1354.1590638537537,1313.0816713197594,1333.6203675867564,41.07739253399427,59.84,53.64,113.48,6.200000000000003,1.3482108044145207,1.6205963985285052,11.752029924521734,2.098025886597549
2024-07-14 08:30:56,1353.2,1332.49,1353.9192978903152,1317.9337534898195,1335.9265256900674,35.985544400495655,59.84,53.83,113.67,6.010000000000005,2.3061581033109633,0.9579472988964426,11.752674530987884,2.223751513431023
2024-07-14 08:30:57,1349.05,1315.92,1352.7019734177363,1317.4303151173647,1335.0661442675505,35.271658300371655,59.84,54.03,113.87,5.810000000000002,-0.8603814225168662,-3.1665395258278295,11.724476442812628,1.583591221883604
2024-07-14 08:30:58,1344.91,1330.42,1350.7539800633022,1320.6777363380236,1335.7158582006628,30.076243725278573,59.84,54.23,114.07,5.6100000000000065,0.6497139331122526,1.5100953556291188,11.709615556158914,1.546674036315621
2024-07-14 08:30:59,1392.54,1342.84,1361.2004850474766,1326.2183022535178,1343.709393650497,34.98218279395883,60.24,54.43,114.67,5.810000000000002,7.993535449834326,7.343821516722073,11.7180551315291,3.962135352098908
2024-07-14 08:31:00,1361.48,1330.42,1361.2703637856075,1327.2687266901385,1344.269545237873,34.00163709546905,60.24,54.63,114.87,5.609999999999999,0.5601515873759126,-7.433383862458413,11.702529237706484,4.626932375007542
2024-07-14 08:31:01,1359.41,1338.7,1360.8052728392056,1330.1265450176038,1345.4659089284046,30.678727821601797,60.24,54.82,115.06,5.420000000000002,1.196363690531598,0.6362121031556853,11.69360244424476,5.024647472241714
2024-07-14 08:31:02,1359.41,1338.7,1360.456454629404,1332.269908763203,1346.3631816963034,28.186545866201186,60.24,55.02,115.26,5.219999999999999,0.8972727678988122,-0.2990909226327858,11.681096390900633,4.257655238194718
2024-07-14 08:31:03,1359.41,1330.42,1360.194840972053,1331.8074315724023,1346.0011362722275,28.387409399650778,60.24,55.22,115.46000000000001,5.020000000000003,-0.36204542407585905,-1.2593181919746712,11.657726698549288,1.1342275293544541
2024-07-14 08:31:04,1357.34,1344.91,1359.4811307290397,1335.0830736793016,1347.2821022041708,24.3980570497381,60.24,55.4,115.64,4.840000000000003,1.2809659319432285,1.6430113560190875,11.650657995101287,1.1156835778320338
2024-07-14 08:31:05,1342.84,1355.27,1355.3208480467797,1340.1298052594761,1347.725326653128,15.191042787303559,60.24,55.6,115.84,4.640000000000001,0.44322444895715307,-0.8377414829860754,11.634369086833209,0.9256397234138593
2024-07-14 08:31:06,1349.05,1342.84,1353.7531360350847,1340.807353944607,1347.2802449898459,12.945782090477678,60.24,55.79,116.03,4.450000000000003,-0.44508166328205334,-0.8883061122392064,11.611481801071827,0.7182029686646056
2024-07-14 08:31:07,1355.27,1351.12,1354.1323520263136,1343.3855154584553,1348.7589337423844,10.746836567858281,60.24,55.97,116.21000000000001,4.270000000000003,1.4786887525385737,1.923770415820627,11.606220825541378,0.9921118043803235
2024-07-14 08:31:08,1355.27,1357.34,1354.4167640197352,1346.8741365938415,1350.6454503067885,7.54262742589367,60.24,56.17,116.41,4.07,1.886516564404019,0.40782781186544526,11.602486373200774,1.4239597720174835
2024-07-14 08:31:09,1353.2,1346.98,1354.1125730148015,1346.900602445381,1350.5065877300913,7.211970569420373,60.24,56.35,116.59,3.8900000000000006,-0.1388625766971927,-2.0253791411012116,11.583382589816525,1.5505146462565829
2024-07-14 08:31:10,1353.2,1361.48,1353.884429761101,1350.5454518340357,1352.2149407975685,3.3389779270653435,60.24,56.53,116.77000000000001,3.710000000000001,1.7083530674772192,1.8472156441744119,11.580156968548527,1.9003935752399952
2024-07-14 08:31:11,1344.91,1369.76,1351.6408223208257,1355.3490888755268,1353.4949555981761,3.70826655470114,60.24,56.71,116.95,3.530000000000001,1.2800148006076597,-0.42833826686955945,11.573278700512162,1.8038381468524942
2024-07-14 08:31:12,1355.27,1359.41,1352.5481167406192,1356.364316656645,1354.456216698632,3.81619991602588,60.24,56.89,117.13,3.3500000000000014,0.9612611004558858,-0.31875370015177396,11.563700206052522,1.734335092455802
2024-07-14 08:31:13,1342.84,1365.62,1350.1210875554643,1358.6782374924837,1354.399662523974,8.557149937019403,60.24,57.07,117.31,3.1700000000000017,-0.05655417465800383,-1.0178152751138896,11.54547481867274,1.6701031931076833
2024-07-14 08:31:14,1353.2,1375.97,1350.8908156665982,1363.0011781193627,1356.9459968929805,12.110362452764548,60.24,57.25,117.49000000000001,2.990000000000002,2.546334369006445,2.6028885436644487,11.5494594037239,1.7342993165217626
2024-07-14 08:31:15,1351.12,1357.34,1350.9481117499486,1361.5858835895222,1356.2669976697352,10.637771839573588,60.24,57.43,117.67,2.8100000000000023,-0.6789992232452278,-3.2253335922516726,11.52602180796901,1.4361293725678836
2024-07-14 08:31:16,1344.91,1365.62,1349.4385838124615,1362.5944126921415,1356.0164982523015,13.15582887968003,60.24,57.61,117.85,2.6300000000000026,-0.25049941743372983,0.42849980581149794,11.50629178401366,1.137723267880004
2024-07-14 08:31:17,1311.78,1375.97,1340.023937859346,1365.9383095191063,1352.981123689226,25.914371659760263,60.47,57.77,118.24000000000001,2.6999999999999957,-3.035374563075493,-2.784875145641763,11.442668405332862,1.6080362735981795
2024-07-14 08:31:18,1359.41,1351.12,1344.8704533945095,1362.2337321393297,1353.5520927669195,17.363278744820263,60.58,57.77,118.35,2.809999999999995,0.5709690776934622,3.606343640768955,11.436857467934619,1.7664517770517645
2024-07-14 08:31:19,1361.48,1369.76,1349.0228400458823,1364.1152991044974,1356.5690695751898,15.092459058615077,60.58,57.9,118.47999999999999,2.6799999999999997,3.0169768082703285,2.4460077305768664,11.44977260402952,1.6765338119352813
2024-07-14 08:31:20,1361.48,1369.76,1352.1371300344117,1365.526474328373,1358.8318021813925,13.389344293961358,60.58,57.92,118.5,2.6599999999999966,2.2627326062026896,-0.754244202067639,11.466934942738039,2.377449305350128
2024-07-14 08:31:21,1355.27,1357.34,1352.9203475258087,1363.4798557462798,1358.200101636044,10.559508220471116,60.58,58.03,118.61,2.549999999999997,-0.6317005453483944,-2.894433151551084,11.450974539963491,2.6592129286214563
2024-07-14 08:31:22,1353.2,1382.19,1352.9902606443566,1368.1573918097097,1360.5738262270331,15.167131165353112,60.58,58.06,118.64,2.519999999999996,2.3737245909890134,3.005425136337408,11.468086773086197,2.6530432509978903
2024-07-14 08:31:23,1357.34,1361.48,1354.0776954832675,1366.4880438572823,1360.282869670275,12.410348374014802,60.58,58.13,118.71000000000001,2.4499999999999957,-0.2909565567581467,-2.66468114774716,11.458873373864051,1.6310586814066825
2024-07-14 08:31:24,1359.41,1373.9,1355.4107716124506,1368.3410328929617,1361.875902252706,12.930261280511104,60.58,58.22,118.8,2.3599999999999994,1.5930325824310785,1.8839891391892252,11.46360177431906,1.4595829409333843
2024-07-14 08:31:25,1359.41,1361.48,1356.4105787093379,1366.625774669721,1361.5181766895294,10.215195960383198,60.58,58.24,118.82,2.3399999999999963,-0.35772556317670023,-1.9507581456077787,11.458661548820636,1.4380052614671468
2024-07-14 08:31:26,1353.2,1367.69,1355.6079340320034,1366.891831002291,1361.2498825171472,11.283896970287515,60.58,58.28,118.86,2.299999999999997,-0.2682941723821841,0.08943139079451612,11.452548132799924,0.6602881080815454
2024-07-14 08:31:27,1357.34,1367.69,1356.0409505240025,1367.0913732517183,1361.5661618878603,11.05042272771584,60.58,58.3,118.88,2.280000000000001,0.3162793707131186,0.5845735430953027,11.453281884543896,0.6097463958246382
2024-07-14 08:31:28,1359.41,1384.26,1356.8832128930019,1371.3835299387888,1364.1333714158955,14.500317045786915,60.58,58.33,118.91,2.25,2.567209528035164,2.2509301573220455,11.471981834529592,1.1753852094473314
2024-07-14 08:31:29,1355.27,1371.83,1356.4799096697516,1371.4951474540917,1363.9875285619216,15.015237784340115,60.58,58.4,118.97999999999999,2.1799999999999997,-0.1458428539738179,-2.713052382008982,11.464006699427761,1.4386682149121683
2024-07-14 08:31:30,1351.12,1369.76,1355.1399322523137,1371.0613605905687,1363.100646421441,15.921428338255055,60.58,58.42,119.0,2.1599999999999966,-0.8868821404805658,-0.7410392865067479,11.454627184595076,1.341960298253516
2024-07-14 08:31:31,1355.27,1369.76,1355.172449189235,1370.7360204429265,1362.9542348160808,15.563571253691407,60.58,58.48,119.06,2.1000000000000014,-0.1464116053602993,0.7404705351202665,11.447624923303005,1.0268597025584332
2024-07-14 08:31:32,1357.34,1365.62,1355.7143368919262,1369.457015332195,1362.5856761120606,13.742678440268719,60.58,58.53,119.11,2.049999999999997,-0.3685587040201881,-0.2221470986598888,11.439725167259974,0.675108413084883
2024-07-14 08:31:33,1353.2,1367.69,1355.0857526689447,1369.0152614991462,1362.0505070840454,13.929508830201485,60.58,58.55,119.13,2.030000000000001,-0.5351690280151615,-0.16661032399497344,11.433312311346707,0.7141388869649431
2024-07-14 08:31:34,1349.05,1371.83,1353.5768145017084,1369.7189461243597,1361.647880313034,16.142131622651277,60.58,58.57,119.15,2.009999999999998,-0.4026267710114553,0.13254225700370625,11.428014006588501,0.6118434985791756
2024-07-14 08:31:35,1349.05,1371.83,1352.4451108762814,1370.2467095932698,1361.3459102347756,17.801598716988337,60.58,58.58,119.16,2.0,-0.3019700782583641,0.10065669275309119,11.424520802368704,0.6594871720189511
2024-07-14 08:31:36,1353.2,1373.9,1352.633833157211,1371.1600321949522,1361.8969326760816,18.526199037741208,60.58,58.6,119.18,1.9799999999999969,0.5510224413060314,0.8529925195643955,11.427227061997437,0.46455584446259546
2024-07-14 08:31:37,1353.2,1371.83,1352.7753748679083,1371.3275241462143,1362.0514495070613,18.552149278305933,60.58,58.64,119.22,1.9399999999999977,0.15451683097967361,-0.3965056103263578,11.424689130031641,0.30195355193396833
2024-07-14 08:31:38,1355.27,1375.97,1353.3990311509313,1372.4881431096608,1362.943587130296,19.089111958729518,60.58,58.66,119.24,1.9200000000000017,0.8921376232347029,0.7376207922550293,11.430254744213698,0.6026686747675499
2024-07-14 08:31:39,1353.2,1373.9,1353.3492733631983,1372.8411073322454,1363.0951903477219,19.491833969047093,60.58,58.67,119.25,1.9099999999999966,0.15160321742587257,-0.7405344058088303,11.430567538089345,0.7374765830766847
2024-07-14 08:31:40,1342.84,1371.83,1350.7219550223988,1372.588330499184,1361.6551427607915,21.86637547678515,60.58,58.69,119.27,1.8900000000000006,-1.4400475869304046,-1.5916508043562771,11.416576937572017,0.648568338201287
2024-07-14 08:31:41,1351.12,1373.9,1350.821466266799,1372.9162478743879,1361.8688570705935,22.094781607588857,60.58,58.73,119.31,1.8500000000000014,0.2137143098020715,1.653761896732476,11.41454065590523,0.6533423600942272
2024-07-14 08:31:42,1353.2,1369.76,1351.4160997000993,1372.127185905791,1361.7716428029453,20.7110862056918,60.58,58.75,119.33,1.8299999999999983,-0.09721426764826901,-0.3109285774503405,11.411812883525789,0.6931693789029136
2024-07-14 08:31:43,1344.91,1359.41,1349.7895747750745,1368.9478894293434,1359.368732102209,19.158314654268906,60.58,58.75,119.33,1.8299999999999983,-2.4029107007363564,-2.3056964330880874,11.391676198026756,1.351607830862832
2024-07-14 08:31:44,1353.2,1373.9,1350.6421810813058,1370.1859170720077,1360.4140490766567,19.54373599070186,60.58,58.78,119.36,1.7999999999999972,1.0453169744478146,3.448227675184171,11.39757069101111,1.0934693225167236
2024-07-14 08:31:45,1351.12,1371.83,1350.7616358109794,1370.5969378040058,1360.6792868074926,19.835301993026405,60.58,58.8,119.38,1.7800000000000011,0.2652377308359064,-0.7800792436119082,11.397883024037608,1.0363998651160005
2024-07-14 08:31:46,1351.12,1365.62,1350.8512268582344,1369.3527033530042,1360.1019651056195,18.501476494769804,60.56,58.82,119.38,1.740000000000002,-0.5773217018731884,-0.8425594327090948,11.393047023894894,0.878835178787182
2024-07-14 08:31:47,1351.12,1371.83,1350.9184201436758,1369.972027514753,1360.4452238292145,19.053607371077305,60.56,58.84,119.4,1.7199999999999989,0.34325872359499954,0.920580425468188,11.39401350448242,0.5089861475030419
2024-07-14 08:31:48,1351.12,1369.76,1350.9688151077569,1369.919020636065,1360.4439178719108,18.95020552830806,60.56,58.87,119.43,1.6900000000000048,-0.0013059573036571237,-0.34456468089865666,11.391140471244832,0.20589508972345036
2024-07-14 08:31:49,1344.91,1384.26,1349.4541113308176,1373.5042654770486,1361.4791884039332,24.05015414623108,60.56,58.89,119.45,1.6700000000000017,1.0352705320224231,1.0365764893260803,11.397900184227987,0.5174794046203807
2024-07-14 08:31:50,1342.84,1371.83,1347.8005834981132,1373.0856991077865,1360.4431413029497,25.285115609673312,60.56,58.89,119.45,1.6700000000000017,-1.0360471009835237,-2.071317633005947,11.389226705012332,0.5225979091090914
2024-07-14 08:31:51,1342.84,1371.83,1346.560437623585,1372.77177433084,1359.6661059772123,26.211336707254986,60.56,58.91,119.47,1.6500000000000057,-0.7770353257374154,0.2590117752461083,11.380816059231575,0.6448773445290504
2024-07-14 08:31:52,1351.12,1375.97,1347.7003282176886,1373.5713307481299,1360.6358294829092,25.871002530441274,60.56,58.93,119.49000000000001,1.6300000000000026,0.9697235056969475,1.746758831434363,11.38702668085934,0.6467920502958314
2024-07-14 08:31:53,1351.12,1371.83,1348.5552461632665,1373.1359980610973,1360.845622112182,24.58075189783085,60.56,58.94,119.5,1.6200000000000045,0.20979262927266973,-0.7599308764242778,11.387829378446465,0.657718037870561
2024-07-14 08:31:54,1349.05,1367.69,1348.6789346224498,1371.774498545823,1360.2267165841363,23.09556392337322,60.56,58.94,119.5,1.6200000000000045,-0.6189055280456159,-0.8286981573182857,11.3826502527321,0.4522211669998914
2024-07-14 08:31:55,1342.84,1384.26,1347.2192009668374,1374.8958739093673,1361.0575374381024,27.676672942529876,60.56,58.96,119.52000000000001,1.6000000000000014,0.8308208539660882,1.4497263820117041,11.38769683777113,0.5517892302034794
2024-07-14 08:31:56,1342.84,1365.62,1346.124400725128,1372.5769054320256,1359.3506530785767,26.45250470689757,60.56,58.98,119.53999999999999,1.5800000000000054,-1.7068843595257022,-2.5377052134917903,11.37151281334335,0.6736093683480415
2024-07-14 08:31:57,1351.12,1378.04,1347.373300543846,1373.9426790740192,1360.6579898089326,26.569378530173253,60.56,59.0,119.56,1.5600000000000023,1.307336730355928,3.01422108988163,11.380545152462258,0.6754279914143525
2024-07-14 08:31:58,1351.12,1369.76,1348.3099754078844,1372.8970093055145,1360.6034923566995,24.587033897630135,60.56,59.0,119.56,1.5600000000000023,-0.054497452233135846,-1.3618341825890639,11.38008933570266,0.646013240146791
2024-07-14 08:31:59,1361.48,1378.04,1351.6024815559133,1374.182756979136,1362.8926192675247,22.5802754232227,60.69,59.02,119.71000000000001,1.6699999999999946,2.289126910825189,2.343624363058325,11.384952033101433,1.2788212468892488
2024-07-14 08:32:00,1365.62,1371.83,1355.106861166935,1373.594567734352,1364.3507144506434,18.487706567417035,60.82,59.02,119.84,1.7999999999999972,1.4580951831187576,-0.8310317277064314,11.384768884061035,2.0107889600453692
2024-07-14 08:32:01,1363.55,1369.76,1357.2176458752012,1372.6359258007642,1364.9267858379826,15.418279925562956,60.82,59.05,119.87,1.7700000000000031,0.5760713873391978,-0.8820237957795598,11.38672540628395,2.0177183771274727
2024-07-14 08:32:02,1359.41,1378.04,1357.765734406401,1373.9869443505731,1365.876339378487,16.221209944172188,60.82,59.05,119.87,1.7700000000000031,0.9495535405044393,0.37348215316524147,11.394646934043882,2.0555176980965717
2024-07-14 08:32:03,1359.41,1359.41,1358.1768008048007,1370.3427082629298,1364.2597545338654,12.16590745812914,60.82,59.07,119.89,1.75,-1.6165848446216842,-2.5661383851261235,11.37926218328971,1.0877295695971485
2024-07-14 08:32:04,1355.27,1373.9,1357.4501006036005,1371.2320311971976,1364.341065900399,13.781930593597053,60.82,59.07,119.89,1.75,0.08131136653355497,1.6978962111552391,11.37994039970355,0.6831701737388524
2024-07-14 08:32:05,1361.48,1371.83,1358.4575754527004,1371.381523397898,1364.9195494252992,12.923947945197597,60.82,59.09,119.91,1.7299999999999969,0.5784835249003208,0.49717215836676587,11.382866633662186,0.6462253913498429
2024-07-14 08:32:06,1355.27,1371.83,1357.6606815895252,1371.4936425484234,1364.5771620689743,13.832960958898184,60.82,59.09,119.91,1.7299999999999969,-0.34238735632493444,-0.9208708812252553,11.380011264189502,0.6566590423531584
2024-07-14 08:32:07,1351.12,1365.62,1356.0255111921438,1370.0252319113176,1363.0253715517306,13.999720719173865,60.82,59.11,119.93,1.7100000000000009,-1.5517905172437167,-1.2094031609187823,11.365174353260704,0.7176704899003944
2024-07-14 08:32:08,1359.41,1375.97,1356.871633394108,1371.5114239334882,1364.1915286637982,14.639790539380328,60.82,59.12,119.94,1.7000000000000028,1.1661571120675944,2.717947629311311,11.373949618891517,0.7174831030059428
2024-07-14 08:32:09,1355.27,1361.48,1356.471225045581,1369.0035679501161,1362.7373964978485,12.532342904535199,60.82,59.12,119.94,1.7000000000000028,-1.4541321659496589,-2.6202892780172533,11.361825789028037,0.9616600545811467
2024-07-14 08:32:10,1359.41,1371.83,1357.2059187841858,1369.710175962587,1363.4580473733863,12.504257178401303,60.82,59.14,119.96000000000001,1.6799999999999997,0.7206508755377854,2.1747830414874443,11.36593894637752,0.7744615943166911
2024-07-14 08:32:11,1351.12,1373.9,1355.6844390881392,1370.75763197194,1363.2210355300397,15.073192883800857,60.82,59.16,119.97999999999999,1.6600000000000037,-0.23701184334663594,-0.9576627188844213,11.36206887954635,0.5510043499234814
2024-07-14 08:32:12,1359.41,1375.97,1356.6158293161045,1372.0607239789551,1364.3382766475297,15.44489466285063,60.82,59.18,120.0,1.6400000000000006,1.117241117490039,1.354252960836675,11.369485543983702,0.6712359713984558
2024-07-14 08:32:13,1351.12,1375.97,1355.2418719870784,1373.0380429842164,1364.1399574856473,17.796170997138006,60.82,59.2,120.02000000000001,1.6199999999999974,-0.1983191618824094,-1.3155602793724483,11.365938561237366,0.65996948070786
2024-07-14 08:32:14,1357.34,1369.76,1355.7664039903088,1372.2185322381624,1363.9924681142356,16.45212824785358,60.82,59.2,120.02000000000001,1.6199999999999974,-0.14748937141166607,0.05082979047074332,11.364709687964721,0.4716993613458738
2024-07-14 08:32:15,1357.34,1375.97,1356.1598029927316,1373.1563991786218,1364.6581010856767,16.996596185890212,60.82,59.21,120.03,1.6099999999999994,0.6656329714410276,0.8131223428526937,11.369308420531269,0.5360692938803925
2024-07-14 08:32:16,1351.12,1371.83,1354.8998522445486,1372.8247993839664,1363.8623258142575,17.92494713941778,60.82,59.21,120.03,1.6099999999999994,-0.7957752714191884,-1.461408242860216,11.36267861744213,0.3121136555852058
2024-07-14 08:32:17,1357.34,1369.76,1355.5098891834114,1372.0585995379747,1363.784244360693,16.548710354563354,60.82,59.21,120.03,1.6099999999999994,-0.07808145356443674,0.7176938178547516,11.362028101296884,0.3464230816109457
2024-07-14 08:32:18,1357.34,1363.55,1355.9674168875586,1369.931449653481,1362.9494332705199,13.964032765922411,60.82,59.23,120.05,1.5900000000000034,-0.8348110901731616,-0.7567296366087248,11.35318135707904,0.6100857190902192
2024-07-14 08:32:19,1351.12,1361.48,1354.755562665669,1367.818587240111,1361.28707495289,13.063024574441897,60.82,59.23,120.05,1.5900000000000034,-1.6623583176299235,-0.8275472274567619,11.339334140887596,1.2815582901194948
2024-07-14 08:32:20,1349.05,1369.76,1353.3291719992517,1368.3039404300832,1360.8165562146673,14.974768430831546,60.82,59.25,120.07,1.5700000000000003,-0.4705187382226086,1.1918395794073149,11.333526650130263,1.4146028431129665
2024-07-14 08:32:21,1349.05,1361.48,1352.2593789994387,1366.5979553225625,1359.4286671610007,14.338576323123789,60.82,59.25,120.07,1.5700000000000003,-1.3878890536666404,-0.9173703154440318,11.321967650862273,1.7323493787193431
2024-07-14 08:32:22,1355.27,1363.55,1353.0120342495788,1365.835966491922,1359.4240003707505,12.823932242343062,60.82,59.27,120.09,1.5499999999999972,-0.004666790250212216,1.3832222634164282,11.320043209681966,1.4688201847685474
2024-07-14 08:32:23,1351.12,1373.9,1352.5390256871842,1367.8519748689414,1360.1955002780628,15.312949181757176,60.82,59.3,120.12,1.5200000000000031,0.7714999073123181,0.7761666975625303,11.323638769184349,0.8298215093293433
2024-07-14 08:32:24,1355.27,1371.83,1353.221769265388,1368.846481151706,1361.034125208547,15.624711886317982,60.82,59.3,120.12,1.5200000000000031,0.8386249304842295,0.06712502317191138,11.330620328654069,0.7534935550636769
2024-07-14 08:32:25,1351.12,1365.62,1352.6963269490411,1368.0398608637795,1360.3680939064102,15.343533914738373,60.82,59.32,120.14,1.5,-0.6660313021368438,-1.5046562326210733,11.323190299510737,0.6820475670100057
2024-07-14 08:32:26,1353.2,1390.47,1352.822245211781,1373.6473956478346,1363.2348204298078,20.82515043605372,60.82,59.34,120.16,1.4799999999999969,2.866726523397574,3.532757825534418,11.345163191450105,1.4504602999846523
2024-07-14 08:32:27,1355.27,1373.9,1353.4341839088356,1373.710546735876,1363.5723653223558,20.27636282704043,60.82,59.34,120.16,1.4799999999999969,0.33754489254806685,-2.529181630849507,11.347972320026495,1.6078323555954632
2024-07-14 08:32:28,1355.27,1361.48,1353.8931379316268,1370.652910051907,1362.2730239917669,16.759772120280104,60.82,59.34,120.16,1.4799999999999969,-1.299341330588959,-1.6368862231370258,11.337158893596937,1.3803206499577834
2024-07-14 08:32:29,1351.12,1375.97,1353.1998534487202,1371.9821825389301,1362.591017993825,18.78232909020994,60.82,59.36,120.18,1.4600000000000009,0.3179940020581853,1.6173353326471442,11.337918178198592,1.2502309296849332
2024-07-14 08:32:30,1344.91,1359.41,1351.1273900865401,1368.8391369041976,1359.9832634953689,17.711746817657513,60.82,59.36,120.18,1.4600000000000009,-2.6077544984561882,-2.9257485005143735,11.316219439001076,1.4089638432687992
2024-07-14 08:32:31,1342.84,1371.83,1349.0555425649052,1369.5868526781483,1359.3211976215266,20.53131011324308,60.82,59.38,120.2,1.4399999999999977,-0.6620658738422662,1.945688624613922,11.308828505097322,1.8109838685729231
2024-07-14 08:32:32,1351.12,1369.76,1349.5716569236788,1369.6301395086111,1359.600898216145,20.058482584932335,60.82,59.38,120.2,1.4399999999999977,0.2797005946183617,0.941766468460628,11.311155465099747,1.5539200478466877
2024-07-14 08:32:33,1351.12,1373.9,1349.9587426927592,1370.6976046314585,1360.3281736621088,20.7388619386993,60.82,59.41,120.22999999999999,1.4100000000000037,0.7272754459638691,0.44757485134550734,11.314382120500099,1.3015000906322471
2024-07-14 08:32:34,1344.91,1369.76,1348.6965570195694,1370.463203473594,1359.5798802465815,21.766646454024567,60.82,59.41,120.22999999999999,1.4100000000000037,-0.7482934155273142,-1.4755688614911833,11.308158271133856,0.39463145523579546
2024-07-14 08:32:35,1351.12,1357.34,1349.302417764677,1367.1824026051954,1358.2424101849363,17.87998484051832,60.82,59.41,120.22999999999999,1.4100000000000037,-1.3374700616452628,-0.5891766461179486,11.297034008882163,0.7548831606757747
2024-07-14 08:32:36,1351.12,1361.48,1349.7568133235077,1365.7568019538967,1357.7568076387022,15.999988630388998,60.82,59.41,120.22999999999999,1.4100000000000037,-0.4856025462340767,0.8518675154111861,11.292995062344733,1.064096714902058
2024-07-14 08:32:37,1351.12,1355.27,1350.0976099926306,1363.1351014654224,1356.6163557290265,13.037491472791771,60.82,59.41,120.22999999999999,1.4100000000000037,-1.1404519096756758,-0.654849363441599,11.283509477214649,1.4726720415895362
2024-07-14 08:32:38,1342.84,1359.41,1348.283207494473,1362.2038260990669,1355.2435167967699,13.920618604593983,60.82,59.41,120.22999999999999,1.4100000000000037,-1.3728389322566272,-0.23238702258095145,11.272091038215745,1.6442949559159594
2024-07-14 08:32:39,1351.12,1346.98,1348.9924056208547,1358.3978695743003,1353.6951375975775,9.405463953445633,60.82,59.41,120.22999999999999,1.4100000000000037,-1.548379199192368,-0.17554026693574087,11.259212562075732,1.8638805974275703
2024-07-14 08:32:40,1344.91,1355.27,1347.971804215641,1357.6159021807252,1352.7938531981831,9.644097965084256,60.82,59.41,120.22999999999999,1.4100000000000037,-0.9012843993943989,0.6470947997979692,11.251716226785886,2.036979539138025
2024-07-14 08:32:41,1344.91,1351.12,1347.2063531617307,1355.991926635544,1351.5991398986373,8.785573473813201,60.82,59.41,120.22999999999999,1.4100000000000037,-1.1947132995458105,-0.29342890015141165,11.241779328427665,1.9813487202878024
2024-07-14 08:32:42,1342.84,1353.2,1346.1147648712981,1355.293944976658,1350.704354923978,9.17918010535982,60.82,59.41,120.22999999999999,1.4100000000000037,-0.8947849746593874,0.29992832488642307,11.234337051398494,1.7752195263150319
2024-07-14 08:32:43,1369.76,1518.85,1352.0260736534735,1396.1829587324933,1374.1045161929833,44.15688507901973,60.82,59.36,120.18,1.4600000000000009,23.400161269005366,24.294946243664754,11.433720292555025,9.862785827169867
2024-07-14 08:32:44,1146.11,1311.78,1300.547055240105,1375.0822190493698,1337.8146371447374,74.53516380926476,59.0,57.22,116.22,1.7800000000000011,-36.28987904824589,-59.69004031725126,11.511053395574635,13.061943625264046
2024-07-14 08:32:45,862.38,1034.28,1191.0052914300788,1289.8816642870272,1240.443477858553,98.87637285694836,56.75,54.95,111.7,1.7999999999999972,-97.37115928618437,-61.08128023793847,11.10513399063043,52.24338755087186
2024-07-14 08:32:46,547.54,750.53,1030.1389685725592,1155.0437482152704,1092.5913583939148,124.90477964271122,54.55,52.66,107.21,1.8900000000000006,-147.85211946463824,-50.48096017845387,10.191132806667122,116.06059348396225
2024-07-14 08:32:47,178.78,104.19,817.2992264294195,892.3303111614529,854.8147687954362,75.03108473203338,52.47,50.49,102.96000000000001,1.9799999999999969,-237.7765895984786,-89.92447013384037,8.30239666368531,211.9086663197854
2024-07-14 08:32:48,46.18,87.62,624.5194198220646,691.1527333710897,657.8360765965772,66.63331354902505,50.56,50.49,101.05000000000001,0.07000000000000028,-196.978692198859,40.797897399619615,6.510005641628615,279.25140250443286
2024-07-14 08:32:49,42.03,60.68,478.8970648665484,533.5345500283172,506.2158074474328,54.63748516176878,50.56,50.49,101.05000000000001,0.07000000000000028,-151.6202691491444,45.35842304971459,5.0095576688557655,301.81021370193264
2024-07-14 08:32:50,44.1,79.33,370.1977986499113,419.9834125212379,395.0906055855746,49.785613871326575,50.56,50.49,101.05000000000001,0.07000000000000028,-111.12520186185816,40.49506728728625,3.9098525648265414,278.56186878703653
2024-07-14 08:32:51,44.1,68.97,288.6733489874334,332.23005939092843,310.45170418918093,43.556710403495,50.56,50.49,101.05000000000001,0.07000000000000028,-84.63890139639369,26.486300465464467,3.072258299029417,216.62585514767835
2024-07-14 08:32:52,44.1,54.46,227.53001174057508,262.7875445431963,245.1587781418857,35.25753280262123,50.56,50.49,101.05000000000001,0.07000000000000028,-65.29292604729523,19.345975349098467,2.4261135647280763,163.66611947369876
2024-07-14 08:32:53,48.25,46.18,182.7100088054313,208.63565840739722,195.67283360641426,25.925649601965915,50.56,50.49,101.05000000000001,0.07000000000000028,-49.48594453547145,15.806981511823778,1.9363961570511439,123.40118801842338
2024-07-14 08:32:54,50.32,35.82,149.6125066040735,165.43174380554794,157.52212520481072,15.819237201474436,50.56,50.49,101.05000000000001,0.07000000000000028,-38.15070840160354,11.335236133867909,1.5588532770505437,94.40838331691718
2024-07-14 08:32:55,50.32,33.74,124.78937995305513,132.50880785416095,128.64909390360805,7.719427901105817,50.56,50.49,101.05000000000001,0.07000000000000028,-28.873031301202673,9.277677100400865,1.273123133404106,72.23636857454514
2024-07-14 08:32:56,58.61,27.53,108.24453496479136,106.2641058906207,107.25432042770603,1.980429074170658,50.56,50.49,101.05000000000001,0.07000000000000028,-21.394773475902014,7.478257825300659,1.061398509315265,54.91125558438054
