time,force_left_raw,force_right_raw,force_left,force_right,dis_left,dis_right,force_avg,force_sum,force_diff,force_diff_ratio,total_delta_dis,dis_diff,left_force_rate,right_force_rate,force_rate,force_rate_diff,force_rate_ratio,left_force_acc,right_force_acc,force_acc,left_dis_rate,right_dis_rate,dis_rate_diff,stiffness_ratio,force_std_5s,force_diff_std_5s,force_rate_std_5s
2025-06-11 14:59:11,341.25,255.91,341.25,255.91,0.46,5.99,298.58,597.16,85.34,0.2858195448930955,6.45,5.53,0.0,0.0,0.0,0.0,0.0,0.0,0.0,0.0,0.0,0.0,0.0,46.29146569124563,0.0,0.0,0.0
2025-06-11 14:59:12,343.3,260.01,341.7625,256.935,0.96,6.49,299.34875,598.6975,84.82749999999999,0.2833734890044688,7.45,5.53,0.5124999999999886,1.0250000000000057,0.7687500000000114,0.512500000000017,0.666665799459135,0.5124999999999886,1.0250000000000057,0.7687500000000114,0.4999999999999999,0.5,5.551115123125783e-17,40.18103487502887,0.0,0.0,0.0
2025-06-11 14:59:13,351.5,266.16,344.196875,259.24125000000004,1.46,6.99,301.7190625,603.438125,84.95562499999994,0.2815719497949454,8.45,5.53,2.4343749999999886,2.306250000000034,2.370312500000012,0.1281249999999545,0.0540540312494334,1.921875,1.2812500000000284,1.6015625,0.5,0.5,0.0,35.706393703385366,0.0,0.0,0.0
2025-06-11 14:59:14,359.7,272.31,348.07265625,262.5084375,1.96,7.49,305.290546875,610.58109375,85.56421874999995,0.2802714310861464,9.45,5.53,3.8757812499999886,3.2671874999999773,3.571484375000012,0.6085937500000114,0.1704035397317032,1.44140625,0.9609374999999432,1.201171875,0.5,0.5,0.0,32.30587455757942,0.0,0.0,0.0
2025-06-11 14:59:15,359.7,274.36,350.9794921875,265.471328125,2.46,7.99,308.22541015625,616.4508203125,85.50816406249999,0.2774208776029598,10.45,5.53,2.906835937500034,2.962890625,2.9348632812499886,0.0560546874999658,0.0190995842152168,-0.9689453124999544,-0.3042968749999772,-0.6366210937500227,0.5,0.5,0.0,29.495251737894574,4.073880068870026,0.3309271509499387,1.497622583813824
2025-06-11 14:59:16,367.91,274.36,355.212119140625,267.69349609375,2.98,8.49,311.45280761718755,622.9056152343751,87.518623046875,0.2810012323711159,11.47,5.51,4.2326269531250205,2.22216796875,3.2273974609375387,2.0104589843750205,0.6229348525471488,1.3257910156249864,-0.74072265625,0.29253417968755,0.52,0.5,0.02,27.153686178160537,4.863452819538801,1.0810653476901655,1.101424102207756
2025-06-11 14:59:17,376.11,290.77,360.4365893554688,273.4626220703125,3.48,8.99,316.9496057128906,633.8992114257812,86.97396728515628,0.2744094500926193,12.47,5.51,5.224470214843734,5.769125976562464,5.49679809570307,0.5446557617187295,0.0990859866325649,0.9918432617187136,3.546958007812464,2.269400634765532,0.5,0.5,0.0,25.41696714482145,5.835521852143908,1.0866405538781048,1.189554935548068
2025-06-11 14:59:18,378.16,294.88,364.8674420166016,278.8169665527344,3.98,9.49,321.842204284668,643.684408569336,86.05047546386726,0.2673685242361423,13.47,5.51,4.43085266113286,5.35434448242188,4.892598571777398,0.9234918212890192,0.1887527903603871,-0.7936175537108738,-0.4147814941405841,-0.6041995239256721,0.5,0.5,0.0,23.89325763856053,6.672760050936824,0.8898383349659768,1.11233543992781
2025-06-11 14:59:19,378.16,298.98,368.1905815124512,283.8577249145508,4.49,10.0,326.024153213501,652.048306427002,84.33285659790045,0.2586705785690775,14.49,5.51,3.3231394958496026,5.040758361816415,4.1819489288329805,1.7176188659668128,0.4107220065272597,-1.1077131652832577,-0.3135861206054642,-0.7106496429444178,0.5100000000000002,0.5099999999999998,4.440892098500626e-16,22.4999400078372,7.290377610625751,1.2499141205404307,1.0832863683440772
2025-06-11 14:59:20,390.47,307.18,373.7604361343384,289.6882936859131,4.99,10.5,331.72436491012576,663.4487298202515,84.07214244842532,0.2534397562800769,15.49,5.51,5.5698546218872025,5.830568771362323,5.700211696624763,0.2607141494751204,0.0457376177610873,2.2467151260376,0.7898104095459075,1.5182627677917822,0.5,0.5,0.0,21.41538692671006,7.853760727530409,1.5437020721792425,1.013575328369127
2025-06-11 14:59:21,394.57,307.18,378.9628271007538,294.06122026443484,5.49,10.98,336.5120236825943,673.0240473651886,84.90160683631899,0.2522988797098709,16.47,5.49,5.202390966415408,4.372926578521742,4.787658772468546,0.8294643878936654,0.1732504871510509,-0.3674636554717949,-1.4576421928405807,-0.9125529241562162,0.5,0.4800000000000004,0.0199999999999995,20.431815619355117,7.755725474789453,1.2207977535938788,0.6046145214587557
2025-06-11 14:59:22,396.62,315.39,383.3771203255653,299.3934151983261,5.99,11.48,341.3852677619457,682.7705355238915,83.9837051272392,0.246008579783806,17.47,5.49,4.414293224811502,5.332194933891287,4.873244079351423,0.9179017090797856,0.1883553349223201,-0.7880977416039059,0.9592683553695452,0.0855853068828764,0.5,0.5,0.0,19.54122771727064,7.844538340589215,0.8516802852432037,0.5404857624548468
2025-06-11 14:59:23,402.77,323.6,388.225340244174,305.4450613987446,6.49,11.98,346.8352008214593,693.6704016429186,82.7802788454294,0.2386732327361692,18.47,5.49,4.848219918608663,6.051646200418475,5.449933059513569,1.2034262818098114,0.2208148334765765,0.4339266937971615,0.7194512665271873,0.576688980162146,0.5,0.5,0.0,18.7782989736416,8.112218346104845,0.7771553202510677,0.5964666343980454
2025-06-11 14:59:24,402.77,331.8,391.8615051831305,312.0337960490584,6.99,12.48,351.94765061609445,703.8953012321889,79.82770913407205,0.2268169961285843,19.47,5.49,3.636164938956483,6.588734650313825,5.112449794635154,2.952569711357341,0.5775253063473346,-1.21205497965218,0.5370884498953501,-0.3374832648784149,0.5,0.5,0.0,18.076406396491425,8.029792291396255,1.986267572055984,0.3859946580771934
2025-06-11 14:59:25,413.03,340.01,397.1536288873479,319.0278470367938,7.49,12.98,358.0907379620708,716.1814759241416,78.12578185055406,0.2181731425867151,20.47,5.49,5.292123704217374,6.994050987735363,6.143087345976369,1.701927283517989,0.277047502439506,1.6559587652608911,0.4053163374215387,1.030637551341215,0.5,0.5,0.0,17.493440179219863,8.500341760092551,2.857561787640415,0.5498850315749483
2025-06-11 14:59:26,419.18,348.22,402.6602216655109,326.3258852775954,7.99,13.48,364.49305347155314,728.9861069431063,76.33433638791553,0.2094260383056847,21.47,5.49,5.5065927781630535,7.298038240801588,6.402315509482321,1.791445462638535,0.2798120742680039,0.2144690739456791,0.3039872530662251,0.2592281635059521,0.5,0.5,0.0,16.976853120386586,9.096830533726903,3.176399813826369,0.6570733455844494
2025-06-11 14:59:27,421.24,348.22,407.3051662491332,331.7994139581965,8.49,13.98,369.55229010366486,739.1045802073297,75.50575229093664,0.2043168290621047,22.47,5.49,4.644944583622248,5.473528680601135,5.05923663211172,0.8285840969788865,0.1637764733009855,-0.8616481945408054,-1.824509560200454,-1.3430788773706013,0.5,0.5,0.0,16.44647412804587,9.175213479818618,2.910247625665698,0.6094516098545069
2025-06-11 14:59:28,431.49,354.37,413.35137468684985,337.44206046864736,8.99,14.49,375.39671757774863,750.7934351554973,75.9093142182025,0.2022109157101778,23.48,5.5,6.0462084377167,5.642646510450845,5.844427474083773,0.403561927265855,0.0690507085603646,1.4012638540944522,0.1691178298497107,0.785190841972053,0.5,0.5099999999999998,0.0099999999999997,15.987934479975047,9.234185341386024,1.804853975760715,0.6052827524151304
2025-06-11 14:59:29,437.65,362.58,419.42603101513737,343.7265453514855,9.49,14.99,381.5762881833115,763.152576366623,75.69948566365184,0.1983862409943542,24.48,5.5,6.074656328287517,6.284484882838171,6.179570605562844,0.2098285545506542,0.033955194298868,0.0284478905708169,0.6418383723873262,0.3351431314790716,0.5,0.5,0.0,15.587266037420155,9.156059334330925,1.058020024726757,0.5235059393203537
2025-06-11 14:59:30,437.65,368.74,423.982023261353,349.97990901361413,10.0,15.49,386.9809661374836,773.9619322749671,74.00211424773886,0.191229338215613,25.49,5.49,4.555992246215624,6.253363662128606,5.404677954172087,1.697371415912983,0.3140559190111956,-1.5186640820718935,-0.031121220709565,-0.7748926513907577,0.5099999999999998,0.5,0.0099999999999997,15.18167716578291,9.016967207686854,0.8869420130627189,0.5503252525670312
2025-06-11 14:59:31,447.91,376.95,429.9640174460148,356.7224317602106,10.5,15.97,393.34322460311273,786.6864492062255,73.24158568580418,0.1862027382663142,26.47,5.470000000000001,5.981994184661801,6.742522746596478,6.362258465629168,0.7605285619346773,0.1195374954516206,1.426001938446177,0.4891590844678717,0.9575805114570812,0.5,0.4800000000000004,0.0199999999999995,14.859962589465438,9.357109239026732,1.1808203423883346,0.5391433891813014
2025-06-11 14:59:32,449.96,385.16,434.9630130845111,363.831823820158,11.0,16.47,399.3974184523345,798.7948369046691,71.13118926435311,0.1780962665254329,27.47,5.469999999999999,4.998995638496297,7.109392059947368,6.054193849221804,2.110396421451071,0.3485841592499022,-0.9829985461655042,0.3668693133508895,-0.3080646164073641,0.5,0.4999999999999982,1.7763568394002505e-15,14.539403127518437,9.452662505985666,1.958248635550586,0.3675009778855053
2025-06-11 14:59:33,456.11,383.11,440.2497598133833,368.65136786511846,11.5,16.97,404.4505638392509,808.9011276785018,71.59839194826486,0.1770263121692553,28.47,5.469999999999999,5.286746728872231,4.81954404496048,5.053145386916356,0.4672026839117507,0.0924577774199131,0.2877510903759344,-2.2898480149868874,-1.001048462305448,0.5,0.5,0.0,14.206201251599918,9.202962833917,1.8517731446942765,0.5563978767005537
2025-06-11 14:59:34,464.32,397.48,446.2673198600375,375.8585258988388,12.0,17.47,411.0629228794381,822.1258457588763,70.40879396119868,0.1712847106148865,29.47,5.469999999999999,6.017560046654182,7.207158033720361,6.612359040187243,1.189597987066179,0.1799052047735278,0.7308133177819514,2.387613988759881,1.5592136532708878,0.5,0.5,0.0,13.94852083240303,9.378511673619352,1.4974025826548358,0.6533347099371865
2025-06-11 14:59:35,470.48,401.58,452.3204898950281,382.2888944241291,12.5,17.97,417.3046921595786,834.6093843191572,70.03159547089899,0.1678188542301361,30.47,5.469999999999999,6.053170034990615,6.430368525290305,6.241769280140488,0.3771984902996905,0.0604313317168732,0.0356099883364322,-0.7767895084300562,-0.3705897600467551,0.5,0.5,0.0,13.6955916791594,9.42965056801831,1.2538763486761615,0.6006617390373811
2025-06-11 14:59:36,480.74,405.69,459.4253674212711,388.1391708180969,12.98,18.46,423.782269119684,847.564538239368,71.28619660317423,0.1682142025031903,31.44,5.48,7.104877526243001,5.850276393967761,6.4775769601053526,1.2546011322752406,0.1936836793014584,1.0517074912523867,-0.5800921313225444,0.2358076799648643,0.4800000000000004,0.490000000000002,0.0100000000000015,13.479079377881824,9.752632612110856,0.6491096098380699,0.6169348316165891
2025-06-11 14:59:37,484.85,411.85,465.7815255659533,394.0668781135727,13.48,18.96,429.924201839763,859.848403679526,71.71464745238063,0.1668076534856294,32.44,5.48,6.356158144682183,5.927707295475784,6.141932720079012,0.4284508492063992,0.0697582990525803,-0.748719381560818,0.0774309015080234,-0.3356442400263404,0.5,0.5,0.0,13.25290347061836,10.06726534593069,0.7479505795619781,0.6169874673838288
2025-06-11 14:59:38,486.9,418.0,471.06114417446497,400.0501585851795,13.98,19.46,435.5556513798222,871.1113027596444,71.0109855892855,0.1630353898549823,33.44,5.48,5.279618608511669,5.983280471606804,5.631449540059236,0.7036618630951352,0.124952151863831,-1.0765395361705146,0.0555731761310198,-0.5104831800197758,0.5,0.5,0.0,13.024989185252188,9.743563715456377,0.6745497172915209,0.3785651779510813
2025-06-11 14:59:39,497.16,424.16,477.5858581308488,406.0776189388847,14.49,19.96,441.8317385348667,883.6634770697334,71.5082391919641,0.1618449576919113,34.45,5.470000000000001,6.524713956383778,6.02746035370518,6.276087155044479,0.4972536026785974,0.0792298626779045,1.245095347872109,0.0441798820983763,0.6446376149852426,0.5099999999999998,0.5,0.0099999999999997,12.825304084457551,9.620019963058205,0.657266663269353,0.3164313080942036
2025-06-11 14:59:40,505.37,430.32,484.53189359813655,412.1382142041635,14.99,20.44,448.33505390115,896.6701078023,72.39367939397306,0.1614722707996469,35.43,5.450000000000001,6.9460354672878,6.060595265278835,6.503315366283289,0.8854402020089651,0.136152103348311,0.421321510904022,0.0331349115736543,0.2272282112388097,0.5,0.4800000000000004,0.0199999999999995,12.654107853430489,9.649912153233796,0.5233100751442504,0.3540040616976313
2025-06-11 14:59:41,505.37,436.48,489.7414201986024,418.2236606531226,15.49,20.94,453.98254042586257,907.9650808517252,71.5177595454798,0.1575341627033888,36.43,5.450000000000001,5.209526600465892,6.085446448959146,5.647486524712576,0.875919848493254,0.155099032031564,-1.7365088668219073,0.0248511836803118,-0.8558288415707125,0.5,0.5,0.0,12.46177677639544,9.631582484997391,0.5002423076931048,0.3878688066577829
2025-06-11 14:59:42,509.48,438.54,494.6760651489518,423.302745489842,15.99,21.44,458.9894053193969,917.9788106387938,71.37331965910982,0.1555010174013543,37.43,5.450000000000001,4.934644950349366,5.079084836719346,5.006864893534328,0.1444398863699802,0.0288483633157629,-0.2748816501165265,-1.0063616122398005,-0.6406216311782487,0.5,0.5,0.0,12.262607348565044,9.3439608664744,0.5088585187848773,0.5918602241441959
2025-06-11 14:59:43,519.74,444.69,500.9420488617139,428.6495591173815,16.47,21.95,464.7958039895477,929.5916079790954,72.29248974433239,0.1555360202658414,38.42,5.48,6.265983712762079,5.346813627539518,5.806398670150827,0.9191700852225608,0.1583029308071527,1.331338762412713,0.267728790820172,0.7995337766164994,0.4799999999999986,0.509999999999998,0.0299999999999993,12.097756165845697,8.954731043372117,0.4848659360965527,0.5835540739060108
2025-06-11 14:59:44,521.79,452.91,506.1540366462854,434.7146693380361,16.97,22.14,470.4343529921608,940.8687059843217,71.4393673082493,0.1518583128591832,39.11,5.170000000000002,5.211987784571534,6.065110220654617,5.638549002613047,0.8531224360830834,0.1513017417044674,-1.053995928190545,0.7182965931150989,-0.16784966753778,0.5,0.1900000000000012,0.3099999999999987,12.028492481812023,8.700277154369688,0.4966683704826073,0.5342051280475879
2025-06-11 14:59:45,527.95,461.12,511.60302748471406,441.3160020035271,17.47,22.11,476.45951474412055,952.9190294882412,70.28702548118702,0.1475194075438178,39.58,4.640000000000001,5.448990838428642,6.601332665490929,6.025161751959786,1.152341827062287,0.1912548879592453,0.2370030538571086,0.5362224448363122,0.3866127493467388,0.5,-0.0300000000000011,0.5300000000000011,12.037885363977646,8.921646848533735,0.7158487587555828,0.3794123997172264
2025-06-11 14:59:46,527.95,461.12,515.6897706135355,446.26700150264526,17.97,21.75,480.9783860580904,961.9567721161808,69.42276911089027,0.1443365668372656,39.72,3.780000000000001,4.086743128821468,4.950999499118211,4.518871313969839,0.8642563702967436,0.1912548773783547,-1.3622477096071748,-1.650333166372718,-1.5062904379899464,0.5,-0.3599999999999994,0.8599999999999994,12.109223916134605,8.80633817542328,1.1171485752784305,0.6212552300359658
2025-06-11 14:59:47,540.27,463.18,521.8348279601516,450.495251126984,18.48,21.41,486.1650395435678,972.3300790871356,71.33957683316765,0.1467394215622843,39.89,2.93,6.145057346616113,4.22824962433873,5.186653485477393,1.9168077222773832,0.369565338821862,2.0583142177946456,-0.7227498747794812,0.6677821715075538,0.5100000000000016,-0.3399999999999998,0.8500000000000014,12.187641698569218,8.434477057778274,1.1141480537428352,0.59762608341789
2025-06-11 14:59:48,544.38,477.55,527.4711209701137,457.258938345238,18.96,21.27,492.3650296576759,984.7300593153516,70.21218262487571,0.1426018873255273,40.23,2.3099999999999987,5.63629300996206,6.763687218254006,6.199990114108061,1.127394208291946,0.1818380361427557,-0.5087643366540533,2.535437593915276,1.0133366286306682,0.4800000000000004,-0.1400000000000005,0.620000000000001,12.238752607977212,8.480825444277034,0.8467363367190754,0.6791203777285614
2025-06-11 14:59:49,550.54,479.61,533.2383407275853,462.84670375892847,19.46,21.19,498.0425222432569,996.0850444865138,70.39163696865683,0.1413366001566812,40.650000000000006,1.7300000000000004,5.767219757471594,5.587765413690477,5.677492585581035,0.1794543437811171,0.031608022285903,0.1309267475095339,-1.1759218045635291,-0.5224975285270261,0.5,-0.0799999999999983,0.5799999999999983,12.251968265468356,8.639789327008101,0.6822459400300556,0.6811284869327014
2025-06-11 14:59:50,554.64,487.82,538.588755545689,469.09002781919634,19.96,21.68,503.8393916824426,1007.6787833648852,69.49872772649263,0.1379382571824747,41.64,1.7199999999999989,5.350414818103673,6.243324060267867,5.796869439185741,0.892909242164194,0.1540329823706766,-0.4168049393679212,0.6555586465773899,0.1193768536047059,0.5,0.4899999999999984,0.0100000000000015,12.099889038966223,9.109783603905267,0.7790584691389537,0.6456653290275606
2025-06-11 14:59:51,556.69,493.98,543.1140666592668,475.3125208643973,20.44,22.11,509.213293761832,1018.426587523664,67.80154579486953,0.1331495985912573,42.55,1.6699999999999982,4.5253111135778,6.222493045200906,5.3739020793893815,1.6971819316231065,0.3158192298131196,-0.8251037045258727,-0.0208310150669603,-0.4229673597963597,0.4800000000000004,0.4299999999999997,0.0500000000000007,11.967409677894768,9.10534673465771,1.3193686774571585,0.3923296123318205
2025-06-11 14:59:52,558.75,489.88,547.02304999445,478.95439064829793,20.94,22.43,512.988720321374,1025.977440642748,68.06865934615212,0.132690362413463,43.370000000000005,1.4899999999999984,3.90898333518328,3.641869783900688,3.775426559541984,0.2671135512825913,0.0707505433675957,-0.6163277783945205,-2.580623261300218,-1.5984755198473977,0.5,0.3200000000000003,0.1799999999999997,11.828192494654864,8.311790054686028,1.2009587772856454,0.9365086679739634
2025-06-11 14:59:53,571.07,500.15,553.0347874958376,484.2532929862234,21.44,22.91,518.6440402410306,1037.288080482061,68.78149450961416,0.1326179210408573,44.35,1.4699999999999989,6.011737501387529,5.298902337925483,5.655319919656563,0.7128351634620458,0.1260468103559603,2.102754166204249,1.657032554024795,1.879893360114579,0.5,0.4800000000000004,0.0199999999999995,11.694341117174508,7.978544158297111,1.0600559336244963,0.8419695014227615
2025-06-11 14:59:54,575.18,512.47,558.5710906218782,491.3074697396676,21.95,23.34,524.9392801807728,1049.8785603615456,67.2636208822106,0.1281360021885028,45.29,1.3900000000000006,5.536303126040593,7.054176753444153,6.29523993974226,1.51787362740356,0.2411144612148403,-0.4754343753469356,1.75527441551867,0.6399200200856967,0.509999999999998,0.4299999999999997,0.0799999999999983,11.590621960480258,8.191153751586208,0.8722620525424939,0.9568093257085452
2025-06-11 14:59:55,581.34,518.63,564.2633179664086,498.13810230475065,22.43,23.84,531.2007101355796,1062.4014202711592,66.12521566165799,0.1244825435574025,46.27,1.41,5.692227344530465,6.830632565083079,6.261429954806772,1.1384052205526132,0.1818123091621225,0.1559242184898721,-0.2235441883610747,-0.0338099849354875,0.4800000000000004,0.5,0.0199999999999995,11.480455989952963,8.879545482906396,0.992975665020948,1.0274378494716714
2025-06-11 14:59:56,589.55,522.74,570.5849884748066,504.288576728563,22.93,24.33,537.4367826016847,1074.8735652033697,66.29641174624356,0.1233566696011235,47.26,1.3999999999999986,6.321670508397915,6.150474423812341,6.236072466105156,0.1711960845855742,0.0274525445404185,0.6294431638674496,-0.6801581412707378,-0.0253574887016156,0.5,0.4899999999999984,0.0100000000000015,11.371916445826669,9.71836325832824,1.1373262037505505,1.0779118031979091
2025-06-11 14:59:57,595.71,522.74,576.8662413561049,508.9014325464223,23.43,24.75,542.8838369512636,1085.7676739025271,67.96480880968261,0.1251921756708919,48.18,1.3200000000000005,6.281252881298315,4.61285581785927,5.447054349578821,1.6683970634390448,0.3062933927352233,-0.0404176270996003,-1.537618605953071,-0.7890181165263357,0.5,0.4200000000000017,0.0799999999999983,11.267825356650857,9.644919795769328,1.1207687946122962,0.3979935924051951
2025-06-11 14:59:58,593.66,512.47,581.0646810170787,509.7935744098167,23.86,25.2,545.4291277134477,1090.8582554268953,71.27110660726197,0.1306697843134551,49.06,1.34,4.198439660973804,0.8921418633944427,2.545290762184095,3.306297797579361,1.2989857770734514,-2.0828132203245104,-3.720713954464827,-2.9017635873947256,0.4299999999999997,0.4499999999999993,0.0199999999999995,11.117593081855984,8.411576685561153,2.0873357878699754,1.6112785878542712
2025-06-11 14:59:59,577.23,537.12,580.106010762809,516.6251808073625,24.34,25.47,548.3655957850858,1096.7311915701716,63.48082995544644,0.1157636991226597,49.81,1.129999999999999,-0.9586702542696912,6.8316063975458405,2.93646807163816,7.790276651815532,2.65294013380144,-5.157109915243495,5.939464534151398,0.3911773094540649,0.4800000000000004,0.2699999999999996,0.2100000000000008,11.009146452036529,6.821301880530121,2.8641848821470477,1.8102073921215605
2025-06-11 15:00:00,601.88,518.63,585.5495080721067,517.1263856055219,24.61,25.7,551.3379468388143,1102.675893677629,68.4231224665848,0.1241037783355854,50.31,1.09,5.443497309297754,0.5012047981593923,2.9723510537285165,4.942292511138362,1.6627547550899138,6.4021675635674455,-6.330401599386448,0.0358829820903565,0.2699999999999996,0.2300000000000004,0.0399999999999991,10.95881407036375,5.322599572404031,2.8675332532754902,1.687717472488398
2025-06-11 15:00:01,585.44,547.4,585.5221310540801,524.6947892041414,24.86,25.9,555.1084601291108,1110.2169202582215,60.82734184993865,0.1095773999304813,50.76,1.0399999999999991,-0.027377018026641,7.568403598619511,3.770513290296435,7.595780616646152,2.014521105567532,-5.470874327324395,7.067198800460119,0.7981622365679186,0.25,0.1999999999999993,0.0500000000000007,10.935942655499767,4.812410496998679,4.178671686987546,1.1582049494057418
2025-06-11 15:00:02,608.04,520.69,591.1515982905601,523.6935919031062,25.13,26.1,557.4225950968331,1114.8451901936662,67.4580063874539,0.1210177105481662,51.23,0.9700000000000024,5.629467236479968,-1.0011973010352904,2.314134967722339,6.630664537515258,2.865287359947744,5.656844254506609,-8.569600899654802,-1.4563783225740965,0.2699999999999996,0.2000000000000028,0.0699999999999967,10.880784388367143,4.868238831995694,4.136965136210644,0.5552283369199111
2025-06-11 15:00:03,616.25,524.8,597.42619871792,523.9701939273295,25.31,26.17,560.6981963226248,1121.3963926452495,73.45600479059044,0.1310080987264597,51.48,0.860000000000003,6.274600427359928,0.2766020242233935,3.275601225791661,5.997998403136535,1.831113178489465,0.6451331908799602,1.277799325258684,0.961466258069322,0.1799999999999997,0.0700000000000002,0.1099999999999994,10.89157314357132,4.871382159853937,4.848563504720073,0.5315963683907496
2025-06-11 15:00:04,591.61,524.8,595.97214903844,524.1776454454971,25.54,26.24,560.0748972419685,1120.149794483937,71.79450359294287,0.1281873260492484,51.78,0.6999999999999993,-1.454049679480022,0.2074515181675451,-0.6232990806562384,1.661501197647567,2.6656521460710607,-7.72865010683995,-0.0691505060558483,-3.8989003064478993,0.2300000000000004,0.0699999999999967,0.1600000000000037,10.816432723552255,3.838013342883284,4.881560729268453,1.7394955389754494
2025-06-11 15:00:05,608.04,524.8,598.98911177883,524.3332340841228,25.72,26.24,561.6611729314764,1123.3223458629527,74.65587769470721,0.1329197764768681,51.96,0.5199999999999996,3.0169627403899995,0.1555886386256588,1.5862756895078292,2.8613741017643406,1.803830391438289,4.471012419870021,-0.0518628795418862,2.209574770164068,0.1799999999999997,0.0,0.1799999999999997,10.809491187875006,2.6810988643040568,5.629982981164188,1.724277198319051
2025-06-11 15:00:06,587.5,526.85,596.1168338341224,524.9624255630921,25.88,26.28,560.5396296986073,1121.0792593972146,71.15440827103032,0.126939121471839,52.16,0.4000000000000021,-2.872277944707548,0.6291914789693465,-1.121543232869044,3.5014694236768946,3.1220074260644344,-5.889240685097548,0.4736028403436876,-2.707818922376873,0.1600000000000001,0.0400000000000027,0.1199999999999974,10.746541774387762,1.593373652625515,2.7441668202652463,1.8939307663549128
2025-06-11 15:00:07,593.66,526.85,595.5026253755918,525.4343191723191,25.94,26.28,560.4684722739555,1120.936944547911,70.06830620327275,0.1250173908872543,52.22,0.3399999999999998,-0.6142084585305838,0.4718936092269814,-0.0711574246518012,1.0861020677575652,15.263155038523935,2.2580694861769643,-0.157297869742365,1.0503858082172428,0.0600000000000022,0.0,0.0600000000000022,10.732831511702871,0.5901841996785948,1.8308029480011376,1.8056705640933417
2025-06-11 15:00:08,610.09,522.74,599.1494690316939,524.7607393792393,26.08,26.28,561.9551042054666,1123.9102084109331,74.38872965245457,0.132374862268145,52.36,0.2000000000000028,3.646843656102078,-0.6735797930797389,1.486631931511056,4.320423449181817,2.9061803741898924,4.261052114632662,-1.1454734023067203,1.557789356162857,0.139999999999997,0.0,0.139999999999997,10.732526613310542,0.8187741441888414,2.024733682708883,1.2310367504613935
2025-06-11 15:00:09,595.71,547.4,598.2896017737704,530.4205545344295,26.08,26.33,564.3550781540999,1128.7101563082,67.86904723934094,0.1202594780241341,52.41,0.25,-0.8598672579234972,5.659815155190131,2.3999739486333738,6.519682413113628,2.716562694467354,-4.506710914025575,6.33339494826987,0.913342017122318,0.0,0.0499999999999971,0.0499999999999971,10.768079896699486,1.5758465680351,2.8972542446884697,1.4217201633227
2025-06-11 15:00:10,614.2,547.4,602.2672013303279,534.6654159008222,26.54,26.63,568.466308615575,1136.93261723115,67.60178542950575,0.1189195987273571,53.17,0.0899999999999998,3.977599556557493,4.244861366392684,4.111230461475088,0.2672618098351904,0.0650077263563502,4.83746681448099,-1.4149537887974477,1.7112565128417143,0.4600000000000008,0.3000000000000007,0.1600000000000001,10.691485761220411,3.359594891303128,2.7684111118918944,2.053844786476489
2025-06-11 15:00:11,624.47,561.78,607.8179009977459,541.4440619256166,27.03,27.06,574.6309814616812,1149.2619629233625,66.37383907212939,0.1155068924195285,54.09,0.0299999999999975,5.55069966741803,6.778646024794398,6.164672846106214,1.2279463573763678,0.199190806850548,1.573100110860537,2.5337846584017143,2.0534423846311256,0.490000000000002,0.4299999999999997,0.0600000000000022,10.623608261010778,5.706097398567697,3.161153912291449,2.406614901564687
2025-06-11 15:00:12,630.63,563.84,613.5209257483094,547.0430464442125,27.53,27.55,580.2819860962609,1160.5639721925218,66.47787930409697,0.1145613353203555,55.08,0.0199999999999995,5.703024750563486,5.598984518595898,5.651004634579635,0.1040402319675877,0.0184109234170542,0.1523250831454561,-1.1796615061984994,-0.5136682115265785,0.5,0.490000000000002,0.009999999999998,10.535257363126426,7.518038980267769,3.3347650672084126,2.0183002776773864
2025-06-11 15:00:13,634.74,572.06,618.8256943112322,553.2972848331593,28.03,27.72,586.0614895721958,1172.1229791443916,65.52840947807283,0.1118114916816915,55.75,0.3100000000000023,5.304768562922732,6.254238388946874,5.779503475934916,0.949469826024142,0.1642822200376533,-0.3982561876407544,0.6552538703509754,0.128498841355281,0.5,0.1699999999999981,0.3300000000000018,10.5123135257378,8.747936745139299,0.9596349118800204,1.5635083050252492
2025-06-11 15:00:14,642.96,580.28,624.8592707334242,560.0429636248696,28.51,27.56,592.4511171791469,1184.9022343582938,64.81630710855461,0.1094036370591426,56.07,0.9500000000000028,6.033576422192027,6.745678791710247,6.3896276069510805,0.7121023695182203,0.1114465978106373,0.7288078592692955,0.4914404027633736,0.610124131016164,0.4800000000000004,-0.1600000000000001,0.6400000000000006,10.566276201406646,9.393988021823732,1.0523706768500936,0.8932776991764074
2025-06-11 15:00:15,640.91,582.33,628.8719530500681,565.6147227186522,29.01,27.1,597.2433378843601,1194.4866757687205,63.25723033141594,0.1059153383771166,56.11,1.91,4.012682316643918,5.571759093782589,4.7922207052132535,1.5590767771386709,0.3253348599132251,-2.020894105548109,-1.1739196979276585,-1.597406901737827,0.5,-0.4599999999999973,0.9599999999999972,10.64415126074156,9.081493784500562,1.3227942251768807,0.6141951325895405
2025-06-11 15:00:16,647.07,588.5,633.4214647875511,571.3360420389891,29.51,26.61,602.3787534132701,1204.7575068265403,62.085422748562,0.1030670857723635,56.120000000000005,2.900000000000002,4.549511737483044,5.721319320336988,5.135415528910016,1.171807582853944,0.2281816044048637,0.5368294208391262,0.1495602265543993,0.3431948236967628,0.5,-0.490000000000002,0.990000000000002,10.733762342828008,8.7677106393619,1.7622379865576652,0.6152148101402647
2025-06-11 15:00:17,655.29,598.77,638.8885985906634,578.1945315292419,30.0,26.11,608.5415650599526,1217.0831301199053,60.69406706142149,0.0997369291540588,56.11,3.890000000000001,5.467133803112233,6.858489490252737,6.162811646682485,1.3913556871405035,0.2257663451588921,0.9176220656291888,1.1371701699157484,1.0273961177724686,0.4899999999999984,-0.5,0.9899999999999984,10.845509788173995,8.688775796028489,1.9704122807260176,0.6758994151054085
2025-06-11 15:00:18,659.4,598.77,644.0164489429975,583.3383986469314,30.5,25.63,613.6774237949644,1227.3548475899288,60.67805029606609,0.0988761323855757,56.13,4.870000000000001,5.1278503523341215,5.143867117689524,5.135858735011766,0.0160167653554026,0.0031186142499598,-0.3392834507781117,-1.7146223725632126,-1.026952911670719,0.5,-0.4800000000000004,0.9800000000000004,10.933144715158022,8.506176580734522,1.7680273648402889,0.7061410335021042
2025-06-11 15:00:19,663.51,604.94,648.8898367072482,588.7387989851986,30.98,25.15,618.8143178462234,1237.6286356924468,60.15103772204952,0.0972036940486459,56.13,5.830000000000002,4.873387764250651,5.400400338267218,5.136894051258992,0.5270125740165668,0.1025936034818157,-0.2544625880834701,0.256533220577694,0.0010353162472256,0.4800000000000004,-0.4800000000000004,0.9600000000000009,11.02466251240978,8.612406572674914,1.2742612387847754,0.5194167141799577
2025-06-11 15:00:20,663.51,604.94,652.5448775304361,592.789099238899,31.48,24.65,622.6669883846675,1245.333976769335,59.755778291537126,0.0959674742844309,56.13,6.830000000000002,3.65504082318796,4.050300253700357,3.8526705384441584,0.3952594305123966,0.1025935968245079,-1.2183469410626913,-1.3501000845668614,-1.2842235128148332,0.5,-0.5,1.0,11.093300860348595,8.064916482550323,0.8816387506188692,0.8197766177977052
2025-06-11 15:00:21,675.84,619.33,658.3686581478271,599.4243244291742,31.96,24.16,628.8964912885007,1257.792982577001,58.94433371865284,0.0937266059541204,56.120000000000005,7.800000000000001,5.82378061739098,6.635225190275264,6.229502903833122,0.8114445728842838,0.1302582975162738,2.16873979420302,2.5849249365749074,2.376832365388964,0.4800000000000004,-0.4899999999999984,0.9699999999999988,11.206280828264786,7.873617548594252,0.7294517778784189,0.9691059197935707
2025-06-11 15:00:22,684.06,625.5,664.7914936108702,605.9432433218807,32.46,23.73,635.3673684663754,1270.7347369327508,58.84825028898956,0.0926208255523325,56.19,8.73,6.422835463043157,6.518918892706438,6.4708771778747405,0.0960834296632811,0.0148485919564689,0.5990548456521765,-0.1163062975688262,0.2413742740416182,0.5,-0.4299999999999997,0.9299999999999996,11.30748099588707,8.490433015335277,0.7836826590151094,1.044271027756797
2025-06-11 15:00:23,686.11,631.67,670.1211202081527,612.3749324914105,32.95,23.25,641.2480263497816,1282.4960526995633,57.74618771674216,0.0900528114767101,56.2,9.700000000000005,5.329626597282413,6.431689169529818,5.880657883406229,1.1020625722474051,0.1874046079015319,-1.0932088657607435,-0.0872297231766197,-0.5902192944685112,0.490000000000002,-0.4800000000000004,0.9700000000000024,11.410107027396345,9.132754768209995,0.929321113555168,1.0564351312539153
2025-06-11 15:00:24,688.17,637.83,674.6333401561145,618.7386993685578,33.45,22.75,646.6860197623362,1293.3720395246723,55.89464078755668,0.0864324246899076,56.2,10.700000000000005,4.512219947961853,6.363766877147327,5.437993412554533,1.8515469291854745,0.3404834188337641,-0.8174066493205601,-0.0679222923824909,-0.442664470851696,0.5,-0.5,1.0,11.506868474296578,9.553640590446962,1.4923283208722868,1.0379768921231336
2025-06-11 15:00:25,690.22,644.0,678.5300051170859,625.0540245264184,33.93,22.27,651.7920148217522,1303.5840296435044,53.47598059066752,0.0820445468686007,56.2,11.66,3.896664960971407,6.3153251578605705,5.1059950594160455,2.418660196889164,0.473690180866645,-0.6155549869904462,-0.0484417192867567,-0.3319983531384878,0.4799999999999969,-0.4800000000000004,0.9599999999999972,11.597722477295903,9.03987459537536,2.3125823613849503,0.5591555980370457
2025-06-11 15:00:26,702.55,639.89,684.5350038378144,628.7630183948138,34.43,22.11,656.6490111163141,1313.2980222326282,55.77198544300063,0.0849342409931496,56.54,12.32,6.0049987207285085,3.708993868395396,4.856996294561895,2.2960048523331125,0.4727210482294933,2.1083337597571017,-2.6063312894651745,-0.24899876485415,0.5,-0.1600000000000001,0.6600000000000001,11.613883967145918,8.403070624424938,2.061067774551548,0.6417336171122472
2025-06-11 15:00:27,708.72,650.17,690.5812528783608,634.1147637961103,34.92,22.61,662.3480083372356,1324.6960166744711,56.46648908225052,0.0852519948520001,57.53,12.310000000000002,6.0462490405464,5.351745401296512,5.698997220921456,0.6945036392498878,0.1218641614416218,0.041250319817891,1.6427515329011158,0.8420009263595603,0.490000000000002,0.5,0.009999999999998,11.51308876801924,8.250076626054845,1.5505980253121925,0.4192528487333362
2025-06-11 15:00:28,708.72,652.23,695.1159396587707,638.6435728470827,35.42,23.09,666.8797562529267,1333.7595125058533,56.47236681168795,0.0846814829772524,58.510000000000005,12.330000000000002,4.5346867804098565,4.528809050972427,4.531747915691085,0.0058777294374294,0.0012970112746268,-1.511562260136543,-0.8229363503240847,-1.1672493052303707,0.5,0.4800000000000004,0.0199999999999995,11.397705432493954,8.058411971290402,1.2387847458801526,0.4614010828554809
2025-06-11 15:00:29,716.94,664.56,700.571954744078,645.122679635312,35.9,23.07,672.847317189695,1345.69463437939,55.44927510876596,0.0824098924224785,58.97,12.829999999999998,5.4560150853072855,6.479106788229274,5.967560936768336,1.023091702921988,0.1714421590865014,0.921328304897429,1.9502977372568464,1.4358130210772515,0.4799999999999969,-0.0199999999999995,0.4999999999999964,11.409993314900824,8.282212734253546,1.2297456593795968,0.5928730819296777
2025-06-11 15:00:30,716.94,672.79,704.6639660580585,652.039509726484,36.4,22.97,678.3517378922712,1356.7034757845424,52.62445633157449,0.0775769461688249,59.37,13.43,4.092011313980493,6.91683009117196,5.504420702576226,2.8248187771914672,0.5131908363542298,-1.364003771326793,0.4377233029426861,-0.4631402341921102,0.5,-0.1000000000000014,0.6000000000000014,11.425833358033316,8.529210289621819,1.5907963120069093,0.5984092222907036
2025-06-11 15:00:31,723.11,674.85,709.2754745435439,657.7421322948629,36.88,22.48,683.5088034192033,1367.017606838407,51.53334224868093,0.0753952866671121,59.36,14.400000000000002,4.611508485485388,5.702622568378956,5.157065526932115,1.0911140828935686,0.2115764993907614,0.519497171504895,-1.2142075227930036,-0.3473551756441111,0.480000000000004,-0.4899999999999984,0.9700000000000024,11.5146359822198,8.511684470153346,2.290018217333513,0.5548368315631949
2025-06-11 15:00:32,731.33,683.07,714.7891059076578,664.0740992211472,37.37,22.0,689.4316025644025,1378.863205128805,50.715006686510606,0.0735606061925664,59.37,15.369999999999996,5.513631364113962,6.331966926284281,5.922799145199178,0.8183355621703186,0.1381670058263967,0.9021228786285748,0.6293443579053246,0.7657336182670633,0.4899999999999949,-0.4800000000000004,0.9699999999999952,11.61245731770162,8.819784183810327,2.4962764340542933,0.595363184837892
2025-06-11 15:00:33,735.44,685.13,719.9518294307434,669.3380744158604,37.87,21.5,694.644951923302,1389.289903846604,50.61375501488294,0.0728627693930303,59.37,16.369999999999997,5.16272352308556,5.263975194713225,5.21334935889945,0.101251671627665,0.0194216127168248,-0.3509078410284019,-1.0679917315710554,-0.7094497862997287,0.5,-0.5,1.0,11.700268489523893,8.64650580142531,1.9939244808747405,0.3818045257486636
2025-06-11 15:00:34,741.61,691.3,725.3663720730575,674.8285558118953,38.35,21.02,700.0974639424765,1400.194927884953,50.53781626116222,0.0721868293942682,59.370000000000005,17.330000000000002,5.414542642314132,5.490481396034852,5.452512019174492,0.0759387537207203,0.0139272943418331,0.2518191192285712,0.2265062013216265,0.239162660275042,0.480000000000004,-0.4800000000000004,0.9600000000000044,11.792108003206476,8.63901226958758,0.888462584020221,0.3034473108909845
2025-06-11 15:00:35,745.72,691.3,730.4547790547931,678.9464168589215,38.85,20.53,704.7005979568573,1409.401195913715,51.508362195871655,0.0730925477743563,59.38,18.32,5.088406981735602,4.117861047026167,4.603134014380885,0.9705459347094348,0.2108445508718087,-0.3261356605785295,-1.3726203490086846,-0.849378004793607,0.5,-0.4899999999999984,0.9899999999999984,11.867642069538825,8.394896499944958,0.496292211992486,0.4796172521775447
2025-06-11 15:00:36,751.89,701.58,735.8135842910948,684.604812644191,39.33,20.03,710.2091984676429,1420.4183969352855,51.20877164690376,0.0721037853146491,59.36,19.3,5.358805236301691,5.65839578526959,5.508600510785527,0.2995905489678989,0.054385954108555,0.2703982545660892,1.540534738243423,0.9054664964046424,0.4799999999999969,-0.5,0.9799999999999968,11.9644404734367,8.162912147939938,0.4217163549785147,0.4847039727456618
2025-06-11 15:00:37,758.06,699.53,741.3751882183211,688.3361094831432,39.82,19.55,714.8556488507322,1429.7112977014644,53.039078735177895,0.0741955089062426,59.370000000000005,20.27,5.561603927226315,3.731296838952176,4.646450383089359,1.8303070882741397,0.393915041258259,0.2027986909246237,-1.9270989463174144,-0.8621501276961681,0.490000000000002,-0.4800000000000004,0.9700000000000024,12.040687835776392,7.9933197868929025,1.0117720792297382,0.4345964931924115
2025-06-11 15:00:38,756.0,711.87,745.0313911637409,694.2195821123573,40.32,19.07,719.6254866380491,1439.2509732760982,50.811809051383534,0.0706086845508457,59.39,21.25,3.65620294541975,5.883472629214111,4.769837787316874,2.2272696837943613,0.4669486293156761,-1.9054009818065647,2.152175790261936,0.1233874042275147,0.5,-0.4800000000000004,0.9800000000000004,12.11694686851494,7.783999894090293,0.9774940931217594,0.4468893637996329
2025-06-11 15:00:39,770.39,718.04,751.3710433728056,700.174686584268,40.8,18.58,725.7728649785367,1451.5457299570735,51.19635678853763,0.0705404668435918,59.38,22.22,6.339652209064752,5.9551044719106585,6.1473783404876485,0.3845477371540937,0.0625547433881945,2.6834492636450022,0.0716318426965472,1.3775405531707747,0.4799999999999969,-0.490000000000002,0.9699999999999988,12.222513518963009,8.162332381478368,0.8668151511540444,0.6744243490183887
2025-06-11 15:00:40,768.34,722.15,755.6132825296042,705.668514938201,41.28,18.1,730.6408987339026,1461.2817974678053,49.944767591403206,0.0683574757580542,59.38,23.18,4.242239156798632,5.493828353933054,4.8680337553659,1.2515891971344215,0.2571035869772354,-2.09741305226612,-0.4612761179776043,-1.2793445851217484,0.480000000000004,-0.4799999999999969,0.9600000000000009,12.304494550848906,8.197183864658308,1.129218600756361,0.6312102444940129
2025-06-11 15:00:41,780.68,730.38,761.8799618972031,711.8463862036508,41.79,17.6,736.863174050427,1473.726348100854,50.03357569355228,0.0679007682669557,59.39,24.19,6.26667936759884,6.177871265449767,6.22227531652436,0.0888081021490734,0.0142726066203822,2.024440210800208,0.6840429115167126,1.3542415611584602,0.509999999999998,-0.5,1.009999999999998,12.407192484311071,8.709532390673262,1.252914037185877,0.784011164685071
2025-06-11 15:00:42,782.73,728.32,767.0924714229023,715.9647896527382,42.27,17.12,741.5286305378203,1483.0572610756406,51.12768177016415,0.068949032573608,59.39,25.15,5.212509525699261,4.118403449087396,4.665456487393271,1.094106076611865,0.2345120665161552,-1.0541698418995793,-2.059467816362371,-1.556818829131089,0.480000000000004,-0.4800000000000004,0.9600000000000044,12.485748746456837,8.689010008679993,0.5971831034393834,0.7798989608012988
2025-06-11 15:00:43,784.79,740.67,771.5168535671768,722.1410922395537,42.75,16.63,746.8289729033652,1493.6579458067304,49.37576132762308,0.0661138802228794,59.38,26.12,4.424382144274432,6.176302586815496,5.300342365544907,1.7519204425410635,0.3305296132189269,-0.7881273814248289,2.0578991377281,0.6348858781516356,0.4799999999999969,-0.490000000000002,0.9699999999999988,12.577112838097886,8.386855658476872,0.7958571960164188,0.7174440133921204
2025-06-11 15:00:44,786.85,738.61,775.3501401753825,726.2583191796654,43.23,16.15,750.804229677524,1501.608459355048,49.09182099571717,0.0653856478025128,59.38,27.08,3.8332866082057535,4.117226940111664,3.975256774158765,0.2839403319059101,0.0714268980873817,-0.5910955360686785,-2.059075646703832,-1.3250855913861417,0.4799999999999969,-0.4800000000000004,0.9599999999999972,12.644058892446363,7.972586694507241,0.7832536324950006,0.8311736983800223
2025-06-11 15:00:45,793.02,753.01,779.7676051315369,732.9462393847491,43.74,15.67,756.356922258143,1512.713844516286,46.82136574678782,0.061903797409689,59.41,28.07,4.41746495615439,6.687920205083742,5.552692580619009,2.270455248929352,0.4088925880682656,0.5841783479486367,2.5706932649720784,1.5774358064602438,0.5100000000000051,-0.4799999999999986,0.9900000000000038,12.73113801594016,7.638286346926404,1.586723360509915,0.858648891846775
2025-06-11 15:00:46,801.24,761.24,785.1357038486526,740.0196795385618,44.22,15.17,762.5776916936072,1525.1553833872144,45.11602431009078,0.0591625282805351,59.39,29.05,5.368098717115686,7.073440153812726,6.220769435464263,1.70534143669704,0.2741366932582794,0.9506337609612956,0.3855199487289837,0.6680768548452534,0.4799999999999969,-0.5,0.9799999999999968,12.840169706237372,8.184812103658029,2.350737879186127,0.8581759126233575
2025-06-11 15:00:47,807.41,763.3,790.7042778864894,745.8397596539214,44.7,14.68,768.2720187702055,1536.544037540411,44.864518232568,0.0583966577957469,59.38,30.020000000000003,5.568574037836811,5.820080115359588,5.694327076598256,0.2515060775227766,0.0441678235148376,0.2004753207211251,-1.2533600384531385,-0.5264423588660065,0.480000000000004,-0.4900000000000002,0.9700000000000042,12.938228457931576,8.666239558046682,2.129964137108732,0.8381916401124038
2025-06-11 15:00:48,813.58,771.53,796.4232084148671,752.262319740441,45.18,14.2,774.342764077654,1548.685528155308,44.16088867442613,0.0570301559800814,59.38,30.98,5.718930528377655,6.422560086519525,6.070745307448533,0.7036295581418699,0.1159049517978618,0.1503564905408438,0.6024799711599371,0.3764182308502768,0.4799999999999969,-0.4800000000000004,0.9599999999999972,13.0404639783966,9.328685065678153,1.980307076415359,0.895907664226145
2025-06-11 15:00:49,821.81,769.47,802.7699063111503,756.5642398053308,45.69,13.72,779.6670730582405,1559.334146116481,46.20566650581952,0.0592633292378433,59.41,31.97,6.346697896283217,4.301920064889828,5.324308980586466,2.044777831393389,0.3840456019369781,0.6277673679055624,-2.120640021629697,-0.7464363268620673,0.509999999999998,-0.4799999999999986,0.9899999999999968,13.123498736487829,9.234337699471851,1.068466530766126,0.369187358957313
2025-06-11 15:00:50,830.04,775.65,809.5874297333627,761.3356798539982,46.17,13.23,785.4615547936804,1570.9231095873608,48.251749879364525,0.061431077719148,59.400000000000006,32.94,6.817523422212389,4.771440048667387,5.794481735439945,2.0460833735450024,0.3531088911579359,0.4708255259291718,0.469519983777559,0.4701727548534791,0.480000000000004,-0.4900000000000002,0.9700000000000042,13.223258275596333,9.039617210013192,1.5947643207423778,0.348439201928553
2025-06-11 15:00:51,830.04,783.88,814.700572300022,766.9717598904987,46.65,12.75,790.8361660952603,1581.6723321905206,47.72881240952336,0.0603523389488257,59.4,33.9,5.113142566659349,5.636080036500516,5.374611301579876,0.5229374698411675,0.0972977101413341,-1.7043808555530404,0.8646399878331295,-0.4198704338600691,0.4799999999999969,-0.4800000000000004,0.9599999999999972,13.313739945816842,8.895339486886359,1.7663171908967368,0.3089359511221247
2025-06-11 15:00:52,836.21,794.17,820.0779292250165,773.771319917874,47.13,12.27,796.9246245714453,1593.8492491428906,46.30660930714248,0.058106636212851,59.400000000000006,34.86,5.377356924994501,6.799560027375378,6.0884584761849965,1.4222031023808768,0.2335899759116116,0.2642143583351526,1.163479990874862,0.7138471746051209,0.480000000000004,-0.4800000000000004,0.9600000000000044,13.416239245037138,8.909135734326115,1.5944713193240694,0.3673018887985514
2025-06-11 15:00:53,842.38,790.05,825.6534469187625,777.8409899384055,47.62,11.78,801.747218428584,1603.494436857168,47.81245698035696,0.059635326224684,59.4,35.84,5.575517693745951,4.069670020531476,4.822593857138713,1.5058476732144754,0.3122484301133908,0.1981607687514497,-2.7298900068439025,-1.2658646190462832,0.4899999999999949,-0.4900000000000002,0.9799999999999952,13.49742769244371,8.799345481926554,0.9392987991400484,0.4839023193968781
2025-06-11 15:00:54,844.44,806.52,830.3500851890718,785.0107424538041,48.1,11.3,807.6804138214379,1615.3608276428758,45.33934273526768,0.0561352509027859,59.400000000000006,36.8,4.696638270309336,7.1697525153986135,5.933195392853918,2.4731142450892776,0.4168266278978991,-0.8788794234366151,3.100082494867138,1.1106015357152046,0.480000000000004,-0.4799999999999986,0.9600000000000026,13.597313135086274,8.755527523981076,1.2204677049220052,0.510528838396329
2025-06-11 15:00:55,846.5,810.63,834.3875638918039,791.4155568403531,48.6,10.82,812.9015603660785,1625.803120732157,42.97200705145076,0.0528624978641158,59.42,37.78,4.0374787027320735,6.404814386548992,5.221146544640533,2.3673356838169184,0.4534129065643759,-0.6591595675772624,-0.7649381288496215,-0.7120488482133851,0.5,-0.4800000000000004,0.9800000000000004,13.680604959365088,8.682799403354322,1.9979952762750528,0.5209564324295226
2025-06-11 15:00:56,860.9,810.63,841.0156729188529,796.2191676302649,49.08,10.34,818.617420274559,1637.234840549118,44.79650528858804,0.0547221499621171,59.42,38.74,6.6281090270490495,4.803610789911772,5.715859908480525,1.824498237137277,0.3191992013714505,2.590630324316976,-1.6012035966372196,0.4947133638399918,0.4799999999999969,-0.4800000000000004,0.9599999999999972,13.776799166909456,8.627165451477662,1.7954543565305674,0.524727232938832
2025-06-11 15:00:57,871.18,820.93,848.5567546891397,802.3968757226986,49.57,9.85,825.4768152059191,1650.9536304118385,46.159878966441056,0.0559190495241313,59.42,39.72,7.541081770286723,6.177708092433704,6.859394931360157,1.3633736778530192,0.198760020779654,0.912972743237674,1.374097302521932,1.1435350228796324,0.490000000000002,-0.4900000000000002,0.9800000000000022,13.892238325709876,9.243293234564794,1.7789824011464264,0.7741811211828907
2025-06-11 15:00:58,873.24,827.1,854.7275660168548,808.572656792024,50.05,9.37,831.6501114044394,1663.3002228088787,46.15490922483082,0.0554979895227684,59.42,40.68,6.170811327715114,6.175781069325353,6.173296198520234,0.0049697416102389,0.0008050384503487,-1.3702704425716092,-0.001927023108351,-0.6860987328399233,0.4799999999999969,-0.4800000000000004,0.9599999999999972,13.996130888729528,9.579835498420106,1.3146033676671611,0.6038452653021853
2025-06-11 15:00:59,879.42,831.22,860.9006745126411,814.2344925940181,50.53,8.89,837.5675835533295,1675.135167106659,46.66618191862301,0.0557163180372003,59.42,41.64,6.173108495786323,5.66183580199413,5.91747214889017,0.5112726937921934,0.0864005092930727,0.0022971680712089,-0.5139452673312235,-0.2558240496300641,0.480000000000004,-0.4799999999999986,0.9600000000000026,14.09571809925297,9.86420985611881,1.4997770208206338,0.6041945525515133
2025-06-11 15:01:00,883.53,837.4,866.5580058844807,820.0258694455136,51.02,8.4,843.2919376649972,1686.5838753299945,46.532136438967086,0.0551791548163396,59.42,42.620000000000005,5.657331371839632,5.791376851495556,5.724354111667708,0.1340454796559242,0.0234166953379089,-0.5157771239466911,0.1295410495014266,-0.1931180372224616,0.490000000000002,-0.4900000000000002,0.9800000000000022,14.192055258716628,9.720685450055305,0.7425889361920883,0.4747734793927694
2025-06-11 15:01:01,883.53,839.45,870.8010044133605,824.8819020841352,51.5,7.92,847.8414532487478,1695.6829064974957,45.919102329225325,0.0541600108122964,59.42,43.58,4.2429985288797525,4.856032638621514,4.549515583750576,0.6130341097417613,0.1347470876205449,-1.4143328429598796,-0.9353442128740426,-1.1748385279171316,0.4799999999999969,-0.4800000000000004,0.9599999999999972,14.268620649278478,8.926305940295537,0.3052972605688446,0.8418525404109656
2025-06-11 15:01:02,889.7,849.75,875.5257533100203,831.0989265631014,51.98,7.44,853.3123399365609,1706.6246798731215,44.42682674691889,0.052063968391876,59.42,44.54,4.724748896659776,6.217024478966209,5.470886687813049,1.4922755823064335,0.2727666271838529,0.4817503677800232,1.3609918403446954,0.921371104062473,0.4799999999999969,-0.4799999999999995,0.9599999999999964,14.360692116726169,8.482969491784464,0.8964208805605688,0.6244394235968848
2025-06-11 15:01:03,904.11,855.92,882.6718149825152,837.304194922326,52.47,6.95,859.9880049524206,1719.9760099048412,45.36762006018921,0.0527537823157724,59.42,45.52,7.146061672494966,6.205268359224647,6.6756650158597495,0.9407933132703192,0.1409287569263088,2.4213127758351902,-0.0117561197415625,1.2047783280467002,0.490000000000002,-0.4900000000000002,0.9800000000000022,14.47303922045408,8.691352936202636,0.9180800583035136,0.7698475633148852
2025-06-11 15:01:04,906.17,862.1,888.5463612368865,843.5031461917445,52.95,6.47,866.0247537143155,1732.049507428631,45.043215045142006,0.0520114636445939,59.42,46.48,5.874546254371239,6.198951269418444,6.036748761894842,0.3244050150472048,0.0537383572025651,-1.2715154181237267,-0.0063170898062026,-0.6389162539649078,0.480000000000004,-0.4800000000000004,0.9600000000000044,14.57463377885698,9.130608359968884,0.8077619661678114,0.7812898785658069
2025-06-11 15:01:05,914.4,862.1,895.0097709276648,848.1523596438084,53.43,5.99,871.5810652857366,1743.1621305714732,46.85741128385644,0.0537613919076287,59.42,47.44,6.463409690778349,4.649213452063918,5.5563115714211335,1.8141962387144304,0.3265108316702231,0.5888634364071095,-1.5497378173545258,-0.4804371904737081,0.4799999999999969,-0.4799999999999995,0.9599999999999964,14.668142891578489,9.521820178029191,0.921070399464596,0.7831318832267044
2025-06-11 15:01:06,914.4,870.34,899.8573281957487,853.6992697328564,53.92,5.5,876.7782989643025,1753.556597928605,46.15805846289231,0.0526450739768212,59.42,48.42,4.847557268083847,5.5469100890479694,5.197233678565908,0.6993528209641227,0.1345624864407888,-1.615852422694502,0.8976966369840511,-0.3590778928552254,0.490000000000002,-0.4900000000000002,0.9800000000000022,14.755608956726585,9.265110508180236,0.9524368382517644,0.5816073340897024
2025-06-11 15:01:07,914.4,882.69,903.4929961468116,860.9469522996422,54.4,5.02,882.2199742232269,1764.439948446454,42.54604384716925,0.0482261171159765,59.42,49.38,3.635667951062828,7.2476825667858975,5.44167525892442,3.612014615723069,0.6637687440151034,-1.2118893170210183,1.700772477737928,0.2444415803585116,0.4799999999999969,-0.4800000000000004,0.9599999999999972,14.84718881481047,8.733904528141391,1.6401902733417075,0.585713415375805
2025-06-11 15:01:08,922.63,886.81,908.2772471101086,867.4127142247316,54.88,4.54,887.8449806674201,1775.6899613348403,40.864532885377,0.0460266529959219,59.42,50.34,4.784250963297154,6.465761925089396,5.625006444193218,1.6815109617922417,0.2989348864823443,1.148583012234326,-0.7819206416965017,0.1833311852687984,0.480000000000004,-0.4799999999999995,0.9600000000000036,14.9418540175962,8.582992896440274,2.5210964797363093,0.306789718764243
2025-06-11 15:01:09,930.87,888.87,913.9254353325814,872.7770356685487,55.36,4.06,893.351235500565,1786.70247100113,41.148399664032695,0.046060718318608,59.42,51.3,5.648188222472754,5.364321443817062,5.506254833144908,0.2838667786556925,0.0515535033710123,0.8639372591756,-1.1014404812723342,-0.1187516110483102,0.4799999999999969,-0.4800000000000004,0.9599999999999972,15.0345207079442,8.63499534567551,2.816119682708262,0.1642286773214834
2025-06-11 15:01:10,939.1,895.05,920.219076499436,878.3452767514116,55.85,3.59,899.2821766254237,1798.5643532508475,41.87379974802445,0.0465635823658745,59.44,52.260000000000005,6.293641166854627,5.568241082862869,5.930941124858691,0.725400083991758,0.122307732687417,0.6454529443818728,0.2039196390458073,0.4246862917137832,0.490000000000002,-0.4699999999999997,0.9600000000000016,15.129242286274923,8.877327275115471,2.137496460544704,0.2684939728132121
2025-06-11 15:01:11,932.93,892.99,923.396807374577,882.0064575635586,56.33,3.11,902.7016324690678,1805.403264938136,41.39034981101838,0.0458516394303574,59.44,53.22,3.177730875140924,3.661180812146995,3.419455843644073,0.4834499370060712,0.1413820846736771,-3.115910291713704,-1.907060270715874,-2.5114852812146182,0.4799999999999969,-0.48,0.9599999999999967,15.186770142703528,8.313572671290881,0.6619131965599423,1.0045230586765015
2025-06-11 15:01:12,943.22,909.47,928.3526055309328,888.8723431726689,56.81,2.62,908.6124743518008,1817.2249487036015,39.48026235826387,0.0434511559429972,59.43,54.190000000000005,4.955798156355854,6.865885609110364,5.910841882733052,1.9100874527545104,0.3231497589513536,1.7780672812149303,3.204704796963369,2.4913860390889795,0.480000000000004,-0.4899999999999997,0.9700000000000036,15.28878443653065,8.069491227496366,0.9019560593724392,1.055168213276284
2025-06-11 15:01:13,945.28,913.59,932.5844541481996,895.0517573795017,57.3,2.14,913.8181057638506,1827.636211527701,37.53269676869775,0.0410723933908621,59.44,55.16,4.231848617266678,6.179414206832803,5.205631412049684,1.9475655895661248,0.3741266066074926,-0.7239495390891761,-0.6864714022775615,-0.7052104706833688,0.4899999999999949,-0.48,0.9699999999999948,15.373790215175983,7.968868094844087,1.782857083535074,1.0372545356044858
2025-06-11 15:01:14,955.57,921.83,938.3308406111496,901.7463180346264,57.78,1.66,920.038579322888,1840.077158645776,36.584522576523455,0.0397641178956692,59.44,56.120000000000005,5.746386462950227,6.694560655124519,6.220473559037373,0.9481741921742924,0.1524279511434934,1.5145378456835488,0.5151464482917163,1.0148421469876894,0.480000000000004,-0.4800000000000002,0.9600000000000042,15.47844151824439,8.355540508480283,2.318271172010967,1.135431448224571
2025-06-11 15:01:15,955.57,925.94,942.6406304583624,907.7947385259696,58.26,1.18,925.217684492166,1850.435368984332,34.84589193239265,0.0376623712222454,59.44,57.08,4.309789847212642,6.04842049134345,5.179105169278046,1.738630644130808,0.3357009080918626,-1.4365966157375851,-0.6461401637810695,-1.041368389759327,0.4799999999999969,-0.48,0.9599999999999967,15.565573164983055,8.930038211119061,2.5421676410308094,1.0858909267713373
2025-06-11 15:01:16,969.98,932.12,949.4754728437716,913.8760538944772,58.75,0.71,931.6757633691244,1863.351526738249,35.59941894929443,0.038210094445679,59.46,58.04,6.834842385409388,6.081315368507603,6.458078876958552,0.7535270169017849,0.1166797300835895,2.5250525381967464,0.0328948771641535,1.2789737076805068,0.490000000000002,-0.47,0.960000000000002,15.668949675414982,9.10164096357441,1.8046224218736544,0.583267158386556
2025-06-11 15:01:17,974.1,934.18,955.6316046328288,918.952040420858,59.23,0.23,937.2918225268434,1874.5836450536867,36.67956421197073,0.0391335582913257,59.46,59.0,6.156131789056985,5.075986526380689,5.616059157718837,1.0801452626762966,0.1923314979437535,-0.6787105963524027,-1.0053288421269144,-0.8420197192397154,0.4799999999999969,-0.48,0.9599999999999967,15.763400719196818,9.266901576991648,1.0412137672309307,0.5835068436182359
2025-06-11 15:01:18,980.28,940.36,961.7937034746216,924.3040303156436,59.71,0.17,943.0488668951324,1886.097733790265,37.48967315897789,0.0397536908587294,59.88,59.54,6.162098841792727,5.351989894785561,5.757044368289144,0.8101089470071656,0.1407160957023881,0.0059670527357411,0.2760033684048721,0.1409852105703066,0.480000000000004,-0.06,0.540000000000004,15.748978810056007,9.189311019254276,1.0280414291795732,0.5050756113639082
2025-06-11 15:01:19,984.4,946.55,967.445277605966,929.8655227367326,60.19,0.66,948.6554001713494,1897.3108003426987,37.57975486923351,0.0396137046422041,60.85,59.53,5.65157413134466,5.561492421089042,5.606533276216851,0.0900817102556175,0.0160672718327519,-0.5105247104480668,0.2095025263034813,-0.1505110920722927,0.4799999999999969,0.49,0.0100000000000031,15.590063838640685,9.213231019932062,1.1943613834785218,0.4643064019717137
2025-06-11 15:01:20,992.63,954.79,973.7414582044746,936.0966420525494,60.66,1.12,954.919050128512,1909.838100257024,37.64481615192517,0.0394219971917378,61.78,59.54,6.296180598508499,6.231119315816841,6.26364995716267,0.0650612826916585,0.0103871181738278,0.6446064671638396,0.6696268947277986,0.6571166809458191,0.4699999999999988,0.4600000000000001,0.0099999999999987,15.456766504884197,9.148790727208508,0.8740681582178624,0.3945773475735519
2025-06-11 15:01:21,996.75,956.85,979.493593653356,941.284981539412,61.14,1.6,960.389287596384,1920.778575192768,38.208612113943786,0.0397845046458045,62.74,59.54,5.75213544888129,5.188339486862674,5.470237467872039,0.5637959620186166,0.1030660665581435,-0.544045149627209,-1.042779828954167,-0.7934124892906311,0.480000000000004,0.48,3.996802888650564e-15,15.307447757235195,9.18246176307722,0.5478565548881905,0.3083868227020675
2025-06-11 15:01:22,1002.93,965.09,985.3526952400168,947.2362361545592,61.63,2.09,966.294465697288,1932.588931394576,38.11645908545779,0.0394460078155436,63.72,59.540000000000006,5.8591015866610405,5.951254615147036,5.905178100903981,0.0921530284859954,0.0156054586848836,0.1069661377797501,0.7629151282843623,0.4349406330319425,0.490000000000002,0.4899999999999997,2.220446049250313e-15,15.16469633604193,9.207690487770178,0.330035515200895,0.3057982200402819
2025-06-11 15:01:23,1015.29,969.21,992.8370214300128,952.7296771159192,62.11,2.55,972.783349272966,1945.566698545932,40.107344314093325,0.0412294724234734,64.66,59.56,7.484326189995727,5.493440961360193,6.48888357567796,1.990885228635534,0.3068147083549449,1.6252246033346864,-0.4578136537868431,0.5837054747739785,0.4799999999999969,0.4599999999999999,0.0199999999999969,15.04459223984494,9.432015293422868,1.0309731387678869,0.4297889379284909
2025-06-11 15:01:24,1031.77,977.45,1002.5702660725096,958.9097578369394,62.59,3.04,980.7400119547244,1961.4800239094488,43.66050823557009,0.0445179228530014,65.63000000000001,59.55,9.733244642496857,6.18008072102009,7.956662681758416,3.5531639214767665,0.4465645481061127,2.2489184525011297,0.6866397596598972,1.4677791060804566,0.480000000000004,0.4900000000000002,0.0099999999999962,14.943470928100767,10.15357721147146,2.4845003062284965,0.9430754975322958
2025-06-11 15:01:25,1035.88,977.45,1010.897699554382,963.5448183777046,63.07,3.52,987.2212589660434,1974.4425179320867,47.35288117667756,0.0479658239717267,66.59,59.55,8.327433481872617,4.635060540765153,6.481247011318942,3.6923729411074646,0.5697009178878902,-1.4058111606242392,-1.5450201802549373,-1.4754156704394743,0.4799999999999969,0.48,3.1086244689504387e-15,14.825367835120522,10.782089167082354,3.973175671908361,0.9392471870240604
2025-06-11 15:01:26,1033.83,987.75,1016.6307746657866,969.5961137832784,63.54,4.0,993.1134442245324,1986.226888449065,47.03466088250809,0.0473608137204043,67.53999999999999,59.54,5.733075111404446,6.05129540557391,5.892185258489121,0.318220294169464,0.0540071681731022,-2.5943583704681714,1.4162348648087573,-0.5890617528298208,0.4699999999999988,0.48,0.0100000000000011,14.704078020735189,10.776985702507332,4.109599753066485,0.8419536850022326
2025-06-11 15:01:27,1037.94,991.88,1021.95808099934,975.167085337459,64.02,4.47,998.5625831683994,1997.1251663367989,46.79099566188097,0.0468583505968716,68.49,59.55,5.327306333553338,5.57097155418046,5.449138943866956,0.2436652206271219,0.0447162714001076,-0.4057687778511081,-0.4803238513934502,-0.4430463146221655,0.4799999999999969,0.4699999999999997,0.0099999999999971,14.57968416686692,10.137633868272571,3.107060638546502,0.9467490739044898
2025-06-11 15:01:28,1035.88,1002.18,1025.438560749505,981.9203140030942,64.51,4.95,1003.6794373762996,2007.3588747525991,43.51824674641091,0.0433587110410595,69.46000000000001,59.56,3.480479750165159,6.75322866563522,5.116854207900133,3.2727489154700606,0.639601626877603,-1.8468265833881787,1.18225711145476,-0.332284735966823,0.4900000000000091,0.4800000000000004,0.0100000000000086,14.449746946826268,9.05731835080041,1.911747121871412,1.1174246249811477
2025-06-11 15:01:29,1042.06,1004.24,1029.593920562129,987.5002355023208,64.99,5.42,1008.5470780322248,2017.0941560644496,42.0936850598082,0.041736955998326,70.41,59.56999999999999,4.1553598126238285,5.579921499226543,4.867640655925243,1.4245616866027149,0.2926595232967973,0.6748800624586693,-1.1733071664086765,-0.2492135519748899,0.4799999999999897,0.4699999999999997,0.00999999999999,14.323917962055203,8.420517550761174,2.391895859443949,0.6416897505963646
2025-06-11 15:01:30,1048.24,1008.36,1034.2554404215966,992.7151766267406,65.47,5.9,1013.4853085241688,2026.970617048337,41.54026379485606,0.0409875342094097,71.37,59.57,4.661519859467717,5.214941124419852,4.938230491943841,0.5534212649521351,0.1120687164736967,0.5061600468438883,-0.3649803748066915,0.0705898360185983,0.480000000000004,0.4800000000000004,3.552713678800501e-15,14.200438480085891,8.02289989869492,2.5847635065996983,0.4222396959302976
2025-06-11 15:01:31,1050.3,1016.61,1038.2665803161974,998.6888824700554,65.94,6.38,1018.4777313931264,2036.9554627862528,39.57769784614197,0.0388596594577928,72.32,59.56,4.011139894600774,5.97370584331486,4.99242286895776,1.9625659487140863,0.3931088385577725,-0.6503799648669428,0.7587647188950086,0.0541923770139192,0.4699999999999988,0.4799999999999995,0.0100000000000006,14.082933038028118,7.84837568711598,2.6864038501660032,0.2292550705904262
2025-06-11 15:01:32,1056.48,1016.61,1042.819935237148,1003.1691618525416,66.42,6.85,1022.9945485448447,2045.9890970896893,39.6507733846064,0.0387595157786989,73.27,59.57,4.553354920950596,4.480279382486174,4.516817151718328,0.0730755384644226,0.0161785433926806,0.5422150263498224,-1.493426460828687,-0.4756057172394321,0.480000000000004,0.4699999999999997,0.0100000000000042,13.961983548285264,7.679182995651939,1.6801567151844825,0.2258206063839181
2025-06-11 15:01:33,1058.55,1026.91,1046.752451427861,1009.1043713894062,66.9,7.33,1027.9284114086336,2055.856822817267,37.64808003845474,0.0366251964475211,74.23,59.57000000000001,3.9325161907129313,5.935209536864591,4.933862863788818,2.002693346151659,0.4059077026526931,-0.620838730237665,1.4549301543784168,0.4170457120704895,0.480000000000004,0.4800000000000004,3.552713678800501e-15,13.847883572150748,7.633422003667698,1.770284825646303,0.1913267269896592
2025-06-11 15:01:34,1062.67,1033.1,1050.7318385708957,1015.1032785420548,67.37,7.79,1032.9175585564751,2065.8351171129502,35.62856002884098,0.0344931303560562,75.16000000000001,59.580000000000005,3.979387143034728,5.998907152648485,4.98914714784155,2.019520009613757,0.4047825299570348,0.0468709523217967,0.0636976157838944,0.0552842840527318,0.4699999999999988,0.4599999999999999,0.0099999999999988,13.742915710664706,7.640326603864112,2.248455818216083,0.2016007818874178
2025-06-11 15:01:35,1064.73,1035.16,1054.2313789281716,1020.1174589065412,67.85,8.28,1037.1744189173564,2074.348837834713,34.11392002163052,0.0328912084279409,76.13,59.56999999999999,3.4995403572759187,5.0141803644863785,4.256860360881319,1.5146400072104598,0.3558114485778969,-0.4798467857588093,-0.9847267881621063,-0.7322867869602305,0.4799999999999897,0.4899999999999993,0.0100000000000095,13.62372790350228,7.483884958011351,2.438092810578417,0.3341351500345295
2025-06-11 15:01:36,1070.91,1043.4,1058.4010341961286,1025.938094179906,68.33,8.76,1042.1695641880174,2084.3391283760348,32.462940016222774,0.0311493840355682,77.09,59.57,4.169655267957069,5.820635273364815,4.995145270660942,1.650980005407746,0.3305168489469065,0.6701149106811499,0.8064549088784361,0.7382849097796225,0.480000000000004,0.4800000000000004,3.552713678800501e-15,13.518868214673098,7.528019993179137,2.8373061092389973,0.3346555596361784
2025-06-11 15:01:37,1077.09,1049.59,1063.0732756470966,1031.851070634929,68.82,9.23,1047.462173141013,2094.924346282026,31.22220501216725,0.0298074773323165,78.05,59.58999999999999,4.672241450967931,5.912976455023454,5.292608952995579,1.240735004055523,0.2344278182361192,0.5025861830108624,0.0923411816586394,0.2974636823346372,0.4899999999999949,0.4700000000000006,0.0199999999999942,13.42039922768243,7.644690571021083,2.540715627243666,0.382657576060093
2025-06-11 15:01:38,1072.97,1055.77,1065.5474567353224,1037.830802976197,69.28,9.71,1051.6891298557598,2103.37825971152,27.716653759125396,0.0263544168575483,78.99000000000001,59.57,2.474181088225805,5.979732341267663,4.226956714746848,3.505551253041858,0.8293319899585997,-2.198060362742126,0.0667558862442092,-1.065652238248731,0.4600000000000079,0.4800000000000004,0.0199999999999924,13.314205805058284,7.568372912179438,3.022398238561528,0.4817805628125437
2025-06-11 15:01:39,1077.09,1059.9,1068.433092551492,1043.3481022321478,69.77,10.17,1055.89059739182,2111.78119478364,25.084990319344115,0.0237571869259466,79.94,59.6,2.885635816169497,5.517299255950775,4.201467536060136,2.6316634397812777,0.62636752297307,0.411454727943692,-0.4624330853168885,-0.0254891786867119,0.4899999999999949,0.4599999999999991,0.0299999999999958,13.208538706320756,7.433774120987387,3.666845254604525,0.5126977167972298
2025-06-11 15:01:40,1089.45,1066.08,1073.687319413619,1049.0310766741109,70.25,10.66,1061.359198043865,2122.71839608773,24.65624273950812,0.023230818333435,80.91,59.59,5.254226862127098,5.682974441963097,5.468600652045097,0.4287475798359992,0.0784016842176939,2.3685910459576007,0.1656751860123222,1.2671331159849617,0.480000000000004,0.4900000000000002,0.0099999999999962,13.11777511959078,7.410275233109251,3.528364122226744,0.5932038311560487
2025-06-11 15:01:41,1093.57,1068.14,1078.6579895602142,1053.8083075055831,70.71,11.12,1066.233148532899,2132.4662970657973,24.849682054631103,0.0233060490245659,81.83,59.59,4.970670146595239,4.777230831472252,4.873950489033632,0.1934393151229869,0.0396883956597074,-0.2835567155318585,-0.9057436104908448,-0.5946501630114653,0.4599999999999937,0.4599999999999991,5.3290705182007506e-15,13.029856232470271,7.475636075929056,2.8148100401498715,0.5875734444934728
2025-06-11 15:01:42,1091.51,1076.39,1081.870992170161,1059.4537306291877,71.2,11.61,1070.662361399674,2141.324722799348,22.417261540973183,0.020937750618906,82.81,59.59,3.213002609946443,5.64542312360436,4.429212866775288,2.4324205136579167,0.5491765777905082,-1.7576675366487962,0.8681922921321075,-0.4447376222583443,0.4900000000000091,0.4900000000000002,8.881784197001252e-15,12.929143200948324,7.640928216611645,1.883055351525359,0.5358774481528749
2025-06-11 15:01:43,1105.94,1080.52,1087.8882441276205,1064.7202979718904,71.68,12.07,1076.3042710497557,2152.608542099511,23.16794615573008,0.0215254614864699,83.75,59.61000000000001,6.017251957459848,5.266567342702956,5.641909650081516,0.7506846147568922,0.1330550342455434,2.804249347513405,-0.3788557809014037,1.212696783306228,0.480000000000004,0.4600000000000008,0.0200000000000031,12.851394127741628,7.932001859941967,1.174839233761806,0.6287590628548952
2025-06-11 15:01:44,1108.0,1086.7,1092.9161830957155,1070.2152234789178,72.15,12.55,1081.5657032873166,2163.1314065746333,22.70095961679772,0.0209889787803101,84.7,59.60000000000001,5.027938968094986,5.494925507027347,5.261432237561166,0.4669865389323604,0.0887565265674306,-0.989312989364862,0.2283581643243906,-0.3804774125203494,0.4699999999999988,0.4800000000000004,0.0100000000000015,12.769370608240212,7.989028888947668,1.125002580162412,0.4874715944144766
2025-06-11 15:01:45,1112.12,1092.89,1097.7171373217866,1075.8839176091883,72.63,13.02,1086.8005274654874,2173.601054930975,21.833219712598293,0.020089445248454,85.64999999999999,59.61,4.800954226071099,5.668694130270524,5.234824178170811,0.8677399041994249,0.1657629194223897,-0.2269847420238875,0.173768623243177,-0.0266080593903552,0.4799999999999897,0.4699999999999988,0.0099999999999909,12.688855981046489,8.232744413969728,1.144522146087591,0.4577852409562369
2025-06-11 15:01:46,1118.3,1099.08,1102.86285299134,1081.682938206891,73.09,13.5,1092.2728955991156,2184.545791198231,21.17991478444856,0.0193906805253467,86.59,59.59,5.145715669553283,5.79902059770302,5.472368133628152,0.653304928149737,0.1193824671174181,0.3447614434821844,0.1303264674324964,0.2375439554573404,0.4600000000000079,0.4800000000000004,0.0199999999999924,12.614307460270332,8.494159179894751,0.7733479466990189,0.4659002095777843
2025-06-11 15:01:47,1120.36,1092.89,1107.237139743505,1084.4847036551685,73.58,13.29,1095.8609216993368,2191.7218433986736,22.75243608833648,0.020762156599482,86.87,60.29,4.374286752165062,2.8017654482771377,3.5880261002212137,1.5725213038879249,0.4382690709863851,-0.7714289173882207,-2.9972551494258823,-1.8843420334069376,0.4899999999999949,-0.2100000000000008,0.6999999999999957,12.614952332040804,7.895016565347042,0.8043095651200907,0.8283196721618147
2025-06-11 15:01:48,1122.42,1109.39,1111.0328548076286,1090.7110277413765,74.06,12.8,1100.871941274503,2201.7438825490053,20.321827066252126,0.0184597556590145,86.86,61.260000000000005,3.795715064123669,6.226324086208024,5.011019575165847,2.4306090220843544,0.4850526924854843,-0.5785716880413929,3.424558637930886,1.422993474944633,0.480000000000004,-0.4899999999999984,0.9700000000000024,12.67409542482624,7.553481066009213,1.0344695077884007,0.7587869893679811
2025-06-11 15:01:49,1132.73,1111.45,1116.4571411057211,1095.8957708060325,74.52,12.7,1106.176455955877,2212.352911911754,20.561370299689088,0.0185877851317434,87.22,61.81999999999999,5.424286298092738,5.184743064655777,5.304514681374258,0.2395432334369616,0.0451583608807246,1.628571233969069,-1.041581021552247,0.293495106208411,0.4599999999999937,-0.1000000000000014,0.5599999999999952,12.68260081716666,7.500845941323466,0.9882160762440718,0.7639522673538195
2025-06-11 15:01:50,1130.67,1103.2,1120.010355829291,1097.721828104524,75.01,13.16,1108.8660919669076,2217.732183933815,22.288527724766936,0.0201002879122502,88.17,61.85000000000001,3.553214723569681,1.8260572984918328,2.689636011030643,1.7271574250778483,0.6421526094393006,-1.8710715745230573,-3.358685766163944,-2.6148786703436144,0.4900000000000091,0.4600000000000008,0.0300000000000082,12.576455476811295,6.911563336723495,1.0642594468517397,1.217092025279354
2025-06-11 15:01:51,1138.91,1119.7,1124.7352668719682,1103.216371078393,75.47,13.64,1113.9758189751806,2227.951637950361,21.51889579357521,0.0193172018707323,89.11,61.83,4.7249110426771495,5.4945429738688745,5.109727008273012,0.769631931191725,0.1506209195373288,1.1716963191074683,3.668485675377042,2.4200909972423688,0.4599999999999937,0.4800000000000004,0.0200000000000066,12.501131258826724,7.024008715641189,1.055840642985043,1.1469742631067403
2025-06-11 15:01:52,1140.97,1123.82,1128.793950153976,1108.3672783087948,75.96,14.11,1118.5806142313854,2237.161228462771,20.42667184518132,0.01826124247733,90.07,61.85,4.058683282007905,5.150907230401799,4.604795256204852,1.0922239483938938,0.2371926764234461,-0.6662277606692442,-0.3436357434670753,-0.5049317520681598,0.4899999999999949,0.4699999999999988,0.019999999999996,12.419014120266144,6.859175497685673,0.8526172559149741,1.067578891688977
2025-06-11 15:01:53,1147.16,1121.76,1133.385462615482,1111.715458731596,76.42,14.59,1122.550460673539,2245.100921347078,21.67000388388601,0.0193042581369389,91.01,61.83,4.591512461506,3.348180422801306,3.969846442153539,1.243332038704693,0.3131939090410532,0.5328291794980942,-1.802726807600493,-0.6349488140513131,0.4600000000000079,0.4800000000000004,0.0199999999999924,12.334363787926328,6.738942345048417,0.7858184801327603,1.0551667444993809
2025-06-11 15:01:54,1151.28,1140.33,1137.8590969616116,1118.869094048697,76.9,15.06,1128.3640955051542,2256.7281910103084,18.990002912914637,0.0168296766723894,91.96,61.84,4.473634346129529,7.153635317100907,5.813634831615218,2.6800009709713777,0.4609853538464217,-0.1178781153764703,3.8054548942996007,1.843788389461679,0.480000000000004,0.4700000000000006,0.0100000000000033,12.270161844660638,7.533063783983484,1.298558079099112,1.188207925658689
2025-06-11 15:01:55,1157.47,1140.33,1142.7618227212088,1124.2343205365228,77.37,15.52,1133.4980716288658,2266.9961432577315,18.527502184686,0.0163454201044348,92.89,61.85000000000001,4.9027257595971605,5.365226487825794,5.133976123711591,0.4625007282286333,0.0900862464097366,0.4290914134676313,-1.788408829275113,-0.6796587079036271,0.4699999999999988,0.4599999999999991,0.0099999999999997,12.202584340900868,7.735898260760651,1.4326180295110809,0.6859858973962738
2025-06-11 15:01:56,1163.65,1148.58,1147.9838670409067,1130.320740402392,77.85,16.01,1139.152303721649,2278.3046074432987,17.66312663851477,0.0155055005070904,93.86,61.83999999999999,5.222044319697943,6.086419865869175,5.654232092783559,0.8643755461712317,0.1528722873619104,0.3193185601007826,0.721193378043381,0.5202559690719681,0.4799999999999897,0.490000000000002,0.0100000000000122,12.136717361868016,8.249801047274664,1.5919855485711496,0.761436905016585
2025-06-11 15:01:57,1153.34,1150.64,1149.32290028068,1135.400555301794,78.33,16.47,1142.361727791237,2284.723455582474,13.92234497888603,0.0121873349115237,94.8,61.86,1.3390332397732436,5.079814899401981,3.2094240695876124,3.7407816596287375,1.1655613010181292,-3.8830110799247,-1.0066049664671937,-2.4448080231959466,0.480000000000004,0.4599999999999973,0.0200000000000066,12.050229068997972,8.003961625166813,2.799488665889116,1.126744487083319
2025-06-11 15:01:58,1173.96,1160.96,1155.48217521051,1141.7904164763454,78.8,16.94,1148.6362958434277,2297.272591686856,13.691758734164525,0.0119200122543497,95.74,61.86,6.159274929829962,6.38986117455147,6.274568052190716,0.2305862447215076,0.0367493357397987,4.820241690056719,1.3100462751494888,3.065143982603104,0.4699999999999988,0.4700000000000024,3.552713678800501e-15,11.99745439571729,7.838865513225047,2.5581679875657497,1.1940319458848498
