time,force_left_raw,force_right_raw,force_left,force_right,dis_left,dis_right,force_avg,force_sum,force_diff,force_diff_ratio,total_delta_dis,dis_diff,left_force_rate,right_force_rate,force_rate,force_rate_diff,force_rate_ratio,left_force_acc,right_force_acc,force_acc,left_dis_rate,right_dis_rate,dis_rate_diff,stiffness_ratio,force_std_5s,force_diff_std_5s,force_rate_std_5s
2023-11-30 07:39:26,278.66,295.82,278.66,295.82,0.39,8.57,287.24,574.48,17.159999999999968,0.0597409829419961,8.96,8.18,0.0,0.0,0.0,0.0,0.0,0.0,0.0,0.0,0.0,0.0,0.0,32.05803213638034,0.0,0.0,0.0
2023-11-30 07:39:27,258.27,300.69,273.5625,297.0375,0.39,9.21,285.3,570.6,23.475000000000023,0.0822818083340981,9.6,8.82,-5.097500000000025,1.2175000000000296,-1.9399999999999975,6.315000000000055,3.255152961261392,-5.097500000000025,1.2175000000000296,-1.9399999999999975,0.0,0.6400000000000006,0.6400000000000006,29.7187469042972,0.0,0.0,0.0
2023-11-30 07:39:28,254.39,304.59,268.769375,298.925625,0.39,9.82,283.8475,567.6949999999999,30.156250000000057,0.1062410269379122,10.21,9.43,-4.793125000000032,1.8881250000000025,-1.4525000000000432,6.681250000000034,4.599824716127449,0.3043749999999932,0.6706249999999727,0.4874999999999545,0.0,0.6099999999999994,0.6099999999999994,27.80092773742137,0.0,0.0,0.0
2023-11-30 07:39:29,253.42,309.46,264.93203125,301.55921875,0.39,10.42,283.245625,566.49125,36.62718750000005,0.1293124558258846,10.81,10.03,-3.8373437500000014,2.6335937499999886,-0.60187499999995,6.470937499999991,10.751280164021374,0.9557812500000296,0.7454687499999864,0.8506250000000932,0.0,0.5999999999999996,0.5999999999999996,26.20218305252701,0.0,0.0,0.0
2023-11-30 07:39:30,254.39,313.35,262.2965234375,304.5069140625,0.39,11.03,283.40171875,566.8034375,42.210390625,0.1489419000782192,11.42,10.64,-2.6355078124999523,2.9476953125000023,0.1560937499999681,5.5832031249999545,35.76803912368028,1.20183593750005,0.3141015625000136,0.7579687499999181,0.0,0.6099999999999994,0.6099999999999994,24.8162604145131,1.6804629590787974,10.0056401435089,0.9101503218691076
2023-11-30 07:39:31,251.48,259.82,259.592392578125,293.335185546875,0.39,11.3,276.4637890625,552.927578125,33.742792968749995,0.1220514012381939,11.69,10.91,-2.7041308593750277,-11.171728515625034,-6.937929687500002,8.467597656250007,1.220478848470768,-0.068623046875075,-14.119423828125036,-7.09402343749997,0.0,0.2700000000000013,0.2700000000000013,23.64959498827245,3.444161743185134,7.01887562126592,2.7914825334940283
2023-11-30 07:39:32,253.42,254.95,258.04929443359373,283.73888916015625,0.39,11.3,270.894091796875,541.78818359375,25.68959472656252,0.094832613222856,11.69,10.91,-1.5430981445312568,-9.596296386718734,-5.569697265624996,8.053198242187477,1.4458948866027663,1.1610327148437705,1.5754321289063,1.3682324218750068,0.0,0.0,0.0,23.17314530570827,5.731693074963153,6.279344599052499,3.168072472831295
2023-11-30 07:39:33,253.42,253.01,256.8919708251953,276.0566668701172,0.39,11.3,266.47431884765626,532.9486376953125,19.164696044921868,0.0719194857346041,11.69,10.91,-1.1573236083984284,-7.682222290039078,-4.419772949218725,6.52489868164065,1.476296923012102,0.3857745361328284,1.914074096679656,1.1499243164062705,0.0,0.0,0.0,22.795063819725616,7.487698745252756,9.10975189827232,3.1109453147730632
2023-11-30 07:39:34,251.48,252.04,255.53897811889647,270.05250015258787,0.39,11.3,262.79573913574217,525.5914782714843,14.513522033691402,0.0552273869667549,11.69,10.91,-1.352992706298835,-6.004166717529301,-3.6785797119140966,4.6511740112304665,1.264393627728857,-0.1956690979004065,1.678055572509777,0.7411932373046284,0.0,0.0,0.0,22.48038636914934,8.160867456074234,11.13352947518344,2.6743006789397508
2023-11-30 07:39:35,251.48,253.01,254.52423358917235,265.7918751144409,0.39,11.3,260.15805435180664,520.3161087036133,11.267641525268573,0.0433107539569803,11.69,10.91,-1.014744529724112,-4.260625038146941,-2.6376847839355264,3.245880508422829,1.2305789143617605,0.3382481765747229,1.7435416793823606,1.0408949279785702,0.0,0.0,0.0,22.254750393246898,6.497185358777583,9.006321315543385,1.6678228088733564
2023-11-30 07:39:36,251.48,252.04,253.76317519187927,262.3539063358307,0.39,11.3,258.058540763855,516.11708152771,8.590731143951416,0.0332898538650685,11.69,10.91,-0.761058397293084,-3.437968778610241,-2.0995135879516624,2.676910381317157,1.2750139468803672,0.253686132431028,0.8226562595367,0.538171195983864,0.0,0.0,0.0,22.075151299290305,5.114637975771642,6.76915592405471,1.3876756275068232
2023-11-30 07:39:37,251.48,252.04,253.19238139390944,259.775429751873,0.39,11.3,256.4839055728912,512.9678111457824,6.583048357963548,0.0256665162579808,11.69,10.91,-0.5707937979698272,-2.578476583957695,-1.574635190963761,2.007682785987868,1.2750137444504304,0.1902645993232568,0.859492194652546,0.5248783969879014,0.0,0.0,0.0,21.94045197882286,3.960336468875901,4.978720415110174,1.1597912018541734
2023-11-30 07:39:38,251.48,249.12,252.76428604543207,257.1115723139048,0.39,11.3,254.9379291796684,509.8758583593368,4.347286268472658,0.0170523321712422,11.69,10.91,-0.4280953484773704,-2.663857437968261,-1.5459763932228157,2.2357620894908905,1.4461803253345884,0.1426984494924568,-0.085380854010566,0.0286587977409453,0.0,0.0,0.0,21.808204223393,3.088265036275692,3.974284718463076,0.8872920461996922
2023-11-30 07:39:39,251.48,251.06,252.4432145340741,255.59867923542856,0.39,11.3,254.0209468847513,508.0418937695026,3.155464701354504,0.0124220649030336,11.69,10.91,-0.3210715113580136,-1.5128930784761678,-0.9169822949170908,1.1918215671181542,1.299720042583669,0.1070238371193568,1.150964359492093,0.628994098305725,0.0,0.0,0.0,21.729762630880124,2.4559931132249875,3.260039328057112,0.6473635064637077
2023-11-30 07:39:40,250.51,248.15,251.95991090055557,253.73650942657144,0.39,11.3,252.84821016356344,505.6964203271269,1.7765985260158743,0.0070263440577264,11.69,10.91,-0.483303633518517,-1.8621698088571463,-1.172736721187846,1.378866175338629,1.1757668832737806,-0.1622321221605034,-0.3492767303809785,-0.2557544262707552,0.0,0.0,0.0,21.62944298837643,2.048474860363497,2.7183745795480325,0.4491324509965551
2023-11-30 07:39:41,251.48,249.12,251.83993317541663,252.58238206992857,0.39,11.3,252.2111576226726,504.4223152453452,0.7424488945119094,0.0029437591047375,11.69,10.91,-0.1199777251388809,-1.1541273566428458,-0.6370525408908634,1.0341496315039649,1.623332365530529,0.3633259083796361,0.7080424522143005,0.5356841802969825,0.0,0.0,0.0,21.57494748055818,1.6975042623372296,2.277922663382523,0.4040869211371067
2023-11-30 07:39:42,250.51,249.12,251.50744988156248,251.7167865524464,0.39,11.3,251.61211821700445,503.2242364340089,0.2093366708839426,0.0008319816689886,11.69,10.91,-0.3324832938541817,-0.8655955174821486,-0.599039405668151,0.5331122236279668,0.8899436808997051,-0.2125055687153008,0.2885318391606972,0.0380131352227124,0.0,0.0,0.0,21.52370373766473,1.3499962105408734,1.7082143438883357,0.3949787006976383
2023-11-30 07:39:43,250.51,249.12,251.25808741117183,251.06758991433483,0.39,11.3,251.16283866275336,502.3256773255067,0.1904974968370254,0.0007584621080603,11.69,10.91,-0.2493624703906221,-0.6491966381115901,-0.4492795542510919,0.399834167720968,0.8899431856948576,0.0831208234635596,0.2163988793705584,0.149759851417059,0.0,0.0,0.0,21.485270930494647,1.119280931102709,1.2614539957894462,0.2882891480355573
2023-11-30 07:39:44,251.48,248.15,251.3135655583789,250.33819243575115,0.39,11.3,250.82587899706505,501.6517579941301,0.9753731226277864,0.0038886462698314,11.69,10.91,0.0554781472070544,-0.7293974785837065,-0.3369596656883402,0.784875625790761,2.32927966291681,0.3048406175976765,-0.0802008404721164,0.1123198885627516,0.0,0.0,0.0,21.45644632511708,0.8116170109682406,0.6530606019715162,0.321596695958308
2023-11-30 07:39:45,251.48,249.12,251.35517416878417,250.03364432681332,0.39,11.3,250.6944092477988,501.3888184955976,1.321529841970829,0.0052714770970145,11.69,10.91,0.0416086104052624,-0.3045481089377801,-0.1314697492662446,0.3461567193430426,2.632956161541546,-0.013869536801792,0.4248493696459263,0.2054899164220955,0.0,0.0,0.0,21.445199983113667,0.6200729619783565,0.4907991557586176,0.2059069581084965
2023-11-30 07:39:46,251.48,247.17,251.3863806265881,249.31773324511,0.39,11.3,250.35205693584908,500.70411387169815,2.068647381478144,0.0082629533726789,11.69,10.91,0.031206457803961,-0.7159110817033536,-0.3423523119496963,0.7471175395073146,2.182299727881974,-0.0104021526013013,-0.4113629727655734,-0.2108825626834516,0.0,0.0,0.0,21.41591407356159,0.4795466661940109,0.7930052120998116,0.1713771217461642
2023-11-30 07:39:47,250.51,248.15,251.1672854699411,249.02579993383247,0.39,11.3,250.0965427018868,500.1930854037736,2.1414855361086325,0.0085626354703296,11.69,10.91,-0.2190951566470289,-0.2919333112775177,-0.2555142339622875,0.0728381546304888,0.2850638433606635,-0.25030161445099,0.4239777704258358,0.0868380779874087,0.0,0.0,0.0,21.39405657038753,0.4147880257427542,0.8105483892865877,0.1180858056571458
2023-11-30 07:39:48,250.51,247.17,251.00296410245585,248.56184995037435,0.39,11.3,249.7824070264151,499.5648140528302,2.441114152081468,0.0097729626812762,11.69,10.91,-0.1643213674852859,-0.4639499834581215,-0.3141356754717037,0.2996286159728356,0.9538160914287294,0.054773789161743,-0.1720166721806038,-0.0586214415094161,0.0,0.0,0.0,21.367184401987227,0.4276344323903407,0.6140473593635646,0.0878658958454773
2023-11-30 07:39:49,250.51,248.15,250.87972307684183,248.45888746278075,0.39,11.3,249.6693052698113,499.3386105396226,2.4208356140611045,0.009696168304505,11.69,10.91,-0.1232410256139644,-0.1029624875936008,-0.1131017566037826,0.0202785380203636,0.1792930484568349,0.0410803418713214,0.3609874958645207,0.2010339188679211,0.0,0.0,0.0,21.35750931670676,0.4187588305653276,0.4543540800958727,0.1045437669865813
2023-11-30 07:39:50,250.51,248.15,250.7872923076314,248.3816655970856,0.39,11.3,249.5844789523585,499.168957904717,2.4056267105458176,0.0096385268467214,11.69,10.91,-0.0924307692104662,-0.0772218656951793,-0.0848263174528085,0.0152089035152869,0.1792925200510789,0.0308102564034982,0.0257406218984215,0.028275439150974,0.0,0.0,0.0,21.35025300274641,0.319976538575004,0.1762263790291894,0.1170174251884468
2023-11-30 07:39:51,250.51,248.15,250.71796923072355,248.32374919781415,0.39,11.3,249.52085921426885,499.0417184285377,2.3942200329093737,0.0095952700341502,11.69,10.91,-0.0693230769078354,-0.0579163992713915,-0.0636197380896419,0.0114066776364438,0.1792918155141772,0.0231076923026307,0.0193054664237877,0.0212065793631666,0.0,0.0,0.0,21.34481076727614,0.2267694646454435,0.1237736861560512,0.1116084656773683
2023-11-30 07:39:52,250.51,245.23,250.66597692304265,247.55031189836063,0.39,11.3,249.10814441070164,498.2162888214033,3.1156650246820163,0.0125072787946988,11.69,10.91,-0.051992307680905,-0.7734372994535477,-0.4127148035672121,0.7214449917726427,1.7480430493259582,0.0173307692269304,-0.7155209001821561,-0.3490950654775702,0.0,0.0,0.0,21.309505825594165,0.2569449049746504,0.3136386074377861,0.1562557821634929
2023-11-30 07:39:53,250.51,248.15,250.626982692282,247.70023392377047,0.39,11.3,249.16360830802623,498.32721661605245,2.926748768511516,0.0117462930346836,11.69,10.91,-0.0389942307606645,0.1499220254098361,0.0554638973245857,0.1889162561705006,3.4060507687401818,0.0129980769202404,0.9233593248633838,0.4681787008917979,0.0,0.0,0.0,21.314250384411963,0.2558295126985708,0.3431681461756074,0.1738263247958102
2023-11-30 07:39:54,250.51,245.23,250.59773701921148,247.08267544282785,0.39,11.3,248.8402062310197,497.6804124620393,3.51506157638363,0.0141257782072183,11.69,10.91,-0.0292456730705055,-0.6175584809426198,-0.3234020770065626,0.5883128078721143,1.819131757550272,0.009748557690159,-0.7674805063524559,-0.3788659743311484,0.0,0.0,0.0,21.286585538446037,0.3084414261846495,0.4800194190815585,0.1947823069379418
2023-11-30 07:39:55,250.51,247.17,250.5758027644086,247.10450658212088,0.39,11.3,248.84015467326475,497.6803093465295,3.471296182287716,0.013949903595325,11.69,10.91,-0.0219342548028862,0.0218311392930274,-5.155775491516579e-05,0.0437653940959137,832.7104947035137,0.0073114182676192,0.6393896202356473,0.3233505192516475,0.0,0.0,0.0,21.286581128031106,0.2811143580565122,0.4575307782339489,0.2069072277889434
2023-11-30 07:39:56,250.51,245.23,250.55935207330648,246.63587993659067,0.39,11.3,248.59761600494855,497.1952320098972,3.923472136715787,0.0157824205396051,11.69,10.91,-0.0164506911021362,-0.4686266455302075,-0.2425386683161718,0.4521759544280712,1.8643381413329052,0.0054835637007499,-0.490457784823235,-0.2424871105612567,0.0,0.0,0.0,21.26583359616039,0.2296256012408231,0.3862325604881439,0.2039289459454533
2023-11-30 07:39:57,250.51,246.2,250.54701405497983,246.52690995244305,0.39,11.3,248.53696200371144,497.0739240074229,4.020104102536834,0.0161750753447357,11.69,10.91,-0.0123380183266021,-0.1089699841476488,-0.0606540012371397,0.0966319658210466,1.593140942215954,0.004112672775534,0.3596566613825587,0.1818846670790321,0.0,0.0,0.0,21.260645059287118,0.2477378478612588,0.4341831823992641,0.1619561630970116
2023-11-30 07:39:58,249.53,247.17,250.29276054123488,246.68768246433223,0.39,11.3,248.4902215027836,496.9804430055672,3.605078076902629,0.0145079272761416,11.69,10.91,-0.2542535137449704,0.1607725118892347,-0.0467405009278536,0.4150260256342051,8.879176265109786,-0.2419154954183682,0.2697424960368835,0.013913500309286,0.0,0.0,0.0,21.25664672764216,0.1679133076137236,0.2488368398785357,0.1401673429307122
2023-11-30 07:39:59,250.51,245.23,250.34707040592616,246.3232618482492,0.39,11.3,248.3351661270877,496.6703322541754,4.023808557676972,0.0162031362864436,11.69,10.91,0.0543098646912767,-0.3644206160830663,-0.1550553756958947,0.418730480774343,2.700504760897937,0.3085633784362471,-0.525193127972301,-0.1083148747680411,0.0,0.0,0.0,21.24338279586868,0.1842903010405082,0.2546758920040924,0.0971051733896225
2023-11-30 07:40:00,249.53,247.17,250.1428028044446,246.53494638618687,0.39,11.3,248.33887459531576,496.6777491906315,3.60785641825774,0.0145279566463728,11.69,10.91,-0.204267601481547,0.2116845379376855,0.0037084682280692,0.4159521394192325,112.13255211939968,-0.2585774661728237,0.5761051540207518,0.158763843923964,0.0,0.0,0.0,21.243700030078333,0.118352486801144,0.2134198665055409,0.098092006403078
2023-11-30 07:40:01,249.53,245.23,249.98960210333345,246.20870978964012,0.39,11.3,248.0991559464868,496.1983118929736,3.780892313693301,0.0152394403924105,11.69,10.91,-0.1532007011111602,-0.3262365965467211,-0.2397186488289548,0.1730358954355608,0.7218260842648977,0.0510669003703867,-0.5379211344844066,-0.2434271170570241,0.0,0.0,0.0,21.22319373167605,0.1713007485738563,0.2082846902215036,0.0970722014557849
2023-11-30 07:40:02,250.51,244.26,250.11970157750008,245.7215323422301,0.39,11.3,247.9206169598651,495.8412339197302,4.398169235269961,0.0177402318188072,11.69,10.91,0.1300994741666272,-0.4871774474100334,-0.1785389866217031,0.6172769215766607,3.457359515124021,0.2833001752777875,-0.1609408508633123,0.0611796622072517,0.0,0.0,0.0,21.20792093686434,0.2254080611466504,0.3348868566105436,0.0995057214702677
2023-11-30 07:40:03,249.53,246.2,249.97227618312505,245.84114925667257,0.39,11.3,247.9067127198988,495.8134254397976,4.131126926452481,0.0166640381152407,11.69,10.91,-0.1474253943750341,0.1196169144424459,-0.0139042399663082,0.26704230881748,19.204437281521948,-0.2775248685416613,0.6067943618524794,0.1646347466553948,0.0,0.0,0.0,21.20673152379532,0.2120625087179641,0.3071678778988013,0.1066465547467175
2023-11-30 07:40:04,250.51,244.26,250.1067071373438,245.4458619425044,0.39,11.3,247.7762845399241,495.5525690798482,4.660845194839368,0.0188106992752878,11.69,10.91,0.1344309542187431,-0.3952873141681436,-0.1304281799746718,0.5297182683868868,4.0613478401823375,0.2818563485937773,-0.5149042286105896,-0.1165239400083635,0.0,0.0,0.0,21.195574280953792,0.2175855157166653,0.4322069534040735,0.1049881724330567
2023-11-30 07:40:05,250.51,245.23,250.20753035300783,245.39189645687836,0.39,11.3,247.79971340494308,495.59942680988615,4.815633896129498,0.0194335732294671,11.69,10.91,0.100823215664036,-0.0539654856260938,0.0234288650189569,0.1547887012901299,6.606470040048955,-0.0336077385547071,0.3413218285420498,0.1538570449936287,0.0,0.0,0.0,21.197578460852405,0.1279598503811747,0.4145117653512994,0.1106300052382801
2023-11-30 07:40:06,250.51,246.2,250.28314776475588,245.59392234265877,0.39,11.3,247.9385350537073,495.8770701074146,4.689225422097138,0.0189128543579098,11.69,10.91,0.0756174117480554,0.2020258857804151,0.1388216487642353,0.1264084740323596,0.9105752927034346,-0.0252058039159805,0.2559913714065089,0.1153927837452784,0.0,0.0,0.0,21.209453707806123,0.0746935467529155,0.2739224296479797,0.1262354500592938
2023-11-30 07:40:07,250.51,245.23,250.3398608235669,245.5029417569941,0.39,11.3,247.92140129028047,495.84280258056094,4.836919066572847,0.0195098891095715,11.69,10.91,0.0567130588110273,-0.0909805856646812,-0.0171337634268411,0.1476936444757086,8.619532163738576,-0.018904352937028,-0.2930064714450964,-0.1559554121910764,0.0,0.0,0.0,21.20798803099165,0.074831393190531,0.2874700221202245,0.0965901686464106
2023-11-30 07:40:08,250.51,246.2,250.3823956176752,245.6772063177456,0.39,11.3,248.0298009677104,496.0596019354208,4.7051892999296,0.018970257858538,11.69,10.91,0.0425347941082634,0.1742645607515101,0.1083996774299009,0.1317297666432466,1.215211655189441,-0.0141782647027639,0.2652451464161913,0.1255334408567421,0.0,0.0,0.0,21.217260885410564,0.1047847298986572,0.0793046487797734,0.1070581437577371
2023-11-30 07:40:09,250.51,246.2,250.4142967132564,245.8079047383092,0.39,11.3,248.1111007257828,496.2222014515655,4.606391974947201,0.0185658438615063,11.69,10.91,0.0319010955811904,0.1306984205635899,0.0812997580723902,0.0987973249823994,1.2152079184111704,-0.0106336985270729,-0.0435661401879201,-0.0270999193575107,0.0,0.0,0.0,21.224215526224743,0.1176285897048779,0.0952886068729527,0.0633515840327066
2023-11-30 07:40:10,250.51,245.23,250.43822253494227,245.66342855373188,0.39,11.3,248.05082554433707,496.10165108867415,4.774793981210394,0.0192492564839607,11.69,10.91,0.023925821685907,-0.1444761845772859,-0.0602751814456894,0.168402006263193,2.793839991588187,-0.0079752738952834,-0.2751746051408759,-0.1415749395180796,0.0,0.0,0.0,21.21905939480562,0.0794301210940419,0.0876274993103288,0.0850687853040503
2023-11-30 07:40:11,248.56,245.23,249.9686669012067,245.55507141529893,0.39,11.3,247.7618691582528,495.5237383165056,4.413595485907763,0.0178138608781434,11.69,10.91,-0.469555633735581,-0.1083571384329502,-0.2889563860842656,0.3611984953026308,1.2500061001981042,-0.4934814554214881,0.0361190461443357,-0.2286812046385762,0.0,0.0,0.0,21.19434114319176,0.1374533049538013,0.1657082680399403,0.1577501421651834
2023-11-30 07:40:12,250.51,244.26,250.104000175905,245.2313035614742,0.39,11.3,247.6676518686896,495.3353037373792,4.872696614430822,0.0196743359820762,11.69,10.91,0.1353332746983255,-0.3237678538247337,-0.094217289563204,0.4591011285230593,4.872738941148813,0.6048889084339066,-0.2154107153917834,0.1947390965210615,0.0,0.0,0.0,21.18628149550112,0.1963960970094565,0.1753514162458952,0.1592860439177114
2023-11-30 07:40:13,249.53,244.26,249.9605001319288,244.98847767110564,0.39,11.3,247.4744889015172,494.9489778030344,4.972022460823126,0.0200910504464591,11.69,10.91,-0.1435000439762461,-0.2428258903685503,-0.1931629671724124,0.0993258463923041,0.514204837715146,-0.2788333186745717,0.0809419634561834,-0.0989456776092083,0.0,0.0,0.0,21.169757718713385,0.2663433230799388,0.2215357807633587,0.139868753289786
2023-11-30 07:40:14,250.51,244.26,250.0978750989466,244.8063582533292,0.39,11.3,247.4521166761379,494.9042333522758,5.291516845617366,0.0213840030762752,11.69,10.91,0.1373749670178199,-0.1821194177764198,-0.0223722253792857,0.3194943847942397,14.28021125152763,0.2808750109940661,0.0607064725921304,0.1707907417931267,0.0,0.0,0.0,21.16784392714234,0.2441938646658819,0.3183287599682405,0.1083584803186042
2023-11-30 07:40:15,250.51,245.23,250.20090632420997,244.9122686899969,0.39,11.3,247.55658750710344,495.1131750142068,5.288637634213018,0.0213633483402978,11.69,10.91,0.1030312252633507,0.105910436667699,0.1044708309655106,0.0028792114043483,0.0275596912367587,-0.0343437417544691,0.2880298544441189,0.1268430563447964,0.0,0.0,0.0,21.17678069549381,0.1311123490749483,0.3619165835668372,0.1518593478351715
2023-11-30 07:40:16,250.51,244.26,250.27817974315747,244.74920151749768,0.39,11.3,247.5136906303276,495.0273812606552,5.528978225659785,0.022338070226505,11.69,10.91,0.0772734189475272,-0.1630671724992396,-0.0428968767758419,0.2403405914467669,5.602622076207632,-0.0257578063158234,-0.2689776091669387,-0.1473677077413526,0.0,0.0,0.0,21.173111159727664,0.0851850420676662,0.2660516722062866,0.1085416120930419
2023-11-30 07:40:17,250.51,245.23,250.3361348073681,244.8694011381233,0.39,11.3,247.60276797274568,495.20553594549136,5.466733669244832,0.0220786451295565,11.69,10.91,0.0579550642106312,0.1201996206255842,0.0890773424181077,0.0622445564149529,0.6987619518422918,-0.019318354736896,0.2832667931248238,0.1319742191939497,0.0,0.0,0.0,21.18073111993281,0.061049923430667,0.2165310656932746,0.1200619984182303
2023-11-30 07:40:18,250.51,244.26,250.3796011055261,244.71705085359244,0.39,11.3,247.54832597955925,495.0966519591185,5.662550251933624,0.02287452442529,11.69,10.91,0.0434662981579663,-0.1523502845308257,-0.0544419931864297,0.1958165826887921,3.5967269840997766,-0.0144887660526649,-0.27254990515641,-0.1435193356045374,0.0,0.0,0.0,21.17607397805691,0.0560343157332645,0.1603301857260245,0.0759327560473605
2023-11-30 07:40:19,250.51,244.26,250.41220082914452,244.60278814019432,0.39,11.3,247.50749448466945,495.0149889693389,5.809412688950232,0.023471663666485,11.69,10.91,0.0325997236184889,-0.1142627133981193,-0.0408314948898009,0.1468624370166082,3.59670496287238,-0.0108665745394773,0.0380875711327064,0.0136104982966287,0.0,0.0,0.0,21.172581121649984,0.0382962836187523,0.1972561887665868,0.078592096856988
2023-11-30 07:40:20,250.51,244.26,250.4366506218584,244.5170911051457,0.39,11.3,247.47687086350209,494.95374172700417,5.919559516712667,0.0239196474084158,11.69,10.91,0.0244497927138525,-0.0856970350485823,-0.0306236211673649,0.1101468277624349,3.5966756016499755,-0.0081499309046364,0.0285656783495369,0.010207873722436,0.0,0.0,0.0,21.16996147934479,0.0480262265726498,0.1888772164820334,0.0593146568868726
2023-11-30 07:40:21,250.51,244.26,250.4549879663938,244.4528183288593,0.39,11.3,247.45390314762653,494.90780629525307,6.002169637534479,0.0242557079800757,11.69,10.91,0.0183373445353822,-0.0642727762864296,-0.0229677158755521,0.0826101208218119,3.596636454097204,-0.0061124481784702,0.0214242587621527,0.0076559052918128,0.0,0.0,0.0,21.16799674761589,0.0591936887277323,0.2129074482605254,0.0576981976705401
2023-11-30 07:40:22,249.53,244.26,250.22374097479533,244.4046137466445,0.39,11.3,247.3141773607199,494.6283547214398,5.819127228150848,0.0235292908264376,11.69,10.91,-0.2312469915984536,-0.0482045822148222,-0.1397257869066379,0.1830424093836313,1.310002279705579,-0.2495843361338359,0.0160681940716074,-0.1167580710310858,0.0,0.0,0.0,21.156044157799464,0.0889425732618251,0.1279213726459928,0.0473361674615275
2023-11-30 07:40:23,248.56,244.26,249.8078057310965,244.36846030998336,0.39,11.3,247.08813302053997,494.1762660410799,5.439345421113131,0.0220137864680339,11.69,10.91,-0.4159352436988399,-0.0361534366611238,-0.2260443401799534,0.3797818070377161,1.6801134088204337,-0.1846882521003863,0.0120511455536984,-0.0863185532733155,0.0,0.0,0.0,21.136707603407384,0.1731424721194373,0.2154481628293427,0.0885950908187867
2023-11-30 07:40:24,250.51,243.28,249.98335429832235,244.09634523248752,0.39,11.3,247.0398497654049,494.0796995308099,5.887009065834832,0.0238302000571773,11.69,10.91,0.1755485672258601,-0.2721150774958403,-0.0482832551350043,0.4476636447217004,9.271420745127342,0.5914838109247,-0.2359616408347165,0.1777610850449491,0.0,0.0,0.0,21.13257729964308,0.202797370943662,0.2192440043946763,0.0875751355055259
2023-11-30 07:40:25,248.56,244.26,249.6275157237417,244.13725892436565,0.39,11.3,246.8823873240537,493.7647746481074,5.490256799376084,0.0222383493478265,11.69,10.91,-0.3558385745806163,0.0409136918781314,-0.1574624413512424,0.3967522664587477,2.519646865673035,-0.5313871418064764,0.3130287693739717,-0.1091791862162381,0.0,0.0,0.0,21.119107459790097,0.2273359754963682,0.2492987490259562,0.0830518101162098
2023-11-30 07:40:26,247.59,244.26,249.11813679280635,244.16794419327425,0.39,11.3,246.6430404930403,493.2860809860806,4.950192599532073,0.0200702706614642,11.69,10.91,-0.5093789309354122,0.0306852689085985,-0.2393468310133926,0.5400641998440108,2.256398971978951,-0.1535403563547959,-0.0102284229695328,-0.0818843896621501,0.0,0.0,0.0,21.0986329678706,0.2495523843930037,0.3728952463569354,0.0767011880814446
2023-11-30 07:40:27,248.56,244.26,248.97860259460475,244.1909581449557,0.39,11.3,246.58478036978025,493.1695607395605,4.787644449649065,0.0194158148084146,11.69,10.91,-0.1395341982015736,0.0230139516814347,-0.0582601232600836,0.1625481498830083,2.789993408767226,0.3698447327338385,-0.0076713172271638,0.1810867077533089,0.0,0.0,0.0,21.09364921096073,0.2274560434434158,0.4428529503729346,0.090137242982821
2023-11-30 07:40:28,248.56,244.26,248.87395194595356,244.2082186087168,0.39,11.3,246.5410852773352,493.0821705546703,4.665733337236759,0.0189247699346479,11.69,10.91,-0.1046506486512157,0.0172604637610902,-0.0436950924450627,0.121911112412306,2.789977446280344,0.0348835495503578,-0.0057534879203444,0.0145650308150209,0.0,0.0,0.0,21.08991139327833,0.214026686342395,0.5158744083052755,0.0864058086529048
2023-11-30 07:40:29,259.24,260.79,251.46546395946515,248.3536639565376,0.45,11.33,249.9095639580013,499.8191279160027,3.1118000029275947,0.0124517042933132,11.78,10.88,2.5915120135116183,4.1454453478207824,3.368478680666186,1.553933334309164,0.4613159293280468,2.696162662162834,4.128184884059692,3.412173773111249,0.06,0.0299999999999993,0.0300000000000006,21.214731981601812,1.4579583449422382,0.890148335243423,1.5642075902580252
2023-11-30 07:40:30,258.27,279.28,253.16659796959885,256.0852479674032,0.45,11.57,254.62592296850104,509.251845937002,2.918649997804323,0.01146250135224,12.02,11.12,1.7011340101336998,7.7315840108656175,4.716359010499673,6.030450000731918,1.2786237664866096,-0.8903780033779185,3.586138663044835,1.3478803298334867,0.0,0.2400000000000002,0.2400000000000002,21.183519283276357,3.529034840896053,0.9857729143079336,2.327058899729498
2023-11-30 07:40:31,258.27,293.88,254.44244847719915,265.5339359755524,0.45,12.01,259.98819222637576,519.9763844527515,11.091487498353215,0.0426615045887706,12.46,11.56,1.2758505076002962,9.44868800814919,5.362269257874743,8.172837500548894,1.5241375588160075,-0.4252835025334036,1.7171039972835729,0.6459102473750704,0.0,0.4399999999999995,0.4399999999999995,20.86582434675373,5.768362744122068,3.3415581109242565,2.5851165872107886
2023-11-30 07:40:32,258.27,303.61,255.39933635789936,275.05295198166425,0.45,12.55,265.22614416978183,530.4522883395637,19.65361562376489,0.0741013507970107,13.0,12.1,0.956887880700208,9.519016006111883,5.237951943406074,8.562128125411675,1.6346325020331312,-0.3189626269000882,0.0703279979626927,-0.1243173144686693,0.0,0.5400000000000009,0.5400000000000009,20.402009520597872,7.528753354211501,7.17252643706408,2.251809466279605
2023-11-30 07:40:33,310.73,301.67,269.23200226842454,281.7072139862482,0.62,13.19,275.4696081273364,550.9392162546727,12.47521171782364,0.0452870708944773,13.81,12.57,13.83266591052518,6.654262004583927,10.243463957554525,7.178403905941252,0.7007788805532255,12.875778029824971,-2.864754001527956,5.005512014148451,0.1699999999999999,0.6399999999999988,0.4699999999999988,19.947109933398007,9.897860986674091,7.035461232339025,2.614260415801876
2023-11-30 07:40:34,322.39,302.64,282.5215017013184,286.9404104896861,1.19,13.83,284.7309560955022,569.4619121910044,4.41890878836773,0.0155195937717639,15.02,12.64,13.28949943289382,5.2331965034379095,9.261347968165865,8.05630292945591,0.8698843934234557,-0.5431664776313596,-1.4210655011460176,-0.9821159893886602,0.57,0.6400000000000006,0.0700000000000006,18.956786760234053,12.108559787866126,6.740589087537594,2.580182378716109
2023-11-30 07:40:35,335.04,318.22,295.6511262759888,294.7603078672646,1.77,14.43,295.2057170716267,590.4114341432534,0.890818408724158,0.0030176190845599,16.2,12.66,13.129624574670402,7.819897377578513,10.474760976124458,5.309727197091888,0.5069067162761848,-0.1598748582234179,2.586700874140604,1.213413007958593,0.5800000000000001,0.5999999999999996,0.0199999999999995,18.222574003027944,14.298141509316416,7.31785360798046,2.610932391362995
2023-11-30 07:40:36,341.84,313.35,307.1983447069916,299.4077309004484,2.34,15.04,303.30303780372003,606.6060756074401,7.790613806543149,0.0256859075242723,17.38,12.7,11.547218431002818,4.647423033183827,8.097320732093351,6.899795397818991,0.8521083422524733,-1.5824061436675834,-3.1724743443946863,-2.3774402440311064,0.5699999999999998,0.6099999999999994,0.0399999999999995,17.451266993812027,15.172650842577063,7.310505393798729,2.132446462756601
2023-11-30 07:40:37,346.71,315.3,317.0762585302437,303.38079817533634,2.91,15.64,310.22852835279,620.45705670558,13.695460354907368,0.0441463600510221,18.55,12.73,9.877913823252127,3.97306727488791,6.925490549069991,5.904846548364219,0.8526249012833129,-1.6693046077506892,-0.674355758295917,-1.17183018302336,0.5700000000000003,0.6000000000000014,0.0300000000000011,16.723908982689004,13.968091877400628,5.3797775030310815,1.4923005307864312
2023-11-30 07:40:38,351.57,324.07,325.6996938976828,308.5530986315022,3.45,16.25,317.1263962645925,634.252792529185,17.146595266180555,0.0540686471201399,19.7,12.8,8.623435367439072,5.172300456165885,6.89786791180245,3.4511349112731864,0.5003190051014447,-1.2544784558130573,1.1992331812779753,-0.0276226372675409,0.54,0.6099999999999994,0.0699999999999994,16.097785795269374,12.6740472019962,6.640754760004474,1.544764401475345
2023-11-30 07:40:39,355.47,330.89,333.14227042326206,314.1373239736266,4.02,16.82,323.63979719844434,647.2795943968887,19.00494644963544,0.058722525954556,20.84,12.8,7.442576525579284,5.584225342124398,6.5134009338518695,1.8583511834548856,0.2853119156974705,-1.1808588418597878,0.4119248859585127,-0.3844669779505807,0.5699999999999994,0.5700000000000003,8.881784197001252e-16,15.529740003296752,11.186516654957556,7.4015378475468285,1.618257562129949
2023-11-30 07:40:40,358.38,339.66,339.4517028174465,320.51799298022,4.6,17.43,329.9848478988332,659.9696957976664,18.93370983722656,0.0573775126355309,22.03,12.83,6.309432394184455,6.380669006593337,6.345050700388867,0.0712366124088816,0.011227112996497,-1.133144131394829,0.7964436644689386,-0.168350233463002,0.5800000000000001,0.6099999999999994,0.0299999999999993,14.978884835222347,10.560135286641543,4.7250608582469225,0.6848496201244917
2023-11-30 07:40:41,360.33,345.5,344.6712771130849,326.7634947351649,5.14,18.04,335.7173859241249,671.4347718482499,17.907782377919943,0.0533418377343895,23.18,12.9,5.219574295638381,6.245501754944996,5.732538025291717,1.0259274593066152,0.1789656301998586,-1.089858098546074,-0.1351672516483404,-0.6125126750971503,0.54,0.6099999999999994,0.0699999999999994,14.483061753281412,10.099048501667186,2.1768315675269294,0.4876116761305888
2023-11-30 07:40:42,363.25,353.3,349.3159578348137,333.39762105137373,5.71,18.64,341.3567894430937,682.7135788861874,15.91833678343994,0.0466325476132387,24.35,12.93,4.644680721728776,6.6341263162087785,5.639403518968777,1.989445594480003,0.352775827268336,-0.5748935739096055,0.3886245612637822,-0.09313450632294,0.5700000000000003,0.6000000000000014,0.0300000000000011,14.01875874432587,9.577334104597687,1.295649852311876,0.5328645241127513
2023-11-30 07:40:43,368.12,360.13,354.0169683761103,340.08071578853026,6.25,19.25,347.0488420823203,694.0976841646406,13.936252587580045,0.0401564588540476,25.5,13.0,4.701010541296625,6.683094737156523,5.692052639226574,1.9820841958598976,0.3482195217206736,0.0563298195678498,0.0489684209477445,0.0526491202577972,0.54,0.6099999999999994,0.0699999999999994,13.609757979316168,9.20317932168877,2.181820816767931,0.4116536412858296
2023-11-30 07:40:44,374.93,366.95,359.24522628208274,346.7980368413977,6.82,19.82,353.0216315617402,706.0432631234804,12.447189440685063,0.0352589991450684,26.64,13.0,5.228257905972441,6.717321052867419,5.97278947941993,1.4890631468949778,0.2493077820201042,0.5272473646758158,0.0342263157108959,0.2807368401933559,0.5700000000000003,0.5700000000000003,0.0,13.251562248880552,9.07700460667127,2.6920101800255187,0.2914498046160835
2023-11-30 07:40:45,378.82,369.88,364.1389197115621,352.56852763104825,7.36,20.43,358.35372367130515,716.7074473426103,11.570392080513784,0.0322876289094708,27.79,13.07,4.893693429479299,5.77049078965058,5.33209210956494,0.8767973601712811,0.1644377437067713,-0.3345644764931421,-0.9468302632168388,-0.6406973698549905,0.54,0.6099999999999994,0.0699999999999994,12.895059761649708,9.00365209411125,2.580475315094352,0.2297419315580746
2023-11-30 07:40:46,381.75,372.8,368.54168978367153,357.6263957232862,7.93,21.03,363.08404275347885,726.1680855069577,10.91529406038535,0.0300627203210186,28.96,13.1,4.40277007210949,5.057868092237925,4.730319082173708,0.6550980201284347,0.1384891526890924,-0.4909233573698088,-0.7126226974126553,-0.6017730273912321,0.5699999999999994,0.6000000000000014,0.030000000000002,12.537431982598305,8.666310578378893,2.004968917007633,0.4735222127550209
2023-11-30 07:40:47,391.48,374.76,374.27626733775367,361.9097967924647,8.47,21.61,368.0930320651091,736.1860641302183,12.36647054528902,0.0335960462014547,30.08,13.14,5.734577554082136,4.283401069178467,5.008989311630273,1.4511764849036697,0.2897143724822569,1.3318074819726462,-0.7744670230594579,0.2786702294565657,0.5400000000000009,0.5799999999999983,0.0399999999999973,12.23713496768531,8.254122041211522,1.1334860213765292,0.5013587320044637
2023-11-30 07:40:48,396.35,377.68,379.7947005033152,365.8523475943485,9.01,22.21,372.8235240488318,745.6470480976636,13.942352908966711,0.0373966554474816,31.22,13.2,5.518433165561532,3.94255080188384,4.730491983722686,1.5758823636776924,0.3331327980191915,-0.216144388520604,-0.340850267294627,-0.2784973279075871,0.5399999999999991,0.6000000000000014,0.0600000000000022,11.941816531294531,7.803446604764471,1.135759714926044,0.5201012609720158
2023-11-30 07:40:49,403.17,380.61,385.6385253774864,369.54176069576135,9.58,22.79,377.5901430366239,755.1802860732478,16.096764681725062,0.0426302564723823,32.37,13.21,5.843824874171219,3.689413101412868,4.766618987792072,2.154411772758351,0.451978923907523,0.3253917086096862,-0.2531377004709725,0.0361270040693852,0.5700000000000003,0.5799999999999983,0.009999999999998,11.664817156991251,7.623361275092239,2.0776641614173896,0.2612271868671247
2023-11-30 07:40:50,408.04,385.49,391.2388940331148,373.52882052182105,10.12,23.36,382.3838572774679,764.7677145549358,17.71007351129373,0.0463149087701365,33.48,13.24,5.600368655628358,3.987059826059692,4.793714240843997,1.6133088295686662,0.3365466550500863,-0.2434562185428603,0.2976467246468246,0.0270952530519252,0.5399999999999991,0.5700000000000003,0.0300000000000011,11.421261823662071,7.605123064799253,2.744797171737312,0.1165499065977263
2023-11-30 07:40:51,412.91,389.39,396.6566705248361,377.49411539136577,10.66,23.93,387.0753929581009,774.1507859162018,19.16255513347033,0.0495060017572302,34.59,13.27,5.417776491721327,3.9652948695447208,4.691535680633024,1.452481622176606,0.3095961347105196,-0.1825921639070316,-0.0217649565149713,-0.102178560210973,0.5400000000000009,0.5700000000000003,0.0299999999999993,11.190383977095026,7.51440931243943,2.7508054927724257,0.1239064609195581
2023-11-30 07:40:52,419.73,394.27,402.4250028936271,381.6880865435243,11.23,24.5,392.0565447185757,784.1130894371514,20.73691635010277,0.0528926670822327,35.730000000000004,13.27,5.768332368790993,4.193971152158554,4.981151760474802,1.5743612166324397,0.3160636287095865,0.3505558770696666,0.2286762826138328,0.2896160798417782,0.5700000000000003,0.5700000000000003,0.0,10.972754932712588,7.582068258934447,2.641370381992146,0.1121376059563321
2023-11-30 07:40:53,427.53,401.1,408.7012521702203,386.5410649076432,11.77,25.08,397.62115853893175,795.2423170778635,22.160187262577097,0.0557319114713948,36.85,13.31,6.276249276593205,4.852978364118883,5.564613820356044,1.4232709124743224,0.2557716856282347,0.5079169078022119,0.6590072119603292,0.5834620598812421,0.5399999999999991,0.5799999999999983,0.0399999999999991,10.790261811361466,7.86830582971171,2.396487449563094,0.3546563160170492
2023-11-30 07:40:54,428.5,404.03,413.6509391276652,390.9132986807324,12.31,25.65,402.2821189041988,804.5642378083976,22.7376404469328,0.0565216282850146,37.96,13.339999999999998,4.9496869574448965,4.372233773089192,4.660960365267044,0.5774531843557043,0.1238914333551056,-1.326562319148309,-0.4807445910296906,-0.9036534550889996,0.5400000000000009,0.5700000000000003,0.0299999999999993,10.597526562346475,7.963067748494545,2.085175267546856,0.3717593891591628
2023-11-30 07:40:55,432.4,409.88,418.33820434574886,395.65497401054927,12.85,26.22,406.99658917814907,813.9931783562981,22.6832303351996,0.0557332195959449,39.07,13.37,4.687265218083667,4.741675329816872,4.714470273950269,0.0544101117332047,0.0115410845822408,-0.2624217393612298,0.3694415567276792,0.0535099086832246,0.5399999999999991,0.5700000000000003,0.0300000000000011,10.417112330715044,7.920559706845892,1.534071744137333,0.381042661922745
2023-11-30 07:40:56,438.25,417.69,423.3161532593117,401.163730507912,13.42,26.79,412.2399418836118,824.4798837672236,22.152422751399683,0.0537367208923129,40.21,13.37,4.977948913562784,5.508756497362697,5.243352705462712,0.5308075837999127,0.1012343651825163,0.2906836954791174,0.7670811675458253,0.528882431512443,0.5700000000000003,0.5700000000000003,0.0,10.252174375315528,7.868643586074935,0.8079194554114355,0.3773010701438641
2023-11-30 07:40:57,442.15,428.43,428.0246149444837,407.980297880934,13.96,27.37,418.00245641270885,836.0049128254177,20.044317063549727,0.0479526297228421,41.33,13.41,4.70846168517204,6.8165673730219964,5.762514529097075,2.1081056878499567,0.3658308037879204,-0.2694872283907443,1.3078108756592997,0.5191618236343629,0.5400000000000009,0.5800000000000018,0.0400000000000009,10.113778037719111,8.028297750477526,1.1039282997338118,0.4942071995215024
2023-11-30 07:40:58,444.1,438.2,432.0434612083627,415.5352234107005,14.5,27.94,423.7893423095316,847.5786846190632,16.50823779766222,0.0389538766330062,42.44,13.44,4.018846263879027,7.554925529766535,5.786885896822753,3.5360792658875084,0.6110503503755994,-0.6896154212930128,0.738358156744539,0.0243713677256778,0.5399999999999991,0.5700000000000003,0.0300000000000011,9.985611034965142,8.549198294665594,2.6512811164451646,0.5439169961855472
2023-11-30 07:40:59,445.08,442.11,435.302595906272,422.17891755802543,15.04,28.51,428.7407567321487,857.4815134642974,13.123678348246584,0.0306098221630831,43.55,13.470000000000002,3.259134697909303,6.643694147324936,4.95141442261712,3.384559449415633,0.6835539256018818,-0.7597115659697238,-0.9112313824415992,-0.8354714742056331,0.5399999999999991,0.5700000000000003,0.0300000000000011,9.844793269514478,8.705213963498169,4.040016617081173,0.4791140994379854
2023-11-30 07:41:00,450.93,446.01,439.209446929704,428.1366881685191,15.58,29.08,433.6730675491116,867.3461350982232,11.072758761184955,0.0255325026251451,44.66,13.499999999999998,3.906851023432012,5.95777061049364,4.932310816962854,2.050919587061628,0.4158130432890013,0.6477163255227083,-0.6859235368312966,-0.0191036056542657,0.5400000000000009,0.5699999999999967,0.0299999999999958,9.710547645288043,8.482777862431359,4.618831098703432,0.4197215741201427
2023-11-30 07:41:01,454.83,448.95,443.114585197278,433.3400161263893,16.15,29.66,438.2273006618337,876.4546013236674,9.774569070888674,0.0223047925901052,45.81,13.510000000000002,3.9051382675739887,5.203327957870272,4.554233112722102,1.298189690296283,0.2850511541929373,-0.0017127558580227,-0.7544426526233678,-0.3780777042407521,0.5699999999999985,0.5800000000000018,0.0100000000000033,9.566192776591157,7.96597117798889,4.182139100560252,0.5502937515408525
2023-11-30 07:41:02,461.66,456.76,447.7509388979585,439.195012094792,16.69,30.2,443.4729754963753,886.9459509927506,8.555926803166528,0.0192930060152976,46.89,13.509999999999998,4.636353700680502,5.854995968402648,5.245674834541603,1.2186422677221458,0.2323136820040725,0.731215433106513,0.6516680105323758,0.6914417218195013,0.5400000000000027,0.5399999999999991,3.552713678800501e-15,9.457730135181173,7.7258054633279025,3.125485614533765,0.4585080149108744
2023-11-30 07:41:03,468.49,459.69,452.9357041734689,444.318759071094,17.23,30.77,448.62723162228144,897.2544632445629,8.61694510237487,0.0192073607569646,48.0,13.54,5.184765275510358,5.123746976302016,5.154256125906159,0.0610182992083423,0.0118384274819457,0.5484115748298564,-0.7312489921006318,-0.0914187086354445,0.5399999999999991,0.5700000000000003,0.0300000000000011,9.346400464080856,7.840537742423517,1.916735096420372,0.2667140806865033
2023-11-30 07:41:04,474.34,459.69,458.28677813010165,448.1615693033205,17.77,31.31,453.2241737167111,906.4483474334222,10.125208826781147,0.0223403988392938,49.08,13.54,5.351073956632774,3.8428102322264976,4.596942094429664,1.5082637244062769,0.3281014564295807,0.1663086811224161,-1.2809367440755182,-0.5573140314764942,0.5399999999999991,0.5399999999999991,0.0,9.234396179346271,7.829489063668566,1.0639071955365422,0.3148511921826419
2023-11-30 07:41:05,480.19,463.6,463.7625835975763,452.0211769774904,18.31,31.85,457.89188028753335,915.7837605750668,11.741406620085854,0.0256423123010404,50.16,13.540000000000004,5.475805467474629,3.859607674169922,4.667706570822247,1.616197793304707,0.3462508670010797,0.1247315108418547,0.0167974419434244,0.0707644763925827,0.5399999999999991,0.5400000000000027,3.552713678800501e-15,9.128625820552385,7.763979894976551,1.3053628982792391,0.3292730953506165
2023-11-30 07:41:06,487.03,468.49,469.5794376981822,456.1383827331178,18.84,32.42,462.85891021565,925.7178204313,13.441054965064382,0.0290392053374599,51.260000000000005,13.580000000000002,5.816854100605895,4.117205755627367,4.967029928116631,1.6996483449785271,0.3421859798289981,0.3410486331312654,0.257598081457445,0.2993233572943836,0.5300000000000011,0.5700000000000003,0.0399999999999991,9.029631314592638,7.596593936417364,2.100988085953849,0.2876501331896988
2023-11-30 07:41:07,488.98,477.29,474.4295782736367,461.4262870498383,19.38,32.96,467.9279326617375,935.855865323475,13.003291223798328,0.027789089490858,52.34,13.580000000000002,4.850140575454475,5.287904316720528,5.0690224460875015,0.4377637412660533,0.086360567458795,-0.9667135251514196,1.170698561093161,0.1019925179708707,0.5399999999999991,0.5399999999999991,0.0,8.940159031745862,7.628657185182241,2.0138553951184632,0.2465290733782464
2023-11-30 07:41:08,492.88,482.18,479.0421837052274,466.6147152873788,19.92,33.5,472.8284494963031,945.6568989926062,12.427468417848672,0.0262832500980095,53.42,13.579999999999998,4.612605431590794,5.18842823754045,4.900516834565622,0.575822805949656,0.1175024406376222,-0.2375351438636812,-0.0994760791800786,-0.1685056115218799,0.5400000000000027,0.5399999999999991,3.552713678800501e-15,8.851150143114058,7.786977554083914,1.2979424708798468,0.2006315312143894
2023-11-30 07:41:09,496.79,485.11,483.4791377789206,471.2385364655341,20.46,34.04,477.3588371222273,954.7176742444548,12.240601313386437,0.0256423477179912,54.5,13.579999999999998,4.43695407369313,4.623821178155367,4.53038762592422,0.1868671044622374,0.0412474778417305,-0.1756513578976637,-0.5646070593850823,-0.3701292086414014,0.5399999999999991,0.5399999999999991,0.0,8.75887758464862,7.733929338470246,0.6636755326046309,0.2218903132845165
2023-11-30 07:41:10,500.69,494.89,487.7818533341904,477.15140234915054,21.0,34.57,482.4666278416705,964.933255683341,10.630450985039886,0.0220335466736051,55.57,13.57,4.302715555269856,5.912865883616405,5.107790719443187,1.610150328346549,0.3152341396806358,-0.1342385184232739,1.2890447054610377,0.5774030935189671,0.5399999999999991,0.5300000000000011,0.009999999999998,8.682141788006636,7.692971709423174,1.071447435355811,0.2300732038121045
2023-11-30 07:41:11,502.64,503.69,491.4963900006428,483.78605176186295,21.57,35.11,487.6412208812529,975.2824417625058,7.710338238779855,0.0158114980703116,56.68,13.54,3.714536666452375,6.634649412712406,5.174593039582362,2.920112746260031,0.5643172631365903,-0.588178888817481,0.7217835290960011,0.0668023201391747,0.5700000000000003,0.5399999999999991,0.0300000000000011,8.603408826355754,7.760073643452261,2.1414647330075565,0.2587569417235471
2023-11-30 07:41:12,506.55,509.56,495.2597925004821,490.2295388213972,22.11,35.62,492.7446656609396,985.4893313218791,5.030253679084865,0.0102086415529814,57.73,13.509999999999998,3.763402499839288,6.443487059534277,5.103444779686754,2.68008455969499,0.5251519611244878,0.0488658333869125,-0.1911623531781288,-0.0711482598956081,0.5399999999999991,0.509999999999998,0.0300000000000011,8.53533097394091,7.92620035407698,3.18128430168009,0.2629247584798712
2023-11-30 07:41:13,512.41,509.56,499.5473443753616,495.0621541160479,22.65,36.16,497.3047492457048,994.6094984914096,4.485190259313697,0.0090189974197867,58.81,13.509999999999998,4.287551874879512,4.83261529465068,4.560083584765152,0.5450634197711679,0.1195292345216967,0.5241493750402242,-1.6108717648835975,-0.5433611949216015,0.5399999999999991,0.5399999999999991,0.0,8.456125502288375,7.934694968210101,3.396957504899952,0.3209408959979891
2023-11-30 07:41:14,517.29,513.48,503.9830082815212,499.666615587036,23.19,36.7,501.82481193427856,1003.6496238685572,4.3163926944852165,0.0086013935206717,59.89,13.510000000000002,4.4356639061595615,4.604461470988042,4.520062688573773,0.1687975648284805,0.0373440677960317,0.1481120312800499,-0.2281538236626374,-0.040020896191379,0.5400000000000027,0.5400000000000063,3.552713678800501e-15,8.379108424698115,7.653761109042223,2.7153205441455444,0.323895077969903
2023-11-30 07:41:15,523.15,510.54,508.7747562111409,502.38496169027695,23.73,37.2,505.57985895070897,1011.159717901418,6.389794520863973,0.0126385464038993,60.93000000000001,13.470000000000002,4.79174792961976,2.718346103241004,3.75504701643041,2.073401826378756,0.5521638650974574,0.3560840234601983,-1.8861153677470384,-0.7650156721433632,0.5399999999999991,0.5,0.0399999999999991,8.297716242458439,7.118259305757543,1.4397427354764598,0.5707403939020681
2023-11-30 07:41:16,530.97,515.43,514.3235671583557,505.6462212677077,24.27,37.74,509.9848942130317,1019.9697884260634,8.677345890647985,0.0170149076415748,62.010000000000005,13.470000000000002,5.548810947214747,3.261259577430735,4.405035262322713,2.287551369784012,0.519303641005175,0.7570630175949873,0.5429134741897315,0.6499882458923025,0.5399999999999991,0.5399999999999991,0.0,8.22423618753097,6.763864377125318,1.8129575638649853,0.4814674948670405
2023-11-30 07:41:17,537.81,523.26,520.1951753687667,510.0496659507808,24.81,38.28,515.1224206597738,1030.2448413195475,10.145509417985975,0.0196953364703019,63.09,13.470000000000002,5.871608210411068,4.403444683073076,5.137526446742072,1.4681635273379925,0.2857723958767399,0.3227972631963212,1.1421851056423409,0.7324911844193593,0.5399999999999991,0.5399999999999991,0.0,8.164882112773682,6.933745793876053,2.5696175913566166,0.4928075182046157
2023-11-30 07:41:18,546.6,526.2,526.796381526575,514.0872494630855,25.35,38.82,520.4418154948303,1040.8836309896606,12.709132063489506,0.0244198902945296,64.17,13.47,6.601206157808292,4.037583512304764,5.319394835056528,2.5636226455035285,0.4819386872111361,0.7295979473972238,-0.3658611707683121,0.1818683883144558,0.5400000000000027,0.5399999999999991,3.552713678800501e-15,8.110360096376347,7.414467122892633,3.2556785882174046,0.6247105220544348
2023-11-30 07:41:19,548.56,530.11,532.2372861449312,518.0929370973141,25.88,39.32,525.1651116211226,1050.3302232422452,14.144349047617084,0.0269331467526888,65.2,13.44,5.440904618356171,4.005687634228593,4.723296126292325,1.435216984127578,0.3038591360552811,-1.1603015394521208,-0.0318958780761704,-0.5960987087642025,0.5299999999999976,0.5,0.0299999999999975,8.054679502552808,7.850370070290201,3.1010246950991496,0.6225876569647386
2023-11-30 07:41:20,550.51,537.95,536.8054646086985,523.0572028229856,26.42,39.86,529.931333715842,1059.862667431684,13.748261785712884,0.0259434777395923,66.28,13.439999999999998,4.568178463767254,4.964265725671453,4.76622209471941,0.3960872619041993,0.0831029630868584,-0.8727261545889178,0.9585780914428595,0.0429259684270846,0.5400000000000027,0.5399999999999991,3.552713678800501e-15,7.995342874479468,7.898017772067247,2.375419362818294,0.3612512179785956
2023-11-30 07:41:21,551.49,546.76,540.4765984565238,528.9829021172392,26.96,40.37,534.7297502868814,1069.4595005737629,11.493696339284613,0.0214944021940501,67.33,13.409999999999997,3.671133847825331,5.925699294253604,4.798416571039411,2.2545654464282734,0.4698560333797502,-0.8970446159419225,0.9614335685821516,0.0321944763200008,0.5399999999999991,0.509999999999998,0.0300000000000011,7.941923991459341,7.702702235581401,1.64686284602332,0.2644616801909846
2023-11-30 07:41:22,554.42,552.63,543.9624488423929,534.8946765879294,27.47,40.87,539.4285627151612,1078.8571254303224,9.06777225446342,0.0168099593985378,68.34,13.4,3.485850385869071,5.911774470690261,4.69881242827978,2.4259240848211903,0.5162844028283355,-0.18528346195626,-0.0139248235633431,-0.099604142759631,0.509999999999998,0.5,0.009999999999998,7.893306333360475,7.516476416707564,2.045801257885276,0.2589846839645451
2023-11-30 07:41:23,561.27,553.61,548.2893366317946,539.5735074409471,28.01,41.41,543.9314220363708,1087.8628440727416,8.715829190847558,0.0160237648014403,69.42,13.399999999999997,4.3268877894017805,4.678830853017644,4.502859321209598,0.3519430636158631,0.0781598891615898,0.8410374035327095,-1.2329436176726176,-0.1959531070701814,0.5400000000000027,0.5399999999999991,3.552713678800501e-15,7.835370414880444,7.436630978138609,2.5344057249905387,0.1156050923934692
2023-11-30 07:41:24,566.15,562.43,552.754502473846,545.2876305807102,28.55,41.92,549.0210665272781,1098.0421330545562,7.466871893135703,0.0136003376459951,70.47,13.37,4.465165842051306,5.71412313976316,5.08964449090729,1.2489572977118542,0.2453918057639045,0.1382780526495253,1.0352922867455163,0.5867851696976913,0.5399999999999991,0.5100000000000051,0.029999999999994,7.79084800250362,7.492763861381003,2.508335038496812,0.2117894562389145
2023-11-30 07:41:25,574.96,563.41,558.3058768553844,549.8182229355326,29.08,42.42,554.0620498954586,1108.1240997909172,8.487653919851823,0.015318959142093,71.5,13.340000000000003,5.551374381538494,4.530592354822375,5.040983368180491,1.0207820267161196,0.2024965665752627,1.0862085394871883,-1.1835307849407857,-0.0486611227267985,0.5299999999999976,0.5,0.0299999999999975,7.74911947057817,7.632514536338228,1.4921544341682724,0.2434561489466813
2023-11-30 07:41:26,580.82,564.39,563.9344076415383,553.4611672016495,29.62,42.93,558.6977874215938,1117.3955748431877,10.473240439888857,0.0187458061530498,72.55,13.31,5.628530786153874,3.6429442661168414,4.6357375261352445,1.985586520037032,0.4283215088259927,0.0771564046153798,-0.8876480887055322,-0.4052458420452467,0.5400000000000027,0.509999999999998,0.0300000000000046,7.700865330402874,7.696927928864075,1.0890793861538974,0.2584938383617309
2023-11-30 07:41:27,585.71,564.39,569.3783057311538,556.1933754012371,30.16,43.43,562.7858405661955,1125.571681132391,13.18493032991671,0.0234279709191402,73.59,13.27,5.443898089615459,2.7322081995876037,4.088053144601645,2.711689890027856,0.6633204439350919,-0.184632696538415,-0.910736066529239,-0.5476843815335997,0.5399999999999991,0.5,0.0399999999999991,7.647585717062233,7.499649845718471,2.2451055566218696,0.412762531887933
2023-11-30 07:41:28,588.65,568.31,574.1962292983653,559.2225315509278,30.7,43.94,566.7093804246465,1133.418760849293,14.97369774743754,0.0264221808183151,74.64,13.239999999999998,4.817923567211551,3.0291561496907207,3.923539858451022,1.7887674175208303,0.4559064075165561,-0.6259745224039079,0.2969479501031173,-0.1645132861506226,0.5399999999999991,0.509999999999998,0.0300000000000011,7.5925693037523745,6.982970052315146,3.146519231018857,0.5350987384705879
2023-11-30 07:41:29,596.48,579.08,579.767171973774,564.1868986631958,31.24,44.41,571.9770353184849,1143.9540706369698,15.58027331057815,0.0272393336118179,75.64999999999999,13.169999999999998,5.5709426754086735,4.964367112268064,5.267654893838426,0.6065755631406091,0.1151509467142909,0.7530191081971225,1.935210962577344,1.3441150353874036,0.5399999999999991,0.4699999999999988,0.0700000000000002,7.560833149473257,6.940291413337649,3.011440082568563,0.5832681020422057
2023-11-30 07:41:30,600.39,586.92,584.9228789803304,569.8701739973969,31.78,44.92,577.3965264888636,1154.7930529777273,15.052704982933506,0.0260699610515475,76.7,13.14,5.15570700655644,5.683275334201085,5.419491170378706,0.5275683276446443,0.097346450748314,-0.4152356688522332,0.7189082219330203,0.1518362765402798,0.5400000000000027,0.5100000000000051,0.0299999999999975,7.527985905617702,7.387684350056998,2.094505928624768,0.6737801930004522
2023-11-30 07:41:31,601.37,596.73,589.0346592352478,576.5851304980476,32.35,45.42,582.8098948666477,1165.6197897332954,12.449528737200126,0.0213612171404321,77.77000000000001,13.07,4.111780254917335,6.714956500650715,5.4133683777840815,2.60317624573338,0.4808791094907639,-1.0439267516391055,1.03168116644963,-0.0061227925946241,0.5700000000000003,0.5,0.0700000000000002,7.494019382443465,8.0359294790874,1.352197771513726,0.7502046829969242
2023-11-30 07:41:32,601.37,599.67,592.1184944264359,582.3563478735357,32.86,45.93,587.2374211499857,1174.4748422999714,9.762146552900164,0.0166238495448044,78.78999999999999,13.07,3.0838351911880864,5.77121737548805,4.427526283338011,2.6873821842999632,0.606971343669256,-1.0279450637292484,-0.943739125162665,-0.9858420944460704,0.509999999999998,0.509999999999998,0.0,7.453197280070929,8.209574168530432,2.44770216802929,0.6791217161471287
2023-11-30 07:41:33,606.26,607.51,595.6538708198268,588.6447609051518,33.4,46.4,592.1493158624893,1184.2986317249786,7.009109914675037,0.0118367271819427,79.8,13.0,3.535376393390948,6.288413031616074,4.911894712503568,2.753036638225126,0.560483528023016,0.4515412022028613,0.517195656128024,0.4843684291655563,0.5399999999999991,0.4699999999999988,0.0700000000000002,7.420417399023457,7.941250062263922,3.614281935891245,0.4228668407527518
2023-11-30 07:41:34,605.28,607.51,598.06040311487,593.3610706788638,33.93,46.9,595.7107368968669,1191.421473793734,4.699332436006216,0.0078886146195669,80.83,12.97,2.406532295043234,4.716309773712055,3.561421034377645,2.3097774786688205,0.6485548346623996,-1.128844098347713,-1.5721032579040184,-1.3504736781259226,0.5300000000000011,0.5,0.0300000000000011,7.369921186774041,7.283782911055077,4.135760945558515,0.7796059994548244
2023-11-30 07:41:35,611.16,609.47,601.3353023361525,597.3883030091479,34.47,47.37,599.3618026726501,1198.7236053453005,3.946999327004619,0.0065853367745808,81.84,12.9,3.2748992212824533,4.0272323302840505,3.651065775783195,0.7523331090015972,0.2060584358499478,0.8683669262392186,-0.6890774434280047,0.0896447414055501,0.5399999999999991,0.4699999999999988,0.0700000000000002,7.323580099573192,6.588564086441274,3.5460087575943597,0.798997084969851
2023-11-30 07:41:36,617.03,609.47,605.2589767521144,600.4087272568609,35.01,47.88,602.8338520044877,1205.6677040089753,4.850249495253593,0.0080457483783968,82.89,12.870000000000005,3.9236744159619543,3.020424247712981,3.4720493318375247,0.9032501682489738,0.260148926980256,0.6487751946795015,-1.0068080825710697,-0.1790164439456703,0.5399999999999991,0.5100000000000051,0.029999999999994,7.2726968842054625,6.087529249033064,2.3657015975407343,0.6338482489278221
2023-11-30 07:41:37,624.86,613.4,610.1592325640859,603.6565454426457,35.55,48.35,606.9078890033658,1213.8157780067315,6.502687121440204,0.0107144547443667,83.9,12.800000000000004,4.90025581197142,3.2478181857848085,4.074036998878114,1.652437626186611,0.4056019179599331,0.9765813960094648,0.2273939380718275,0.6019876670405893,0.5399999999999991,0.4699999999999988,0.0700000000000002,7.233705384620505,5.795343250691672,1.295136206597518,0.59332825372913
2023-11-30 07:41:38,630.74,621.24,615.3044244230643,608.0524090819843,36.06,48.86,611.6784167525243,1223.3568335050486,7.252015341080096,0.011855928099811,84.92,12.799999999999995,5.145191858978478,4.395863639338586,4.770527749158532,0.7493282196398923,0.1570744584176471,0.2449360470070587,1.1480454535537774,0.6964907502804181,0.5100000000000051,0.509999999999998,7.105427357601002e-15,7.2029958731692,6.255763867525238,1.3727365568588548,0.5356500268371159
2023-11-30 07:41:39,636.61,627.13,620.6308183172982,612.8218068114882,36.6,49.33,616.7263125643932,1233.4526251287864,7.809011505810076,0.0126620371695794,85.93,12.729999999999997,5.326393894233888,4.769397729503908,5.047895811868898,0.5569961647299806,0.1103422247896074,0.18120203525541,0.3735340901653217,0.2773680627103658,0.5399999999999991,0.4699999999999988,0.0700000000000002,7.177077916761495,6.909011953458212,1.6281460732809911,0.6876569521766094
2023-11-30 07:41:40,637.59,634.0,624.8706137379737,618.1163551086161,37.13,49.8,621.4934844232948,1242.9869688465897,6.7542586293576505,0.0108677866908892,86.93,12.669999999999996,4.2397954206754775,5.294548297127903,4.767171858901634,1.054752876452426,0.2212533314127491,-1.0865984735584109,0.5251505676239958,-0.2807239529672642,0.5300000000000011,0.4699999999999988,0.0600000000000022,7.149355542090639,7.458043136397251,1.1153548136803215,0.6433799953868728
2023-11-30 07:41:41,642.49,644.79,629.2754603034803,624.784766331462,37.67,50.27,627.0301133174712,1254.0602266349424,4.490693972018221,0.0071618473650286,87.94,12.6,4.404846565506546,6.668411222845975,5.536628894176374,2.2635646573394297,0.4088343813120556,0.1650511448310681,1.373862925718072,0.7694570352747405,0.5399999999999991,0.4700000000000059,0.0699999999999931,7.130203618231381,7.917836735067373,1.2611451711262822,0.530410063087607
2023-11-30 07:41:42,640.53,646.75,632.0890952276102,630.2760747485966,38.21,50.78,631.1825849881034,1262.3651699762067,1.8130204790136304,0.0028724184083364,88.99000000000001,12.57,2.8136349241299285,5.491308417134519,4.152471670632167,2.6776734930045905,0.6448383181283996,-1.591211641376617,-1.1771028057114563,-1.3841572235442072,0.5399999999999991,0.509999999999998,0.0300000000000011,7.092736014106836,7.802429017985695,2.4753858821888906,0.5025490329865862
2023-11-30 07:41:43,644.45,645.77,635.1793214207077,634.1495560614474,38.72,51.25,634.6644387410774,1269.328877482155,1.0297653592602956,0.0016225351457857,89.97,12.53,3.0902261930974646,3.8734813128508,3.481853752974075,0.7832551197533348,0.2249534157288745,0.276591268967536,-1.6178271042837196,-0.6706179176580918,0.509999999999998,0.4699999999999988,0.0399999999999991,7.054178411547172,7.229490434059902,2.9673612435168377,0.7994254706457209
2023-11-30 07:41:44,646.41,649.7,637.9869910655307,638.0371670460855,39.26,51.72,638.012079055808,1276.024158111616,0.0501759805548545,7.864424847640114e-05,90.98,12.46,2.8076696448230223,3.887610984638172,3.3476403147305973,1.07994133981515,0.3225976854399225,-0.2825565482744423,0.0141296717873729,-0.1342134382434778,0.5399999999999991,0.4699999999999988,0.0700000000000002,7.012662915400585,6.469051101674999,2.745914908252208,0.9132959854335938
2023-11-30 07:41:45,656.2,649.7,642.540243299148,640.9528752845642,39.8,52.19,641.7465592918561,1283.4931185837122,1.587368014583717,0.0024735123065744,91.99,12.39,4.553252233617286,2.9157082384787145,3.734480236048057,1.6375439951385715,0.438493030660256,1.7455825887942638,-0.9719027461594578,0.3868399213174598,0.5399999999999991,0.4699999999999988,0.0700000000000002,6.976264293027414,5.737489071523481,1.6537981680062483,0.88546824170387
2023-11-30 07:41:46,657.18,657.55,646.200182474361,645.1021564634232,40.33,52.66,645.651169468892,1291.302338937784,1.098026010937815,0.0017006489899807,92.99,12.329999999999998,3.659939175213026,4.149281178858928,3.90461017703592,0.4893420036459019,0.1253241312537994,-0.8933130584042601,1.2335729403802134,0.1701299409878629,0.5300000000000011,0.4699999999999988,0.0600000000000022,6.943232202663296,5.697903955009551,0.6803978855530031,0.3227224188387644
2023-11-30 07:41:47,666.0,658.53,651.1501368557707,648.4591173475674,40.87,53.13,649.804627101669,1299.609254203338,2.69101950820334,0.0041412747644855,94.0,12.260000000000003,4.949954381409725,3.3569608841442005,4.153457632776963,1.5929934972655246,0.3835342152427949,1.2900152061966992,-0.7923202947147274,0.2488474557410427,0.5399999999999991,0.4700000000000059,0.0699999999999931,6.912815108392063,6.000385675134921,0.9608609422662028,0.323049653051294
2023-11-30 07:41:48,670.9,667.37,656.0876026418281,653.1868380106755,41.41,53.61,654.6372203262517,1309.2744406525037,2.900764631152583,0.0044311025047977,95.02,12.200000000000005,4.937465786057373,4.72772066310813,4.832593224582752,0.2097451229492435,0.0434021796993214,-0.0124885953523516,1.3707597789639294,0.6791355918057889,0.5399999999999991,0.4799999999999969,0.0600000000000022,6.889467621940478,6.540120081490489,1.1741988747259915,0.5526720719822288
2023-11-30 07:41:49,676.79,674.24,661.263201981371,658.4501285080066,41.92,54.04,659.8566652446889,1319.7133304893778,2.8130734733643976,0.0042631583755512,95.96,12.119999999999996,5.175599339542941,5.263290497331127,5.219444918437148,0.0876911577881855,0.0168008557150531,0.2381335534855679,0.5355698342229971,0.3868516938543962,0.5100000000000051,0.4299999999999997,0.0800000000000054,6.87637201300872,7.16156400830795,0.8209850577107738,0.6330298084436948
2023-11-30 07:41:50,674.82,675.22,664.6524014860283,662.642596381005,42.46,54.51,663.6474989335167,1327.294997867033,2.0098051050233607,0.0030284226268082,96.97,12.049999999999995,3.389199504657313,4.19246787299835,3.7908336888277754,0.8032683683410369,0.2118974933695746,-1.7863998348856285,-1.0708226243327772,-1.4286112296093734,0.5399999999999991,0.4699999999999988,0.0700000000000002,6.843843375164209,7.288638347806751,0.759272864916689,0.6192620793307182
2023-11-30 07:41:51,680.71,678.17,668.6668011145213,666.5244472857537,43.0,54.99,667.5956242001375,1335.191248400275,2.1423538287675683,0.003209059118872,97.99,11.990000000000002,4.014399628492924,3.881850904748717,3.9481252666208775,0.1325487237442075,0.0335725645009964,0.6252001238356115,-0.3106169682496329,0.157291577793103,0.5399999999999991,0.480000000000004,0.0599999999999951,6.812895370826024,7.066610439595895,0.4070219230473854,0.6111602337155037
2023-11-30 07:41:52,683.65,679.15,672.412600835891,669.6808354643152,43.5,55.42,671.0467181501031,1342.093436300206,2.731765371575761,0.0040709019113238,98.92,11.920000000000002,3.745799721369736,3.156388178561542,3.451093949965525,0.5894115428081932,0.1707897207563301,-0.268599907123189,-0.7254627261871747,-0.4970313166553524,0.5,0.4299999999999997,0.0700000000000002,6.783731412923288,6.431737529664939,0.4118958599786277,0.7448890416800842
2023-11-30 07:41:53,686.59,681.12,675.9569506269182,672.5406265982364,44.04,55.9,674.2487886125773,1348.4975772251546,3.4163240286818564,0.0050668597130813,99.94,11.86,3.54434979102723,2.859791133921135,3.2020704624742398,0.6845586571060949,0.2137861896989446,-0.2014499303425054,-0.2965970446404071,-0.2490234874912857,0.5399999999999991,0.4799999999999969,0.0600000000000022,6.746535740104479,5.726097218982023,0.566645613168983,0.7812331601669357
2023-11-30 07:41:54,691.49,679.15,679.8402129701888,674.1929699486773,44.58,56.33,677.016591459433,1354.033182918866,5.6472430215114855,0.0083413657573685,100.91,11.75,3.8832623432705295,1.6523433504409013,2.767802846855716,2.230918992829629,0.8060249628469881,0.3389125522433005,-1.2074477834802335,-0.4342676156185234,0.5399999999999991,0.4299999999999997,0.1099999999999994,6.709112919931822,5.291213288970124,1.4823685472058166,0.4715763287609063
2023-11-30 07:41:55,697.38,687.01,684.2251597276415,677.397227461508,45.08,56.81,680.8111935945748,1361.6223871891495,6.82793226613353,0.0100291128000613,101.89,11.730000000000004,4.384946757452781,3.204257512830736,3.7946021351417594,1.1806892446220445,0.3111495991999006,0.5016844141822503,1.551914162389835,1.0267992882860426,0.5,0.480000000000004,0.019999999999996,6.681825369641274,5.128075004630163,1.9995825902464528,0.4722956961869485
2023-11-30 07:41:56,705.22,695.85,689.4738697957312,682.010420596131,45.62,57.24,685.742145195931,1371.484290391862,7.463449199600177,0.0108837545438948,102.86,11.620000000000005,5.248710068089622,4.613193134622975,4.9309516013562416,0.6355169334666471,0.1288831965839319,0.8637633106368412,1.4089356217922386,1.136349466214483,0.5399999999999991,0.4299999999999997,0.1099999999999994,6.666752270359506,5.722171413487842,2.0763893152858635,0.8182422480516728
2023-11-30 07:41:57,706.2,702.73,693.6554023467984,687.1903154470982,46.16,57.71,690.4228588969484,1380.8457177938967,6.465086899700168,0.0093639525502749,103.87,11.550000000000004,4.181532551067221,5.17989485096723,4.680713701017339,0.998362299900009,0.2132927049971701,-1.067177517022401,0.5667017163442551,-0.2502379003389023,0.5399999999999991,0.4699999999999988,0.0700000000000002,6.646990009145647,6.531820041808589,1.568183884442571,0.9286268905260636
2023-11-30 07:41:58,708.17,702.73,697.2840517600988,691.0752365853236,46.67,58.15,694.1796441727113,1388.3592883454226,6.208815174775168,0.0089441043366093,104.82,11.479999999999997,3.628649413300423,3.8849211382254234,3.7567852757629225,0.2562717249249999,0.0682156785384222,-0.5528831377667984,-1.2949737127418075,-0.9239284252544168,0.5100000000000051,0.4399999999999977,0.0700000000000073,6.622587650735773,6.955071704155872,0.6794195090917381,0.8585943956983617
2023-11-30 07:41:59,716.01,707.65,701.965538820074,695.2189274389928,47.21,58.59,698.5922331295334,1397.1844662590668,6.746611381081266,0.0096574382758316,105.8,11.380000000000004,4.681487059975211,4.1436908536691135,4.4125889568221055,0.5377962063060977,0.1218776753717248,1.0528376466747886,0.258769715443691,0.655803681059183,0.5399999999999991,0.4400000000000048,0.0999999999999943,6.602951101385465,6.964651869549969,0.4713970650164418,0.5256148838681122
2023-11-30 07:42:00,717.98,712.56,705.9691541150555,699.5541955792445,47.74,59.03,702.7616748471501,1405.5233496943,6.414958535811024,0.0091282133848264,106.77,11.29,4.0036152949815005,4.335268140251742,4.169441717616678,0.3316528452702414,0.0795436867063662,-0.6778717649937107,0.1915772865826284,-0.2431472392054274,0.5300000000000011,0.4399999999999977,0.0900000000000034,6.582014313619329,6.67643072768769,0.4885274038523225,0.4547692130457835
2023-11-30 07:42:01,717.98,715.51,708.9718655862916,703.5431466844334,48.25,59.47,706.2575061353625,1412.515012270725,5.428718901858247,0.0076865999256808,107.72,11.22,3.0027114712361254,3.988951105188903,3.4958312882124574,0.9862396339527776,0.282118692386435,-1.0009038237453751,-0.3463170350628388,-0.6736104294042207,0.509999999999998,0.4399999999999977,0.0700000000000002,6.556419416811577,6.368645756562398,0.4990628999641853,0.4802424903541106
2023-11-30 07:42:02,723.86,711.58,712.6938991897188,705.552360013325,48.79,59.9,709.1231296015219,1418.2462592030438,7.141539176393735,0.0100709437729606,108.69,11.11,3.722033603427121,2.009213328891633,2.865623466159377,1.7128202745354884,0.5977127480458309,0.7193221321909959,-1.97973777629727,-0.6302078220530802,0.5399999999999991,0.4299999999999997,0.1099999999999994,6.524271994454411,5.959219218907771,0.6421599333039385,0.6044068388184416
2023-11-30 07:42:03,728.77,717.47,716.7129243922891,708.5317700099938,49.29,60.34,712.6223472011415,1425.244694402283,8.18115438229529,0.0114803505713044,109.63,11.050000000000004,4.019025202570333,2.979409996668778,3.499217599619556,1.0396152059015549,0.2970992455328697,0.2969915991432117,0.9701966677771452,0.6335941334601785,0.5,0.4400000000000048,0.0599999999999951,6.500249390685871,5.453319455012825,1.006757312776237,0.6135317013881455
2023-11-30 07:42:04,733.68,722.39,720.9546932942168,711.9963275074953,49.83,60.78,716.475510400856,1432.951020801712,8.958365786721515,0.0125033802888895,110.61,10.950000000000005,4.241768901927685,3.46455749750146,3.853163199714572,0.7772114044262253,0.2017073148566568,0.2227436993573519,0.4851475008326815,0.3539456000950167,0.5399999999999991,0.4399999999999977,0.1000000000000014,6.477493028870473,5.349161581676473,1.3971888567608175,0.4862992243906227
2023-11-30 07:42:05,744.48,729.27,726.8360199706626,716.3147456306215,50.37,61.22,721.575382800642,1443.150765601284,10.521274340041144,0.0145809773673598,111.59,10.85,5.881326676445838,4.318418123126207,5.099872399786023,1.5629085533196303,0.3064602649519115,1.6395577745181529,0.8538606256247476,1.24670920007145,0.5399999999999991,0.4399999999999977,0.1000000000000014,6.46630859695612,6.042106441014663,1.913496185052402,0.827889153330941
2023-11-30 07:42:06,747.42,735.17,731.982014977997,721.0285592229661,50.88,61.66,726.5052871004816,1453.0105742009632,10.95345575503086,0.0150769112550711,112.54,10.779999999999994,5.145995007334363,4.71381359234465,4.929904299839564,0.4321814149897136,0.0876652569784207,-0.7353316691114742,0.3953954692184425,-0.169968099946459,0.5100000000000051,0.4399999999999977,0.0700000000000073,6.455529417495577,6.935952873122509,1.5923363067432297,0.9514878349607594
2023-11-30 07:42:07,750.37,741.07,736.5790112334977,726.0389194172246,51.38,62.06,731.3089653253612,1462.6179306507224,10.540091816273048,0.0144126385722224,113.44,10.68,4.596996255500699,5.01036019425851,4.803678224879604,0.4133639387578114,0.086051528298743,-0.5489987518336648,0.2965466019138603,-0.126226074959959,0.5,0.4000000000000057,0.0999999999999943,6.4466586643045005,7.502292463152421,1.1961059460075574,0.7136365475407032
2023-11-30 07:42:08,752.33,740.09,740.5167584251233,729.5516895629185,51.92,62.5,735.0342239940209,1470.0684479880415,10.965068862204816,0.0149177663969239,114.42,10.579999999999998,3.93774719162559,3.512770145693821,3.7252586686596487,0.4249770459317687,0.1140798450929665,-0.6592490638751087,-1.497590048564689,-1.0784195562199557,0.5399999999999991,0.4399999999999977,0.1000000000000014,6.42400120232494,7.419383353685638,0.8272690053384293,0.643030696016042
2023-11-30 07:42:09,752.33,735.17,743.4700688188425,730.9562671721889,52.46,62.94,737.2131679955157,1474.4263359910317,12.513801646653633,0.0169744684074271,115.4,10.479999999999997,2.953310393719221,1.4045776092704043,2.1789440014948696,1.5487327844488163,0.7107718567409022,-0.9844367979063692,-2.1081925364234166,-1.5463146671647792,0.5399999999999991,0.4399999999999977,0.1000000000000014,6.38832895673472,6.35880915661586,0.8195927846112809,1.2250755073936446
2023-11-30 07:42:10,755.28,743.04,746.4225516141319,733.9772003791417,52.97,63.37,740.1998759966368,1480.3997519932736,12.445351234990198,0.0168135008147897,116.34,10.4,2.95248279528937,3.0209332069528045,2.986708001121088,0.0684504116634343,0.0229183397638473,-0.0008275984298506,1.6163555976824,0.8077639996262178,0.509999999999998,0.4299999999999997,0.0799999999999983,6.362384989120267,5.320508450608608,0.925529039823545,1.1779967451422602
2023-11-30 07:42:11,762.15,750.91,750.3544137105989,738.2104002843562,53.5,63.81,744.2824069974776,1488.564813994955,12.144013426242736,0.0163164052995914,117.31,10.310000000000002,3.931862096467057,4.233199905214519,4.082531000840731,0.3013378087474621,0.0738114995021242,0.979379301177687,1.2122666982617147,1.095822999719644,0.5300000000000011,0.4400000000000048,0.0899999999999963,6.344577620432188,4.942761946856238,0.908038178033302,1.0103166939887422
2023-11-30 07:42:12,768.05,754.85,754.7783102829492,742.3703002132671,54.01,64.22,748.5743052481082,1497.1486104962164,12.408010069682064,0.0165755222509193,118.23,10.21,4.423896572350259,4.159899928910932,4.291898250630652,0.2639966434393272,0.0615104474785925,0.4920344758832016,-0.0732999763035877,0.2093672497899206,0.509999999999998,0.4099999999999966,0.1000000000000014,6.331508914121622,5.447398307834377,0.6471596582003772,0.8681634683380413
2023-11-30 07:42:13,771.98,761.73,759.078732712212,747.2102251599504,54.51,64.65,753.1444789360812,1506.2889578721624,11.868507552261576,0.0157586065734277,119.16,10.140000000000008,4.300422429262767,4.839924946683254,4.570173687973011,0.5395025174204875,0.1180485548703983,-0.1234741430874919,0.6800250177723228,0.2782754373423586,0.5,0.4300000000000068,0.0699999999999931,6.320447067939193,6.379579687587386,0.2674540395457479,1.0057201819044708
2023-11-30 07:42:14,781.8,769.61,764.759049534159,752.8101688699628,55.05,65.06,758.7846092020609,1517.5692184041218,11.948880664196167,0.015747394588056,120.11,10.010000000000003,5.680316821947031,5.59994371001244,5.640130265979678,0.0803731119345911,0.014250220100264,1.379894392684264,0.7600187633291853,1.0699565780066678,0.5399999999999991,0.4099999999999966,0.1300000000000025,6.317414061149337,7.293735738447977,0.2610964977888615,0.9539413583295808
2023-11-30 07:42:15,781.8,763.7,769.0192871506192,755.5326266524721,55.56,65.46,762.2759569015457,1524.551913803091,13.486660498147105,0.0176926221512669,121.02,9.899999999999991,4.260237616460245,2.7224577825093093,3.491347699484777,1.5377798339509354,0.4404543820495121,-1.420079205486786,-2.8774859275031304,-2.1487825664949014,0.5100000000000051,0.3999999999999915,0.1100000000000136,6.298760127274711,7.31879408435466,0.657319207238073,0.7911772963019008
2023-11-30 07:42:16,785.73,767.64,773.1969653629644,758.559469989354,56.1,65.9,765.8782176761592,1531.7564353523185,14.637495373610363,0.0191120402913555,122.0,9.800000000000004,4.177678212345199,3.0268433368819387,3.602260774613569,1.150834875463261,0.3194756371048897,-0.0825594041150452,0.3043855543726295,0.1109130751287921,0.5399999999999991,0.4400000000000119,0.0999999999999872,6.2776902573645,6.946673923189805,1.1799568504121287,0.8671694215019485
2023-11-30 07:42:17,788.68,781.42,777.0677240222233,764.2746024920156,56.6,66.34,770.6711632571194,1541.3423265142387,12.793121530207712,0.0165999743127012,122.94,9.740000000000002,3.870758659258854,5.715132502661504,4.792945580960122,1.84437384340265,0.384810014517872,-0.3069195530863453,2.6882891657795653,1.1906848063465532,0.5,0.4399999999999977,0.0600000000000022,6.268677053753395,6.688627594171535,1.1545642891255743,0.8918308374410336
2023-11-30 07:42:18,791.63,786.34,780.7082930166675,769.7909518690117,57.11,66.74,775.2496224428396,1550.4992448856792,10.91734114765586,0.0140823559502971,123.85,9.629999999999995,3.6405689944442656,5.516349376996118,4.578459185720249,1.875780382551852,0.4096967771833465,-0.2301896648145884,-0.1987831256653862,-0.2144863952398736,0.509999999999998,0.3999999999999915,0.1100000000000065,6.259585112501046,6.551432024535018,1.423672465940393,0.8921887175244835
2023-11-30 07:42:19,795.56,788.31,784.4212197625006,774.4207139017587,57.61,67.18,779.4209668321297,1558.8419336642594,10.000505860741896,0.0128306862061424,124.79,9.570000000000007,3.712926745833101,4.629762032747067,4.171344389290084,0.9168352869139652,0.2197936639981759,0.0723577513888358,-0.8865873442490511,-0.4071147964301644,0.5,0.4400000000000119,0.059999999999988,6.245860730717757,6.909581065496795,1.890249568670152,0.5763397589986747
2023-11-30 07:42:20,747.42,788.31,775.1709148218755,777.893035426319,57.78,67.58,776.5319751240972,1553.0639502481945,2.7221206044434894,0.0035054842403662,125.36,9.799999999999995,-9.250304940625142,3.4723215245602432,-2.888991708032449,12.722626465185384,4.403827821998948,-12.963231686458244,-1.1574405081868235,-7.0603360973225335,0.1700000000000017,0.3999999999999915,0.2299999999999897,6.194415833836004,5.324309530179037,4.552134238866671,3.2407743880309097
2023-11-30 07:42:21,743.49,788.31,767.2506861164065,780.4972765697393,57.78,67.99,773.873981343073,1547.747962686146,13.246590453332717,0.017117244868765,125.77,10.209999999999994,-7.920228705468958,2.604241143420268,-2.657993781024288,10.524469848889224,3.959552488223285,1.3300762351561843,-0.8680803811399755,0.2309979270081612,0.0,0.4099999999999966,0.4099999999999966,6.15308877466792,3.23454551244786,4.246480894674138,3.9987337551101634
2023-11-30 07:42:22,742.51,802.1,761.065514587305,785.8979574273044,57.78,68.39,773.4817360073047,1546.9634720146094,24.83244283999943,0.0321047565209221,126.17,10.61,-6.185171529101581,5.400680857565135,-0.3922453357682798,11.585852386666716,29.5371844939581,1.735057176367377,2.796439714144867,2.2657484452560084,0.0,0.4000000000000057,0.4000000000000057,6.13047261533512,2.3976538866784947,8.013796810175041,3.6175820351799617
2023-11-30 07:42:23,797.53,802.1,770.1816359404786,789.9484680704783,58.12,68.8,780.0650520054785,1560.130104010957,19.76683212999967,0.0253399790874375,126.92,10.68,9.11612135317364,4.05051064317388,6.583315998173816,5.06561070999976,0.769461763941329,15.30129288227522,-1.3501702143912553,6.975561333942096,0.3399999999999963,0.4099999999999966,0.0700000000000002,6.146116024734972,3.045319468853682,8.577407491014942,4.23283449959368
2023-11-30 07:42:24,807.36,800.13,779.476226955359,792.4938510528588,58.66,69.2,785.9850390041089,1571.9700780082178,13.01762409749972,0.016562177948618,127.86,10.540000000000006,9.29459101488044,2.545382982380488,5.919986998630407,6.749208032499951,1.1400712356277385,0.1784696617067993,-1.5051276607933914,-0.6633289995434097,0.5399999999999991,0.4000000000000057,0.1399999999999934,6.147231603760968,5.1869632253564575,8.317903923508874,4.618818770325646
2023-11-30 07:42:25,812.27,802.1,787.6746702165193,794.8953882896441,59.16,69.6,791.2850292530817,1582.5700585061634,7.220718073124772,0.0091253060490924,128.76,10.439999999999998,8.198443261160264,2.401537236785316,5.29999024897279,5.796906024374948,1.0937576595996203,-1.0961477537201745,-0.143845745595172,-0.6199967496576164,0.5,0.3999999999999915,0.1000000000000085,6.145425777474806,7.726446263453973,6.801077856044127,4.188211382912096
2023-11-30 07:42:26,817.19,802.1,795.0535026623895,796.6965412172331,59.67,70.01,795.8750219398113,1591.7500438796226,1.6430385548435424,0.0020644429181537,129.68,10.340000000000003,7.378832445870216,1.801152927588987,4.589992686729602,5.577679518281229,1.2151823943477709,-0.8196108152900479,-0.600384309196329,-0.7099975622431884,0.5100000000000051,0.4100000000000108,0.0999999999999943,6.1372225154425415,8.876790291003974,9.32388379171517,2.7788902476874004
2023-11-30 07:42:27,823.09,808.99,802.0626269967922,799.7699059129247,60.17,70.38,800.9162664548585,1601.832532909717,2.292721083867491,0.0028626226948208,130.55,10.209999999999994,7.009124334402713,3.07336469569168,5.041244515047197,3.9357596387110334,0.7807117560459037,-0.3697081114675029,1.272211768102693,0.451251828317595,0.5,0.3699999999999903,0.1300000000000096,6.134938799846187,8.16623704742568,7.650489684651768,0.7790505734777873
2023-11-30 07:42:28,823.09,820.82,807.3194702475942,805.0324294346937,60.68,70.78,806.1759498411438,1612.3518996822877,2.2870408129005,0.0028369003199788,131.46,10.1,5.256843250801921,5.262523521768912,5.25968338628536,0.0056802709669909,0.0010799642240515,-1.752281083600792,2.1891588260772323,0.2184388712381633,0.509999999999998,0.4000000000000057,0.1099999999999923,6.132480934951033,7.909715237596435,4.866867426833158,0.4813507024353134
2023-11-30 07:42:29,826.04,820.82,811.9996026856957,808.9793220760203,61.18,71.15,810.489462380858,1620.978924761716,3.0202806096754102,0.0037264896659811,132.33,9.970000000000006,4.680132438101509,3.946892641326599,4.313512539714111,0.7332397967749102,0.1699866686458825,-0.5767108127004121,-1.3156308804423134,-0.9461708465712492,0.5,0.3700000000000045,0.1299999999999954,6.124759738956383,7.705194358050127,2.249234836898224,0.4328344119797137
2023-11-30 07:42:30,833.91,816.87,817.4772020142717,810.9519915570152,61.69,71.52,814.2145967856434,1628.4291935712868,6.525210457256549,0.008014116272298,133.20999999999998,9.829999999999998,5.477599328576048,1.9726694809949092,3.725134404785422,3.5049298475811383,0.9408865629632144,0.7974668904745386,-1.974223160331689,-0.5883781349286892,0.509999999999998,0.3699999999999903,0.1400000000000076,6.112263273578412,7.330429514806282,1.9467514178049847,0.607546658005866
2023-11-30 07:42:31,835.88,818.85,822.0779015107038,812.9264936677613,62.19,71.9,817.5021975892325,1635.004395178465,9.15140784294249,0.0111943525763418,134.09,9.710000000000008,4.600699496432071,1.9745021107461296,3.2876008035891573,2.6261973856859413,0.7988185743233428,-0.8768998321439767,0.0018326297512203,-0.4375336011962645,0.5,0.3800000000000096,0.1199999999999903,6.096667846167236,6.544549542951804,3.0649335216007176,0.8400604261038035
2023-11-30 07:42:32,839.81,824.76,826.5109261330279,815.884870250821,62.7,72.27,821.1978981919244,1642.3957963838488,10.626055882206856,0.0129397017365279,134.97,9.569999999999991,4.433024622324069,2.958376583059703,3.695700602691886,1.4746480392643662,0.3990170738325457,-0.1676748741080018,0.9838744723135732,0.4080997991027288,0.5100000000000051,0.3699999999999903,0.1400000000000147,6.084299415482144,5.865695844951401,3.665855522344087,0.7656518289761935
2023-11-30 07:42:33,841.78,836.58,830.3281945997708,821.0586526881157,63.21,72.64,825.6934236439432,1651.3868472878864,9.269541911655097,0.011226372446471,135.85,9.43,3.8172684667429166,5.173782437294676,4.495525452018796,1.3565139705517597,0.3017475227940417,-0.6157561555811526,2.215405854234973,0.7998248493269102,0.509999999999998,0.3700000000000045,0.1399999999999934,6.07797878223014,5.921100138394039,3.0170367282597508,0.4931863526196305
2023-11-30 07:42:34,793.59,841.51,821.1436459498282,826.1714895160867,63.31,73.04,823.6575677329574,1647.3151354659149,5.027843566258525,0.0061042886717995,136.35000000000002,9.730000000000004,-9.1845486499426,5.112836827971023,-2.035855910985788,14.297385477913622,7.022785049756097,-13.001817116685515,-0.0609456093236531,-6.531381363004584,0.1000000000000014,0.4000000000000057,0.3000000000000042,6.040759528362287,4.63441142644707,2.278724968350687,2.6465924785211885
2023-11-30 07:42:35,786.71,840.53,812.5352344623711,829.761117137065,63.31,73.41,821.148175799718,1642.296351599436,17.22588267469382,0.0209778005497481,136.72,10.099999999999994,-8.608411487457033,3.5896276209782627,-2.5093919332393853,12.198039108435296,4.860952203562954,0.5761371624855656,-1.5232092069927603,-0.4735360222535973,0.0,0.3699999999999903,0.3699999999999903,6.006057415108694,3.076518785331619,4.422752620879004,3.372800196211799
2023-11-30 07:42:36,789.66,845.46,806.8164258467783,833.6858378527987,63.31,73.78,820.2511318497885,1640.502263699577,26.86941200602041,0.0327575433058755,137.09,10.47,-5.71880861559282,3.92472071573377,-0.8970439499295253,9.64352933132659,10.750330105625382,2.889602871864213,0.3350930947555071,1.61234798330986,0.0,0.3700000000000045,0.3700000000000045,5.983303857804979,2.239270311304996,8.516099933760582,3.3016310035239447
2023-11-30 07:42:37,845.72,849.4,816.5423193850838,837.6143783895991,63.71,74.15,827.0783488873415,1654.156697774683,21.072059004515268,0.0254777059602461,137.86,10.440000000000005,9.725893538305511,3.9285405368003694,6.827217037552941,5.797353001505144,0.8491530473491471,15.444702153898334,0.0038198210665996,7.724260987482467,0.3999999999999986,0.3700000000000045,0.029999999999994,5.99940768089318,2.902806188338648,8.817633898710962,4.217556949952296
2023-11-30 07:42:38,851.62,853.34,825.3117395388128,841.5457837921994,64.22,74.52,833.428761665506,1666.857523331012,16.234044253386514,0.0194786225057389,138.74,10.299999999999995,8.769420153729016,3.9314054026002623,6.350412778164582,4.838014751128753,0.7618424436788515,-0.9564733845764976,0.0028648657998928,-0.4768042593883592,0.509999999999998,0.3699999999999903,0.1400000000000076,6.007126680541872,5.3500085059303055,8.024161209862639,4.642682120347297
2023-11-30 07:42:39,856.54,862.22,833.1188046541097,846.7143378441494,64.72,74.89,839.9165712491296,1679.8331424982591,13.59553319003976,0.0161867662089743,139.61,10.170000000000002,7.807065115296837,5.168554051950082,6.487809583623516,2.638511063346755,0.4066874378248442,-0.9623550384321788,1.2371486493498196,0.137396805458934,0.5,0.3700000000000045,0.1299999999999954,6.016163349566408,8.346456713824354,5.15333234255356,4.562373416852758
2023-11-30 07:42:40,861.47,861.23,840.2066034905822,850.343253383112,65.23,75.26,845.2749284368472,1690.5498568736944,10.136649892529816,0.0119921336118216,140.49,10.03,7.08779883647253,3.628915538962588,5.358357187717616,3.458883297509942,0.6455117736321484,-0.7192662788243069,-1.5396385129874943,-1.1294523959059006,0.5100000000000051,0.3700000000000045,0.1400000000000005,6.016619847819968,9.951329704423255,6.549402131294077,3.245263824441436
2023-11-30 07:42:41,865.4,856.3,846.5049526179367,851.832440037334,65.7,75.63,849.1686963276354,1698.3373926552708,5.327487419397244,0.0062737680229653,141.32999999999998,9.929999999999993,6.298349127354527,1.4891866542219532,3.89376789078824,4.809162473132574,1.2350919142915604,-0.7894497091180028,-2.1397288847406344,-1.4645892969293757,0.4699999999999988,0.3699999999999903,0.1000000000000085,6.008410743078078,8.899131349019019,5.9721226153375575,1.1893928279481845
2023-11-30 07:42:42,871.31,862.22,852.7062144634525,854.4293300280005,66.2,76.0,853.5677722457265,1707.135544491453,1.7231155645480385,0.0020187214402388,142.2,9.799999999999995,6.2012618455157735,2.5968899906665683,4.399075918091057,3.604371854849205,0.8193473135298784,-0.0970872818387533,1.1077033364446152,0.5053080273028172,0.5,0.3700000000000045,0.1299999999999954,6.002586260500284,7.873062572198455,5.923874774432975,1.1518240692603257
2023-11-30 07:42:43,875.25,872.08,858.3421608475894,858.8419975210004,66.71,76.38,858.5920791842949,1717.1841583685898,0.4998366734109822,0.0005821584952235,143.08999999999995,9.670000000000002,5.635946384136901,4.412667492999844,5.024306938568429,1.2232788911370562,0.2434721171739333,-0.5653154613788729,1.815777502333276,0.6252310204773721,0.5099999999999909,0.3799999999999954,0.1299999999999954,6.000363919099386,7.225366980201651,5.555870382311905,0.9902162349272446
2023-11-30 07:42:44,878.2,870.11,863.3066206356921,861.6589981407503,67.21,76.75,862.4828093882212,1724.9656187764424,1.6476224949417428,0.0019103250234055,143.95999999999998,9.540000000000006,4.964459788102658,2.8170006197499333,3.890730203926296,2.147459168352725,0.5519423100176224,-0.6714865960342422,-1.595666873249911,-1.1335767346421337,0.5,0.3700000000000045,0.1299999999999954,5.991128114733907,6.937821367925676,3.9465554319872087,0.6632703171180685
2023-11-30 07:42:45,882.14,880.96,868.014965476769,866.4842486055627,67.68,77.08,867.2496070411659,1734.4992140823315,1.530716871206323,0.0017650245754088,144.76,9.399999999999991,4.708344841076951,4.82525046481237,4.7667976529446605,0.1169056237354198,0.0245249762465217,-0.2561149470257078,2.008249845062437,0.8760674490183646,0.4700000000000131,0.3299999999999983,0.1400000000000147,5.990947782883518,7.131143081684739,1.8464493163438465,0.5098526661330334
2023-11-30 07:42:46,885.1,875.04,872.2862241075767,868.623186454172,68.19,77.42,870.4547052808744,1740.9094105617487,3.663037653404672,0.0042081886937638,145.61,9.230000000000004,4.271258630807665,2.1389378486093165,3.205098239708491,2.1323207821983488,0.6652900964128295,-0.4370862102692854,-2.686312616203054,-1.5616994132361697,0.5099999999999909,0.3400000000000034,0.1699999999999875,5.977987084011312,6.724735180296997,1.1469688146427204,0.7262041422092459
2023-11-30 07:42:47,829.98,880.96,861.7096680806825,871.707389840629,68.26,77.79,866.7085289606557,1733.4170579213114,9.997721759946558,0.0115352756022839,146.05,9.53,-10.576556026894195,3.084203386457034,-3.7461763202186376,13.66075941335123,3.64658643882718,-14.84781465770186,0.9452655378477176,-6.951274559927128,0.0700000000000073,0.3700000000000045,0.2999999999999971,5.934327442836893,4.612042238112266,3.8259684864505816,3.635739124888077
2023-11-30 07:42:48,830.96,891.82,854.0222510605118,876.7355423804719,68.26,78.16,865.3788967204919,1730.7577934409835,22.713291319960035,0.0262466433833659,146.42000000000002,9.899999999999991,-7.687417020170642,5.028152539842836,-1.3296322401638463,12.715569560013478,9.563215761999588,2.8891390067235534,1.9439491533858015,2.4165440800547917,0.0,0.3699999999999903,0.3699999999999903,5.910250586055465,2.899552383616389,8.964448244797518,3.6987287198566414
2023-11-30 07:42:49,829.98,894.78,848.0116882953839,881.2466567853539,68.26,78.5,864.6291725403689,1729.258345080738,33.234968489970015,0.0384384074780681,146.76,10.239999999999997,-6.010562765127929,4.511114404882051,-0.7497241801229393,10.52167717000998,14.034045339499794,1.6768542550427128,-0.5170381349607851,0.579908060040907,0.0,0.3400000000000034,0.3400000000000034,5.891449759123189,2.250776387502923,13.453621279932108,3.4798521842397507
2023-11-30 07:42:50,886.08,894.78,857.5287662215379,884.6299925890155,68.66,78.83,871.0793794052768,1742.1587588105535,27.10122636747758,0.031112234977791,147.49,10.170000000000002,9.517077926154002,3.3833358036615664,6.450206864907841,6.133742122492436,0.9509371249666032,15.527640691281931,-1.1277786012204842,7.19993104503078,0.3999999999999915,0.3299999999999983,0.0699999999999931,5.906023279539315,2.949436009215688,12.224270617612776,4.040675603058731
2023-11-30 07:42:51,891.99,897.74,866.1440746661535,887.9074944417616,69.17,79.2,877.0257845539576,1754.0515691079152,21.7634197756081,0.0248150283994918,148.37,10.03,8.615308444615607,3.277501852746127,5.94640514868081,5.33780659186948,0.8976525414520591,-0.9017694815383948,-0.1058339509154393,-0.5038017162270307,0.5100000000000051,0.3700000000000045,0.1400000000000005,5.911072175257029,5.15262175597778,8.54748555549653,4.601438130960909
2023-11-30 07:42:52,899.87,890.83,874.5755559996151,888.6381208313212,69.64,79.54,881.6068384154681,1763.2136768309365,14.06256483170614,0.0159510614062727,149.18,9.900000000000006,8.431481333461534,0.7306263895595748,4.581053861510554,7.700854943901959,1.681022204864555,-0.1838271111540734,-2.546875463186552,-1.365351287170256,0.4699999999999988,0.3400000000000034,0.1299999999999954,5.909685162258902,7.357816100975449,7.072125968429666,3.737948655094668
2023-11-30 07:42:53,903.82,906.63,881.8866669997113,893.1360906234909,70.14,79.88,887.5113788116012,1775.0227576232023,11.249423623779537,0.0126752443739566,150.01999999999998,9.739999999999997,7.311111000096275,4.49796979216967,5.904540396133029,2.8131412079266056,0.4764368676911932,-1.1203703333652584,3.767343402610095,1.3234865346224751,0.5,0.3399999999999892,0.1600000000000108,5.915953692145364,8.913789124224836,9.076629431994688,2.9752011783909555
2023-11-30 07:42:54,906.77,911.56,888.1075002497835,897.7420679676181,70.62,80.25,892.9247841087008,1785.8495682174016,9.63456771783467,0.0107898984085897,150.87,9.629999999999995,6.220833250072133,4.605977344127268,5.413405297099644,1.6148559059448644,0.2983067993270818,-1.0902777500241427,0.1080075519575984,-0.4911350990333858,0.480000000000004,0.3700000000000045,0.1099999999999994,5.918504528336954,8.571452081548003,7.422761292622383,0.7055467152273758
2023-11-30 07:42:55,905.79,898.73,892.5281251873375,897.9890509757137,71.12,80.59,895.2585880815257,1790.517176163051,5.46092578837613,0.0060998306578422,151.71,9.47,4.4206249375540665,0.2469830080955262,2.333803972824853,4.17364192945854,1.7883422042788502,-1.800208312518066,-4.358994336031742,-3.0796013242747904,0.5,0.3400000000000034,0.1599999999999966,5.901117804893598,7.616586056270048,6.07359248822915,1.502843755701739
2023-11-30 07:42:56,913.67,901.69,897.8135938905032,898.9142882317852,71.63,80.79,898.3639410611443,1796.7278821222883,1.100694341282065,0.0012252209708647,152.42000000000002,9.16000000000001,5.285468703165634,0.9252372560715684,3.105352979618601,4.3602314470940655,1.4041012637243977,0.8648437656115675,0.6782542479760423,0.771549006793748,0.5099999999999909,0.2000000000000028,0.309999999999988,5.8940029862691325,6.640432411583002,5.088655400053663,1.5150150303589869
2023-11-30 07:42:57,917.61,905.64,902.7626954178774,900.5957161738389,72.1,81.06,901.679205795858,1803.3584115917165,2.16697924403843,0.0024032707283323,153.16,8.960000000000008,4.949101527374182,1.6814279420536875,3.315264734713878,3.2676735853204946,0.9856445446001356,-0.3363671757914517,0.7561906859821192,0.2099117550952769,0.4699999999999988,0.269999999999996,0.2000000000000028,5.8871715846741095,5.391470740235737,4.464368901240786,1.554783435273302
2023-11-30 07:42:58,913.67,913.54,905.489521563408,903.8317871303792,72.54,81.29,904.6606543468936,1809.3213086937872,1.6577344330288497,0.0018324378574783,153.83,8.75,2.7268261455307083,3.2360709565402885,2.9814485510354416,0.5092448110095802,0.1708044366649511,-2.222275381843474,1.5546430144866008,-0.3338161836784366,0.4400000000000119,0.2300000000000039,0.2100000000000079,5.880911710758512,4.733902362792986,3.575427125950813,1.1678292329037967
2023-11-30 07:42:59,913.67,918.47,907.534641172556,907.4913403477844,72.97,81.6,907.5129907601704,1815.0259815203408,0.043300824771677,4.771372439274152e-05,154.57,8.629999999999995,2.04511960914806,3.659553217405232,2.852336413276703,1.6144336082571726,0.566003727589348,-0.6817065363826487,0.4234822608649438,-0.1291121377587387,0.4299999999999926,0.309999999999988,0.1200000000000045,5.871210357048327,4.872573131200592,2.044721267419198,0.3682873160375453
2023-11-30 07:43:00,869.34,921.44,897.9859808794172,910.9785052608383,73.01,81.87,904.4822430701278,1808.9644861402555,12.992524381421164,0.0143645986050045,154.88,8.86,-9.548660293138935,3.487164913053902,-3.030747690042517,13.03582520619284,4.301189751899213,-11.593779902286997,-0.1723883043513296,-5.88308410331922,0.0400000000000062,0.2700000000000102,0.2300000000000039,5.839890477984487,3.4634556004520123,5.313703875392444,2.7308114708445315
2023-11-30 07:43:01,867.37,912.55,890.3319856595629,911.3713789456287,73.01,82.17,900.8516823025958,1801.703364605192,21.039393286065888,0.0233550024671472,155.18,9.159999999999997,-7.653995219854323,0.3928736847904019,-3.6305607675319607,8.046868904644725,2.216425286193368,1.8946650732846135,-3.0942912282635007,-0.5998130774894435,0.0,0.2999999999999971,0.2999999999999971,5.805204771861007,2.65404644470796,9.105308141623269,3.5051558627530945
2023-11-30 07:43:02,862.45,919.46,883.3614892446722,913.3935342092216,73.01,82.37,898.3775117269469,1796.7550234538935,30.032044964549414,0.0334292038025192,155.38,9.36,-6.970496414890704,2.022155263592822,-2.474170575648941,8.992651678483526,3.634611183391709,0.6834988049636195,1.62928157880242,1.1563901918830195,0.0,0.2000000000000028,0.2000000000000028,5.781809151403898,3.575887849241558,12.75860938074873,3.2913729968238967
2023-11-30 07:43:03,919.58,919.46,892.4161169335041,914.910150656916,73.41,82.61,903.66313379521,1807.32626759042,22.49403372341203,0.024892056406074,156.01999999999998,9.200000000000005,9.054627688831944,1.5166164476945596,5.285622068263251,7.538011241137383,1.42613484612595,16.025124103722646,-0.5055388158982623,7.759792643912192,0.3999999999999915,0.2399999999999948,0.1599999999999966,5.79196979876452,3.499429054794497,11.39530580823039,4.011313291730554
2023-11-30 07:43:04,919.58,927.36,899.2070877001281,918.0226129926872,73.85,82.81,908.6148503464076,1817.2297006928152,18.815525292559077,0.0207079218050175,156.66,8.960000000000008,6.790970766624014,3.112462335771056,4.951716551197478,3.6785084308529576,0.7428752534488524,-2.263656922207929,1.5958458880764963,-0.333905517065773,0.4399999999999977,0.2000000000000028,0.2399999999999948,5.799916025446774,3.871376087616366,6.178090657407826,4.4917257715494285
2023-11-30 07:43:05,925.5,921.44,905.780315775096,918.8769597445154,74.25,83.04,912.3286377598058,1824.657275519612,13.096643969419231,0.0143551823465965,157.29000000000002,8.790000000000006,6.5732280749680285,0.8543467518281886,3.7137874133982223,5.71888132313984,1.5399049936468785,-0.2177426916559852,-2.2581155839428675,-1.2379291377992558,0.4000000000000057,0.2300000000000039,0.1700000000000017,5.800296471228363,5.686785371085403,6.144120419206108,4.278984225337168
2023-11-30 07:43:06,928.46,924.4,911.4502368313222,920.2577198083866,74.66,83.25,915.8539783198544,1831.7079566397088,8.80748297706441,0.009616689096667,157.91,8.590000000000003,5.669921056226031,1.3807600638712074,3.525340560048562,4.289160992354823,1.2166653696658372,-0.903307018741998,0.5264133120430188,-0.1884468533496601,0.4099999999999966,0.2099999999999937,0.2000000000000028,5.799847840668777,6.926954841909883,8.247269887186881,3.153778818642393
2023-11-30 07:43:07,882.14,927.36,904.1226776234917,922.03328985629,74.69,83.45,913.0779837398908,1826.1559674797816,17.910612232798485,0.0196156434961036,158.14,8.760000000000005,-7.327559207830632,1.775570047903443,-2.7759945799635943,9.103129255734077,3.279230457511556,-12.997480264056662,0.3948099840322356,-6.301335140012156,0.0300000000000011,0.2000000000000028,0.1700000000000017,5.7738584669661845,4.709984008975924,5.330550249672394,3.284924310218992
2023-11-30 07:43:08,881.16,931.31,898.3820082176186,924.3524673922176,74.69,83.68,911.367237804918,1822.734475609836,25.970459174598886,0.0284961517912956,158.37,8.990000000000009,-5.74066940587295,2.319177535927452,-1.710745934972806,8.059846941800402,4.71130286837458,1.5868898019576818,0.5436074880240085,1.0652486449907883,0.0,0.2300000000000039,0.2300000000000039,5.754670910211827,2.630302839264668,6.459801151754739,3.517879107614967
2023-11-30 07:43:09,879.19,934.28,893.584006163214,926.834350544163,74.69,83.89,910.2091783536883,1820.418356707377,33.25034438094906,0.0365304428203625,158.57999999999998,9.200000000000005,-4.798002054404606,2.481883151945567,-1.1580594512295193,7.279885206350173,6.286273914821181,0.9426673514683443,0.1627056160181155,0.5526864837432868,0.0,0.2099999999999937,0.2099999999999937,5.7397475886867255,2.128432453895634,9.852997975761268,3.069436671112217
2023-11-30 07:43:10,934.37,932.3,903.7805046224104,928.2007629081222,75.1,84.09,915.9906337652664,1831.9812675305327,24.420258285711725,0.0266599431903249,159.19,8.990000000000009,10.196498459196505,1.3664123639591708,5.781455411577895,8.830086095237334,1.5273117129369478,14.99450051360111,-1.1154707879863963,6.939514862807414,0.4099999999999966,0.2000000000000028,0.2099999999999937,5.754071411591148,2.6029000410081684,9.205056271829266,3.71298764629578
2023-11-30 07:43:11,933.39,934.28,911.182878466808,929.7205721810916,75.5,84.29,920.45172532395,1840.9034506479,18.53769371428382,0.0201397783111545,159.79000000000002,8.790000000000006,7.402373844397402,1.5198092729694963,4.461091558683506,5.882564571427906,1.3186376417986458,-2.7941246147991023,0.1533969090103255,-1.3203638528943884,0.4000000000000057,0.2000000000000028,0.2000000000000028,5.760383750945404,4.1078791943615,6.255877907408868,3.907448282539451
2023-11-30 07:43:12,940.29,939.22,918.459658850106,932.0954291358188,75.94,84.49,925.2775439929624,1850.5550879859247,13.635770285712963,0.0147369514795873,160.43,8.549999999999997,7.276780383298046,2.3748569547271927,4.825818669012506,4.9019234285708535,1.0157701208868255,-0.1255934610993563,0.8550476817576964,0.3647271103289995,0.4399999999999977,0.1999999999999886,0.2400000000000091,5.767484499317321,6.299081786578544,7.472927911709187,3.574807325932176
2023-11-30 07:43:13,942.26,946.13,924.4097441375797,935.6040718518642,76.34,84.76,930.0069079947218,1860.013815989444,11.194327714284668,0.0120368220988648,161.10000000000002,8.420000000000002,5.950085287473598,3.5086427160453013,4.72936400175945,2.441442571428297,0.5162305236580419,-1.326695095824448,1.1337857613181086,-0.0964546672530559,0.4000000000000057,0.2700000000000102,0.1299999999999954,5.772854762395201,7.735960332759275,8.875194094792393,2.7764912656984
2023-11-30 07:43:14,945.22,945.15,929.6123081031848,937.990553888898,76.75,85.07,933.8014309960414,1867.6028619920828,8.378245785713489,0.0089721920513707,161.82,8.319999999999993,5.202563965605123,2.386482037033943,3.7945230013195896,2.81608192857118,0.7421436595451377,-0.7475213218684758,-1.1221606790113583,-0.9348410004398602,0.4099999999999966,0.309999999999988,0.1000000000000085,5.770618126470296,7.148619105408465,6.347763128608352,0.7178966008015839
2023-11-30 07:43:15,929.44,953.05,929.5692310773884,941.7554154166736,77.02,85.37,935.662323247031,1871.324646494062,12.186184339285203,0.013024126357863,162.39,8.350000000000009,-0.0430770257961512,3.764861527775565,1.8608922509896504,3.807938553571717,2.0462960739669507,-5.245640991401274,1.3783794907416222,-1.9336307503299397,0.269999999999996,0.3000000000000113,0.0300000000000153,5.761822264210905,6.232492248371185,3.745850565612975,1.227089946400364
2023-11-30 07:43:16,944.23,959.97,933.2344233080414,946.3090615625052,77.32,85.67,939.7717424352734,1879.5434848705468,13.074638254463936,0.0139125679674837,162.99,8.350000000000009,3.665192230652906,4.553646145831635,4.109419188242327,0.8884539151787294,0.2161993357896888,3.708269256449057,0.78878461805607,2.2485269372526773,0.2999999999999971,0.2999999999999971,0.0,5.765824508678133,5.525748569178747,2.071399135831305,1.199108866303644
2023-11-30 07:43:17,954.1,926.38,938.4508174810312,941.3267961718792,77.72,85.91,939.888806826455,1879.77761365291,2.875978690848001,0.0030599137545842,163.63,8.189999999999998,5.2163941729896806,-4.982265390626253,0.1170643911816569,10.198659563615934,87.11933954750216,1.5512019423367749,-9.535911536457888,-3.992354797060671,0.4000000000000057,0.2399999999999948,0.1600000000000108,5.743988272825685,4.185175739395841,4.122850792218157,1.899436657075659
2023-11-30 07:43:18,934.37,923.41,937.4306131107732,936.8475971289092,77.96,85.91,937.1391051198412,1874.2782102396825,0.5830159818640368,0.0006221232024752,163.87,7.950000000000003,-1.0202043702578294,-4.479199042969867,-2.7497017066137914,3.4589946727120378,1.2579522376699863,-6.23659854324751,0.5030663476563859,-2.8667660977954483,0.2399999999999948,0.0,0.2399999999999948,5.7187959931716925,2.6338229695964595,5.545316972515024,2.8350294188401355
2023-11-30 07:43:19,951.14,920.45,940.85795983308,932.748197846682,78.26,85.91,936.803078839881,1873.606157679762,8.109761986397984,0.0086568481262722,164.17000000000002,7.649999999999991,3.427346722306652,-4.099399282227296,-0.3360262799602651,7.526746004533948,22.39921117542593,4.447551092564481,0.3797997607425714,2.4136754266535263,0.3000000000000113,0.0,0.3000000000000113,5.706298794746799,1.8866058773370693,5.535003911221548,2.561042038246526
2023-11-30 07:43:20,935.36,918.47,939.48346987481,929.1786483850116,78.5,85.91,934.3310591299108,1868.6621182598212,10.304821489798542,0.0110290901475176,164.41,7.409999999999997,-1.374489958269919,-3.5695494616704764,-2.4720197099702546,2.1950595034005573,0.887961615591388,-4.801836680576571,0.5298498205568194,-2.135993430009989,0.2399999999999948,0.0,0.2399999999999948,5.682933236706877,2.317741737224842,5.1778215981158775,2.753689883099162
2023-11-30 07:43:21,959.03,917.49,944.3701024061074,926.2564862887588,78.8,85.91,935.313294347433,1870.626588694866,18.113616117348784,0.0193663622739589,164.70999999999998,7.109999999999999,4.886632531297437,-2.922162096252805,0.982235217522316,7.808794627550242,7.95001700023633,6.261122489567356,0.6473873654176714,3.4542549274925705,0.2999999999999971,0.0,0.2999999999999971,5.678545860414591,2.1158118632115204,6.871620883517166,1.6422235540944616
2023-11-30 07:43:22,939.3,920.45,943.1025768045806,924.804864716569,79.04,85.91,933.9537207605748,1867.9074415211496,18.29771208801162,0.019591668903593,164.95,6.86999999999999,-1.2675256015268133,-1.4516215721896517,-1.3595735868582324,0.1840959706628382,0.1354070401450027,-6.15415813282425,1.4705405240631535,-2.3418088043805483,0.2400000000000091,0.0,0.2400000000000091,5.662041316147521,1.4297392382342369,7.436010297668858,1.5453827698504596
2023-11-30 07:43:23,961.0,917.49,947.5769326034356,922.9761485374268,79.34,85.91,935.276540570431,1870.553081140862,24.600784066008718,0.0263032193929522,165.25,6.569999999999993,4.474355798854845,-1.828716179142248,1.3228198098562416,6.303071977997092,4.764872105906833,5.741881400381658,-0.3770946069525962,2.682393396714474,0.2999999999999971,0.0,0.2999999999999971,5.659767230926861,1.1040889611705615,6.6773033311023005,1.588477602701186
2023-11-30 07:43:24,917.61,915.51,940.0851994525766,921.1096114030702,79.37,85.91,930.5974054278232,1861.194810855647,18.975588049506428,0.0203907596544308,165.28,6.539999999999992,-7.491733150858863,-1.8665371343565769,-4.67913514260772,5.625196016502287,1.2021868663490778,-11.966088949713708,-0.0378209552143289,-6.0019549524639615,0.0300000000000011,0.0,0.0300000000000011,5.630429572830311,1.9357128585587229,5.094661959831246,2.4933004852913307
2023-11-30 07:43:25,913.67,946.13,933.4813995894324,927.3647085523028,79.37,86.01,930.4230540708676,1860.8461081417352,6.11669103712984,0.0065740965937951,165.38,6.640000000000001,-6.603799863144104,6.255097149232483,-0.1743513569557535,12.858897012376588,73.75235549950075,0.887933287714759,8.12163428358906,4.504783785651966,0.0,0.1000000000000085,0.1000000000000085,5.62597078513059,2.438905460039977,6.760206025088983,2.4203967639691486
2023-11-30 07:43:26,914.66,959.97,928.7760496920744,935.516031414227,79.37,86.24,932.1460405531508,1864.292081106301,6.739981722152606,0.0072306070311926,165.61,6.86999999999999,-4.705349897358133,8.151322861924314,1.7229864822830905,12.856672759282446,7.461849195936334,1.8984499657859717,1.8962257126918305,1.897337839238844,0.0,0.2299999999999897,0.2299999999999897,5.62856128811418,2.114190609635692,8.154474872033303,2.57319741588848
2023-11-30 07:43:27,908.74,957.99,923.7670372690555,941.1345235606702,79.37,86.51,932.450780414863,1864.901560829726,17.36748629161457,0.0186256332642692,165.88,7.140000000000001,-5.009012423018703,5.618492146443259,0.304739861712278,10.627504569461962,34.87390732489282,-0.3036625256605703,-2.5328307154810545,-1.4182466205708124,0.0,0.2700000000000102,0.2700000000000102,5.621236886867773,1.952850206978616,8.069056347338897,2.563412724899172
2023-11-30 07:43:28,913.67,968.87,921.2427779517918,948.0683926705026,79.37,86.82,934.6555853111472,1869.3111706222944,26.825614718710767,0.0287010692618708,166.19,7.449999999999989,-2.524259317263841,6.933869109832358,2.2048048962842586,9.4581284270962,4.289778271654618,2.484753105754862,1.3153769633890988,1.9000650345719805,0.0,0.309999999999988,0.309999999999988,5.624018170089229,1.7114177617859851,8.777617300040951,2.72810833838111
2023-11-30 07:43:29,912.69,976.78,919.1045834638438,955.2462945028768,79.37,87.12,937.1754389833604,1874.3508779667209,36.14171103903311,0.0385645093726259,166.49,7.75,-2.138194487947999,7.177901832374346,2.5198536722132303,9.316096320322345,3.6970768286965776,0.3860648293158419,0.2440327225419878,0.3150487759289717,0.0,0.3000000000000113,0.3000000000000113,5.629019360648334,2.605840889680141,12.974755842075853,1.1883464631169367
2023-11-30 07:43:30,941.28,978.75,924.6484375978828,961.1222208771576,79.58,87.39,942.8853292375202,1885.7706584750404,36.473783279274926,0.0386831591388603,166.97,7.810000000000002,5.543854134038952,5.875926374280766,5.709890254159745,0.3320722402418141,0.0581573668324934,7.682048621986951,-1.3019754580935796,3.190036581946515,0.2099999999999937,0.269999999999996,0.0600000000000022,5.647034339045852,4.414535184947618,12.751279386974918,1.988313494532958
2023-11-30 07:43:31,944.23,980.73,929.543828198412,966.0241656578684,79.81,87.69,947.78399692814,1895.5679938562805,36.48033745945611,0.03849013861724,167.5,7.8799999999999955,4.895390600529368,4.901944780710551,4.898667690619959,0.0065541801811832,0.0013379513078182,-0.6484635335095845,-0.9739815935702154,-0.8112225635397863,0.2300000000000039,0.2999999999999971,0.0699999999999931,5.658411888177482,6.27194441034927,8.50174933105135,2.1791253683427403
2023-11-30 07:43:32,946.21,979.74,933.7103711488091,969.4531242434012,80.01,87.96,951.5817476961053,1903.1634953922105,35.74275309459199,0.0375614109282446,167.97,7.949999999999989,4.166542950397002,3.4289585855328824,3.797750767964999,0.7375843648641194,0.1942160546368066,-0.7288476501323657,-1.4729861951776684,-1.1009169226549602,0.2000000000000028,0.269999999999996,0.0699999999999931,5.665188676733443,7.06987320058338,4.207543352647292,1.5028928845816634
2023-11-30 07:43:33,952.12,953.05,938.3127783616068,965.3523431825508,80.25,88.2,951.8325607720788,1903.6651215441575,27.03956482094395,0.0284079006192044,168.45,7.950000000000003,4.602407212797743,-4.100781060850295,0.2508130759737241,8.703188273648038,34.699760130527146,0.4358642624007416,-7.529739646383177,-3.5469376919912747,0.2399999999999948,0.2400000000000091,1.4210854715202004e-14,5.650534610398007,6.237273349855084,4.112115051186552,2.146251108596529
2023-11-30 07:43:34,954.1,948.11,942.2595837712051,961.0417573869132,80.45,88.2,951.6506705790592,1903.3013411581185,18.782173615708075,0.0197364160785418,168.65,7.75,3.946805409598255,-4.310585795637621,-0.1818901930197398,8.257391205235876,45.39742176708764,-0.6556018031994881,-0.2098047347873262,-0.432703268993464,0.2000000000000028,0.0,0.2000000000000028,5.642755202705627,3.888280384310604,7.864542111736867,2.702416883311332
2023-11-30 07:43:35,955.08,948.11,945.4646878284038,957.808818040185,80.69,88.2,951.6367529342943,1903.273505868589,12.344130211781136,0.0129714727397271,168.89,7.510000000000005,3.205104057198696,-3.2329393467282443,-0.0139176447646605,6.43804340392694,462.54815125917696,-0.7417013523995593,1.0776464489093769,0.1679725482550793,0.2399999999999948,0.0,0.2399999999999948,5.634654196812365,1.7428565008779238,10.540267378932274,2.408244051006984
2023-11-30 07:43:36,953.11,946.13,947.3760158713028,954.8891135301388,80.89,88.2,951.1325647007208,1902.2651294014415,7.513097658835818,0.0078991067383974,169.09,7.310000000000002,1.911328042899072,-2.9197045100462446,-0.5041882335735863,4.831032552945317,9.581784439750887,-1.293776014299624,0.3132348366819997,-0.4902705888089258,0.2000000000000028,0.0,0.2000000000000028,5.625007741887238,0.2604516205233713,11.324792095754376,1.7699378793598597
2023-11-30 07:43:37,959.03,944.16,950.2895119034772,952.206835147604,81.12,88.2,951.2481735255406,1902.496347051081,1.917323244126805,0.0020155867790055,169.32,7.079999999999998,2.9134960321742938,-2.6822783825347187,0.1156088248196738,5.5957744147090125,48.40223937227829,1.0021679892752218,0.2374261275115259,0.6197970583932602,0.2300000000000039,0.0,0.2300000000000039,5.618049656906987,0.2959834555773686,9.779529062696264,0.2921907647533735
2023-11-30 07:43:38,959.03,944.16,952.4746339276078,950.195126360703,81.33,88.2,951.3348801441554,1902.6697602883107,2.27950756690484,0.0023961147773361,169.53,6.8700000000000045,2.185122024130578,-2.0117087869010675,0.0867066186148122,4.196830811031646,48.40209981634421,-0.7283740080437155,0.6705695956336513,-0.0289022062048616,0.2099999999999937,0.0,0.2099999999999937,5.611601926104839,0.2332913168751991,7.132284986780835,0.2543765686105754
2023-11-30 07:43:39,963.96,941.19,955.3459754457058,947.9438447705272,81.56,88.2,951.6449101081164,1903.289820216233,7.402130675178569,0.0077782485765193,169.76,6.640000000000001,2.8713415180980064,-2.251281590175722,0.3100299639611421,5.122623108273729,16.522940298685054,0.6862194939674282,-0.2395728032746547,0.2233233453463299,0.2300000000000039,0.0,0.2300000000000039,5.605825309273629,0.2317568491098841,4.318264670228176,0.304710869409971
2023-11-30 07:43:40,964.95,964.91,957.7469815842794,952.1853835778954,81.8,88.27,954.9661825810874,1909.9323651621748,5.561598006383974,0.0058238690563137,170.07,6.469999999999999,2.4010061385736208,4.241538807368215,3.321272472970918,1.8405326687945944,0.554164745472831,-0.4703353795243856,6.492820397543937,3.011242509009776,0.2399999999999948,0.0699999999999931,0.1700000000000017,5.615135984982369,1.6327164007794184,2.7057327599478764,1.5153414034996535
2023-11-30 07:43:41,966.92,979.74,960.0402361882096,959.0740376834216,82.03,88.5,959.5571369358156,1919.114273871631,0.9661985047880536,0.0010069212833604,170.53,6.469999999999999,2.2932546039301087,6.8886541055260295,4.590954354728069,4.595399501595921,1.0009680222359982,-0.107751534643512,2.6471152981578143,1.2696818817571511,0.2300000000000039,0.2300000000000039,0.0,5.626910991080188,3.596014537378719,2.7300578079319786,2.123089215900213
