time,force_left_raw,force_right_raw,force_left,force_right,dis_left,dis_right,force_avg,force_sum,force_diff,force_diff_ratio,total_delta_dis,dis_diff,left_force_rate,right_force_rate,force_rate,force_rate_diff,force_rate_ratio,left_force_acc,right_force_acc,force_acc,left_dis_rate,right_dis_rate,dis_rate_diff,stiffness_ratio,force_std_5s,force_diff_std_5s,force_rate_std_5s
2025-11-05 08:56:10,365.43,434.96,365.43,434.96,0.37,0.47,400.195,800.39,69.52999999999997,0.1737403011688293,0.84,0.0999999999999999,0.0,0.0,0.0,0.0,0.0,0.0,0.0,0.0,0.0,0.0,0.0,476.4220518785097,0.0,0.0,0.0
2025-11-05 08:56:11,434.96,370.27,382.8125,418.7875,0.86,0.68,400.8,801.5999999999999,35.974999999999966,0.089757983807989,1.54,0.1799999999999999,17.382499999999993,-16.172500000000014,0.6049999999999613,33.55500000000001,55.46271824344447,17.382499999999993,-16.172500000000014,0.6049999999999613,0.49,0.21,0.2799999999999999,260.2595712600186,0.0,0.0,0.0
2025-11-05 08:56:12,391.27,376.73,384.926875,408.273125,1.29,0.93,396.6,793.2,23.34625,0.0588659857315532,2.22,0.36,2.1143749999999955,-10.514374999999973,-4.199999999999932,12.628749999999968,3.0068445221799167,-15.268124999999998,5.658125000000041,-4.804999999999893,0.43,0.25,0.18,178.64856817632062,0.0,0.0,0.0
2025-11-05 08:56:13,441.44,388.04,399.05515625,403.21484375,1.59,1.17,401.135,802.27,4.159687500000018,0.0103697944323737,2.76,0.4200000000000001,14.128281249999986,-5.058281249999993,4.534999999999968,19.18656249999998,4.230773598506398,12.013906249999993,5.45609374999998,8.7349999999999,0.3,0.2399999999999998,0.0600000000000001,145.33871545698716,0.0,0.0,0.0
2025-11-05 08:56:14,388.04,392.89,396.3013671875,400.6336328125,1.94,1.4,398.4675,796.935,4.332265624999991,0.0108723186059783,3.34,0.54,-2.7537890625000045,-2.581210937500032,-2.667500000000018,0.1725781249999727,0.0646965549403623,-16.88207031249999,2.4770703124999613,-7.202499999999986,0.3499999999999998,0.2299999999999999,0.1199999999999998,119.3016109875416,1.8910317950790592,27.09755224498473,3.357489947862807
2025-11-05 08:56:15,388.04,434.96,394.23602539062495,409.215224609375,2.2,1.61,401.725625,803.45125,14.979199218750068,0.0372871389059707,3.810000000000001,0.5900000000000001,-2.065341796875032,8.581591796875045,3.258125000000007,10.646933593750076,3.2678090392299297,0.6884472656249727,11.162802734375076,5.925625000000025,0.2600000000000002,0.2100000000000002,0.05,105.43976891344646,2.150059864718863,13.49795884264391,3.736128416807272
2025-11-05 08:56:16,394.5,428.48,394.3020190429687,414.0314184570312,2.46,1.8,404.16671875,808.3334375,19.729399414062527,0.0488150024481636,4.26,0.6599999999999999,0.0659936523437636,4.816193847656223,2.441093749999993,4.750200195312459,1.945930282023044,2.1313354492187955,-3.765397949218823,-0.8170312500000136,0.2599999999999998,0.1899999999999999,0.0699999999999998,94.87479433690274,2.943570704299584,8.78989704492613,3.8609953196550553
2025-11-05 08:56:17,397.74,422.0,395.1615142822265,416.0235638427735,2.72,2.01,405.5925390625,811.185078125,20.86204956054695,0.0514359794618811,4.73,0.7100000000000004,0.8594952392577966,1.9921453857422196,1.4258203125000364,1.1326501464844227,0.7943843569699719,0.7935015869140329,-2.8240484619140034,-1.0152734374999568,0.2600000000000002,0.2099999999999997,0.0500000000000004,85.74893304726574,2.768871145053053,8.125867189868524,2.7438982427986445
2025-11-05 08:56:18,407.44,428.48,398.2311357116699,419.1376728820801,3.0,2.27,408.68440429687496,817.3688085937499,20.906537170410218,0.0511557008279368,5.27,0.73,3.069621429443373,3.1141090393066406,3.09186523437495,0.0444876098632676,0.0143885946192174,2.2101261901855764,1.1219636535644213,1.6660449218749136,0.2799999999999998,0.2600000000000002,0.0199999999999995,77.54920811151175,3.870312889075006,7.047500805664291,2.443551033099856
2025-11-05 08:56:19,478.75,459.27,418.3608517837524,429.17075466156007,3.54,2.81,423.76580322265625,847.5316064453125,10.809902877807644,0.0255091438952631,6.35,0.73,20.129716072082545,10.033081779479971,15.081398925781286,10.096634292602571,0.6694759334206517,17.06009464263917,6.918972740173331,11.989533691406336,0.54,0.54,0.0,66.73476165163694,8.743421359237198,4.443558942112863,5.6483332889546505
2025-11-05 08:56:20,494.99,507.99,437.5181388378143,448.87556599617005,4.24,3.32,443.1968524169922,886.3937048339844,11.357427158355732,0.025626145742668,7.56,0.9200000000000004,19.157287054061896,19.704811334609985,19.43104919433597,0.5475242805480889,0.0281778017694426,-0.972429018020648,9.671729555130014,4.349650268554683,0.7000000000000002,0.5099999999999998,0.1900000000000004,58.62391452289387,16.55287403717823,5.182319343440633,8.345556580364292
2025-11-05 08:56:21,501.49,521.0,453.5111041283607,466.90667449712754,4.92,3.84,460.2088893127441,920.4177786254884,13.395570368766812,0.0291075871212822,8.76,1.08,15.992965290546408,18.031108500957487,17.01203689575192,2.0381432104110786,0.1198059411165562,-3.1643217635154883,-1.6737028336524986,-2.4190122985840503,0.6799999999999997,0.52,0.1599999999999997,52.53525533989599,23.243559408188798,5.038925609305343,8.334735802771714
2025-11-05 08:56:22,516.12,524.25,469.16332809627056,481.2425058728456,5.62,4.38,475.2029169845581,950.4058339691162,12.07917777657508,0.0254189890664088,10.0,1.2400000000000002,15.652223967909832,14.3358313757181,14.994027671813967,1.3163925921917323,0.0877944561134733,-0.3407413226365747,-3.695277125239386,-2.018009223937952,0.7000000000000002,0.54,0.1600000000000001,47.52028694642712,26.821728186416408,4.138047736325991,6.318291289066906
2025-11-05 08:56:23,521.0,522.63,482.1224960722029,491.5893794046342,6.3,4.89,486.85593773841856,973.7118754768372,9.46688333243128,0.0194449375660542,11.19,1.41,12.95916797593236,10.34687353178856,11.65302075386046,2.6122944441437994,0.2241731371760623,-2.6930559919774737,-3.988957843929541,-3.341006917953507,0.6799999999999997,0.5099999999999998,0.1699999999999999,43.50812280878426,25.12210002149148,1.460152058647254,2.867040987073505
2025-11-05 08:56:24,525.88,516.12,493.0618720541522,497.7220345534756,7.0,5.41,495.3919533038139,990.7839066076278,4.660162499323405,0.009407020963577,12.41,1.59,10.939375981949295,6.132655148841423,8.53601556539536,4.806720833107875,0.5631105324460255,-2.019791993983062,-4.214218382947138,-3.1170051884651,0.7000000000000002,0.5200000000000005,0.1799999999999997,39.91876820185703,20.89644652265124,3.402555793944632,4.312520066362643
2025-11-05 08:56:25,540.53,509.62,504.92890404061416,500.6965259151067,7.68,5.93,502.8127149778604,1005.6254299557208,4.232378125507466,0.008417404713555,13.61,1.75,11.86703198646194,2.974491361631067,7.420761674046503,8.892540624830872,1.1983324377064084,0.9276560045126416,-3.158163787210356,-1.115253891348857,0.6799999999999997,0.5199999999999996,0.1600000000000001,36.94435547637803,16.846455175455336,4.192640326387008,4.097078521210385
2025-11-05 08:56:26,551.94,522.63,516.6816780304606,506.1798944363301,8.36,6.44,511.43078623339534,1022.8615724667908,10.50178359413053,0.0205341247658169,14.8,1.919999999999999,11.752773989846446,5.483368521223383,8.618071255534915,6.269405468623063,0.7274719081864937,-0.1142579966154926,2.5088771595923163,1.1973095814884118,0.6799999999999997,0.5100000000000007,0.169999999999999,34.556131870085366,14.028788318340666,3.5434087896684483,3.0854347912493845
2025-11-05 08:56:27,568.24,573.13,529.5712585228455,522.9174208272476,9.04,6.96,526.2443396750466,1052.4886793500932,6.653837695597872,0.0126440080800918,16.0,2.079999999999999,12.88958049238488,16.737526390917537,14.813553441651266,3.847945898532657,0.2597584471498204,1.136806502538434,11.254157869694154,6.195482186116351,0.6799999999999997,0.5199999999999996,0.1600000000000001,32.89026917404859,15.14890565572958,2.8084402301540403,3.016260512865399
2025-11-05 08:56:28,576.39,597.61,541.2759438921341,541.5905656204358,9.72,7.47,541.4332547562849,1082.8665095125698,0.3146217283016312,0.0005810905129241,17.19,2.250000000000001,11.704685369288654,18.67314479318816,15.188915081238292,6.968459423899503,0.4587858268903802,-1.1848951230962257,1.93561840227062,0.3753616395870267,0.6800000000000015,0.5099999999999998,0.1700000000000017,31.496987973199357,18.5055855825692,3.7178914859952346,3.761988106744095
2025-11-05 08:56:29,587.82,600.88,552.9119579191006,556.4129242153268,10.4,7.99,554.6624410672136,1109.3248821344273,3.5009662962262382,0.00631188634871,18.39,2.41,11.63601402696645,14.822358594891057,13.229186310928752,3.186344567924607,0.240857166282039,-0.0686713423222045,-3.850786198297101,-1.959728770309539,0.6799999999999997,0.5200000000000005,0.1599999999999992,30.161088140626724,21.219237542462288,3.800842906746177,3.601964374102067
2025-11-05 08:56:30,597.61,600.88,564.0864684393255,567.5296931614952,11.06,8.5,565.8080808004104,1131.6161616008208,3.4432247221697025,0.0060854993644016,19.56,2.5600000000000005,11.174510520224883,11.11676894616835,11.145639733196733,0.0577415740565356,0.0051806419602737,-0.4615035067415647,-3.7055896487227074,-2.0835465777320223,0.6600000000000001,0.5099999999999998,0.1500000000000003,28.926792018078643,21.72832905131232,3.858744782960572,2.737201653482192
2025-11-05 08:56:31,604.15,597.61,574.1023513294941,575.0497698711214,11.74,9.02,574.5760606003078,1149.1521212006155,0.9474185416272576,0.0016489001281893,20.76,2.7200000000000006,10.015882890168657,7.52007670962621,8.767979799897375,2.495806180542445,0.284650050849981,-1.1586276300562304,-3.59669223654214,-2.3776599332993555,0.6799999999999997,0.5199999999999996,0.1600000000000001,27.67707287684176,19.24159632099202,2.5108950723587795,2.6829786256176
2025-11-05 08:56:32,612.31,589.45,583.6542634971206,578.6498274033411,12.39,9.54,581.1520454502308,1162.3040909004617,5.004436093779532,0.0086112337112936,21.93,2.8500000000000014,9.551912167626485,3.6000575322196937,6.575984849923088,5.951854635406789,0.9050893312789596,-0.4639707225421716,-3.920019177406516,-2.191994949974287,0.6500000000000004,0.5199999999999996,0.1300000000000007,26.50032006155544,15.848038355845802,1.9525101984506776,3.431093582064349
2025-11-05 08:56:33,625.39,604.14,594.0881976228404,585.0223705525058,13.07,10.05,589.555284087673,1179.110568175346,9.065827070334649,0.0153773993714371,23.12,3.02,10.433934125719816,6.372543149164699,8.4032386374422,4.061390976555117,0.4833125260951542,0.8820219580933326,2.772485616945005,1.827253787519112,0.6799999999999997,0.5100000000000016,0.1699999999999981,25.499794921621024,13.517519520850874,2.9907772302273696,2.589699800793036
2025-11-05 08:56:34,635.21,658.13,604.3686482171304,603.2992779143793,13.73,10.57,603.8339630657549,1207.6679261315098,1.0693703027510535,0.0017709674619008,24.3,3.16,10.28045059428996,18.276907361873555,14.27867897808187,7.996456767583595,0.5600277322454426,-0.1534835314298561,11.904364212708856,5.875440340639671,0.6600000000000001,0.5199999999999996,0.1400000000000005,24.84913325994328,14.55132666864686,3.3482909997292887,2.96958370004758
2025-11-05 08:56:35,653.21,679.43,616.5789861628477,622.3319584357845,14.39,11.08,619.4554722993162,1238.9109445986323,5.752972272936745,0.0092871441466091,25.47,3.3100000000000005,12.210337945717356,19.032680521405155,15.621509233561255,6.822342575687799,0.4367274657626045,1.9298873514273964,0.7557731595316,1.3428302554793845,0.6600000000000001,0.5099999999999998,0.1500000000000003,24.320983430637327,18.07204603530125,3.4268831929997368,3.969860428327759
2025-11-05 08:56:36,651.58,676.15,625.3292396221358,635.7864688268384,15.04,11.6,630.5578542244871,1261.115708448974,10.457229204702571,0.0165840915596549,26.64,3.4399999999999995,8.750253459288047,13.454510391053873,11.102381925170905,4.704256931765826,0.423715968317082,-3.460084486429309,-5.578170130351282,-4.5191273083903525,0.6499999999999986,0.5199999999999996,0.129999999999999,23.66958823404275,20.437396770898,3.683240975474913,3.815785023225785
2025-11-05 08:56:37,671.24,666.32,636.8069297166019,643.4198516201288,15.7,12.11,640.1133906683654,1280.2267813367307,6.612921903526967,0.0103308601094742,27.81,3.59,11.477690094466084,7.63338279329048,9.555536443878282,3.844307301175604,0.4023119917381983,2.727436635178037,-5.821127597763393,-1.5468454812926211,0.6600000000000001,0.5099999999999998,0.1500000000000003,23.0173810733903,20.311265785710734,3.614680505957519,3.074482023341452
2025-11-05 08:56:38,681.07,664.68,647.8726972874514,648.7348887150966,16.33,12.61,648.303793001274,1296.607586002548,0.8621914276452571,0.0013299188368525,28.94,3.719999999999999,11.065767570849516,5.315037094967806,8.190402332908661,5.75073047588171,0.702130315460234,-0.4119225236165675,-2.3183456983226733,-1.3651341109696205,0.629999999999999,0.5,0.129999999999999,22.401650677250288,17.474993482569946,4.046884870576298,3.1340315767645546
2025-11-05 08:56:39,689.27,661.4,658.2220229655885,651.9011665363225,16.99,13.12,655.0615947509555,1310.123189501911,6.320856429265973,0.0096492550780966,30.11,3.869999999999999,10.34932567813712,3.16627782122589,6.757801749681448,7.18304785691123,1.0629265344049628,-0.7164418927123961,-2.1487592737419163,-1.432600583227213,0.6600000000000001,0.5099999999999998,0.1500000000000003,21.75561517752708,14.12956711804109,3.420658061636027,3.4095174557731664
2025-11-05 08:56:40,700.76,694.19,668.8565172241913,662.4733749022419,17.64,13.64,665.6649460632166,1331.3298921264332,6.383142321949435,0.0095891219000048,31.28,4.0,10.634494258602786,10.572208365919323,10.603351312261111,0.0622858926834624,0.0058741698709226,0.2851685804656654,7.405930544693433,3.845549562579663,0.6500000000000021,0.5200000000000014,0.1300000000000007,21.280847978975977,13.494609803373894,3.4208333491116494,1.7811303959473497
2025-11-05 08:56:41,705.68,740.19,678.0623879181435,681.9025311766814,18.28,14.15,679.9824595474124,1359.9649190948248,3.840143258537864,0.0056474151633946,32.43,4.130000000000001,9.205870693952193,19.42915627443949,14.317513484195842,10.2232855804873,0.7140405265014476,-1.428623564650593,8.85694790852017,3.7141621719347313,0.6400000000000006,0.5099999999999998,0.1300000000000007,20.96769776687372,15.527464892798957,2.476571061027984,2.8689188185259957
2025-11-05 08:56:42,725.4,746.77,689.8967909386076,698.119398382511,18.91,14.67,694.0080946605593,1388.0161893211186,8.222607443903371,0.0118479993177558,33.58,4.24,11.834403020464151,16.216867205829658,14.025635113146905,4.382464185365507,0.312460992857045,2.6285323265119587,-3.2122890686098344,-0.2918783710489379,0.629999999999999,0.5199999999999996,0.1099999999999994,20.66730416894745,18.567246357502693,2.847391667945224,3.389817212261236
2025-11-05 08:56:43,735.26,736.9,701.2375932039558,707.8145487868833,19.54,15.16,704.5260709954196,1409.0521419908391,6.57695558292744,0.0093352905511354,34.7,4.379999999999999,11.340802265348202,9.69515040437227,10.517976334860236,1.6456518609759314,0.1564608677679565,-0.4936007551159491,-6.521716801457387,-3.507658778286668,0.629999999999999,0.4900000000000002,0.1399999999999988,20.30334440034799,20.15600686122896,1.5673609172752192,3.092227912322268
2025-11-05 08:56:44,735.26,720.47,709.7431949029669,710.9784115901625,20.18,15.68,710.3608032465647,1420.7216064931297,1.2352166871955887,0.00173885816871,35.86,4.5,8.505601699011095,3.163862803279244,5.834732251145169,5.341738895731851,0.9155069590685128,-2.835200566337108,-6.531287601093027,-4.683244083715067,0.6400000000000006,0.5199999999999996,0.120000000000001,19.809280073543917,18.234947242856386,2.738036966826281,3.4355540427840503
2025-11-05 08:56:45,755.0,725.4,721.0573961772252,714.5838086926219,20.81,16.19,717.8206024349236,1435.6412048698471,6.473587484603286,0.0090183918567199,37.0,4.619999999999997,11.314201274258266,3.605397102459392,7.459799188358829,7.708804171798874,1.0333794441074469,2.808599575247172,0.4415342991801481,1.62506693721366,0.629999999999999,0.5100000000000016,0.1199999999999974,19.400556298226142,14.773604549448605,2.747663220141559,3.807481613167222
2025-11-05 08:56:46,763.23,768.17,731.6005471329189,727.9803565194665,21.44,16.68,729.7904518261927,1459.5809036523854,3.62019061345245,0.0049605891656061,38.120000000000005,4.760000000000002,10.543150955693704,13.39654782684454,11.969849391269122,2.853396871150835,0.2383819995972647,-0.7710503185645621,9.791150724385147,4.510050202910293,0.6300000000000026,0.4899999999999984,0.1400000000000041,19.144554897209805,13.511044117352814,2.777867280457258,3.322237437408368
2025-11-05 08:56:47,774.76,802.78,742.3904103496891,746.6802673895997,22.07,17.2,744.5353388696444,1489.0706777392888,4.2898570399106575,0.0057617910261475,39.27,4.870000000000001,10.789863216770186,18.69991087013329,14.74488704345174,7.910047653363108,0.5364603400210957,0.2467122610764818,5.303363043288755,2.7750376521826183,0.629999999999999,0.5199999999999996,0.1099999999999994,18.95939189993004,16.008191630058988,2.217392620068677,3.5499661074010493
2025-11-05 08:56:48,781.35,804.43,752.1303077622669,761.1177005421997,22.71,17.71,756.6240041522333,1513.2480083044666,8.987392779932861,0.0118782813111045,40.42,5.0,9.73989741257776,14.437433152599963,12.088665282588863,4.697535740022204,0.3885900752168168,-1.049965804192425,-4.262477717533329,-2.656221760862877,0.6400000000000006,0.5100000000000016,0.129999999999999,18.71904961487342,18.957304615481863,2.9420028447206112,3.6632838143908697
2025-11-05 08:56:49,794.54,794.54,762.7327308217001,769.4732754066498,23.32,18.21,766.103003114175,1532.20600622835,6.740544584949703,0.0087984834268384,41.53,5.109999999999999,10.60242305943325,8.355574864450091,9.47899896194167,2.2468481949831585,0.237034307838832,0.862525646855488,-6.081858288149874,-2.609666320647193,0.6099999999999994,0.5,0.1099999999999994,18.446977718930828,19.55895272428056,2.1379194901253253,2.778770983874672
2025-11-05 08:56:50,802.78,779.7,772.7445481162752,772.0299565549874,23.93,18.7,772.3872523356313,1544.7745046712623,0.7145915612877616,0.0009251726490846,42.63,5.23,10.011817294575051,2.5566811483375886,6.284249221456321,7.455136146237464,1.1863207039056762,-0.5906057648581964,-5.798893716112502,-3.1947497404853493,0.6099999999999994,0.4899999999999984,0.120000000000001,18.118396298785715,17.081264992567586,3.147136304251062,3.188423199987361
2025-11-05 08:56:51,807.73,787.94,781.4909110872064,776.0074674162405,24.56,19.21,778.7491892517235,1557.498378503447,5.483443670965926,0.0070413475090657,43.77,5.349999999999998,8.746362970931273,3.977510861253109,6.361936916092191,4.768852109678164,0.7495911108493531,-1.2654543236437803,1.4208297129155198,0.0776876946358697,0.629999999999999,0.5100000000000016,0.1199999999999974,17.791847645873336,13.463587736350853,3.071477437070872,3.673328841133365
2025-11-05 08:56:52,824.24,845.72,792.1781833154048,793.4356005621803,25.17,19.71,792.8068919387925,1585.613783877585,1.2574172467755034,0.0015860321825841,44.88,5.460000000000001,10.687272228198369,17.428133145939796,14.057702687069082,6.740860917741429,0.4795136579768701,1.9409092572670943,13.450622284686688,7.695765770976891,0.610000000000003,0.5,0.1100000000000029,17.665037305564958,13.609972477962968,3.566305899531564,3.447597603157305
2025-11-05 08:56:53,835.8,868.87,803.0836374865537,812.2942004216352,25.78,20.22,807.6889189540944,1615.377837908189,9.210562935081498,0.0114036019407137,46.0,5.560000000000002,10.905454171148904,18.8585998594549,14.8820270153019,7.953145688305994,0.5344127614951715,0.2181819429505367,1.430466713515102,0.8243243282328194,0.6099999999999994,0.509999999999998,0.1000000000000014,17.55845437816609,16.736411150185695,3.6351029699816495,4.104451214844051
2025-11-05 08:56:54,850.68,870.53,814.9827281149152,826.8531503162264,26.39,20.71,820.9179392155709,1641.8358784311415,11.870422201311271,0.0144599376134892,47.1,5.68,11.899090628361478,14.558949894591253,13.22902026147642,2.6598592662297733,0.2010624379276959,0.993636457212574,-4.299649964863647,-1.6530067538254798,0.6099999999999994,0.490000000000002,0.1199999999999974,17.429255239624535,20.07350775983585,4.874311033041371,4.275841894950224
2025-11-05 08:56:55,862.25,857.29,826.7995460861864,834.4623627371698,27.0,21.21,830.6309544116781,1661.2619088233562,7.662816650983359,0.0092252962655184,48.21,5.789999999999999,11.816817971271234,7.609212420943322,9.713015196107222,4.207605550327912,0.4331924775348603,-0.0822726570902432,-6.949737473647929,-3.5160050653692,0.6099999999999994,0.5,0.1099999999999994,17.22943242443986,20.908251996471098,4.008651488063698,3.5514732583902737
2025-11-05 08:56:56,863.91,850.68,836.0771595646397,838.5167720528773,27.61,21.7,837.2969658087585,1674.593931617517,2.439612488237572,0.0029136764910731,49.31,5.91,9.277613478453304,4.054409315707517,6.6660113970804105,5.223204162745788,0.7835575230903341,-2.5392044928179303,-3.5548031052358056,-3.047003799026811,0.6099999999999994,0.4899999999999984,0.120000000000001,16.98026665642855,17.897993425014896,4.51418456361483,3.439137035364904
2025-11-05 08:56:57,868.87,858.94,844.2753696734798,843.622579039658,28.19,22.21,843.9489743565689,1687.8979487131378,0.6527906338217235,0.0007734953805067,50.400000000000006,5.98,8.198210108840044,5.105806986780749,6.6520085478103965,3.092403122059295,0.4648825441143877,-1.07940336961326,1.0513976710732322,-0.0140028492700139,0.5800000000000018,0.5100000000000016,0.0700000000000002,16.745019000229163,14.233534981299025,4.69385790002016,3.7552222378762674
2025-11-05 08:56:58,883.77,923.56,854.1490272551098,863.6069342797435,28.8,22.71,858.8779807674266,1717.7559615348532,9.457907024633757,0.0110119332727228,51.510000000000005,6.09,9.873657581630027,19.984355240085502,14.92900641085771,10.11069765845548,0.6772518346465604,1.6754474727899833,14.878548253304755,8.276997863047313,0.6099999999999994,0.5,0.1099999999999994,16.674004350483834,14.29435732823573,4.732459957064335,3.769807339046467
2025-11-05 08:56:59,892.05,923.56,863.6242704413323,878.5952007098076,29.39,23.2,871.10973557557,1742.21947115114,14.970930268475286,0.017186044007874,52.59,6.190000000000001,9.475243186222542,14.988266430064073,12.231754808143364,5.5130232438415305,0.4507139719198124,-0.3984143954074852,-4.996088810021433,-2.6972516027143456,0.5899999999999999,0.4899999999999984,0.1000000000000014,16.56417035579767,16.46469316054921,5.7248097740073485,3.594278912355138
2025-11-05 08:57:00,900.34,928.53,872.8032028309992,891.0789005323556,30.0,23.69,881.9410516816774,1763.8821033633549,18.27569770135642,0.0207221306296904,53.69,6.309999999999999,9.178932389666898,12.483699822548031,10.831316106107463,3.3047674328811354,0.3051122407835029,-0.2963107965556446,-2.50456660751604,-1.400438702035899,0.6099999999999994,0.490000000000002,0.1199999999999974,16.42654191199731,18.50568267216485,7.656497590219385,3.603754153212365
2025-11-05 08:57:01,915.26,916.92,883.4174021232495,897.5391753992667,30.58,24.18,890.4782887612581,1780.9565775225162,14.121773276017166,0.0158586384849464,54.76,6.399999999999999,10.614199292250303,6.46027486691105,8.537237079580677,4.153924425339255,0.4865653723860169,1.4352669025834075,-6.023424955636983,-2.294079026526788,0.5799999999999983,0.4899999999999984,0.0899999999999998,16.261473201237855,18.45860291286147,6.831235956293124,3.2129223134822764
2025-11-05 08:57:02,925.21,908.63,893.8655515924372,900.31188154945,31.17,24.68,897.0887165709437,1794.1774331418874,6.446329957012836,0.0071858332746259,55.85,6.490000000000002,10.448149469187683,2.772706150183353,6.610427809685575,7.67544331900433,1.1611112591906745,-0.1660498230626217,-3.687568716727697,-1.9268092698951025,0.5900000000000034,0.5,0.0900000000000034,16.062465541781165,15.253787235739267,4.687114933035571,3.225840934949453
2025-11-05 08:57:03,931.85,945.14,903.3616636943278,911.5189111620876,31.75,25.17,907.4402874282076,1814.8805748564157,8.157247467759703,0.0089892939202523,56.92,6.579999999999998,9.496112101890615,11.207029612637484,10.35157085726405,1.7109175107468673,0.1652809384254294,-0.9520373672970665,8.434323462454131,3.741143047578476,0.5799999999999983,0.490000000000002,0.0899999999999963,15.942380033131196,13.925487565243952,4.93824331439604,2.1800745759492823
2025-11-05 08:57:04,946.8,985.04,914.2212477707458,929.8991833715656,32.34,25.66,922.0602155711556,1844.1204311423116,15.677935600819865,0.0170031580574217,58.0,6.680000000000003,10.859584076417946,18.380272209478107,14.61992814294797,7.520688133060162,0.5144134461614557,1.3634719745273287,7.173242596840623,4.268357285683919,0.5900000000000034,0.4899999999999984,0.1000000000000049,15.897589649544242,15.548943435908718,5.039546623214035,2.983564023624202
2025-11-05 08:57:05,958.43,985.04,925.2734358280592,943.6843875286744,32.93,26.15,934.4789116783668,1868.9578233567336,18.410951700614987,0.0197018375169603,59.08,6.780000000000001,11.052188057313517,13.785204157108636,12.418696107211076,2.7330160997951225,0.2200726917003364,0.1926039808955693,-4.59506805236947,-2.201232035736893,0.5899999999999963,0.4899999999999984,0.0999999999999978,15.817178332112196,18.01761784708579,5.078273444045634,3.1487361470463595
2025-11-05 08:57:06,960.09,970.07,933.9775768710444,950.2807906465058,33.51,26.64,942.1291837587752,1884.25836751755,16.30321377546136,0.017304647854249,60.15,6.869999999999997,8.704141042985157,6.596403117831528,7.650272080408285,2.107737925153629,0.2755114625321507,-2.3480470143283583,-7.188801039277109,-4.768424026802791,0.5799999999999983,0.490000000000002,0.0899999999999963,15.662995313313049,18.602505671413287,5.333005672712202,3.308427082603396
2025-11-05 08:57:07,970.07,953.44,943.0006826532834,951.0705929848792,34.1,27.14,947.0356378190812,1894.071275638163,8.069910331595906,0.0085212319376478,61.24,6.960000000000001,9.023105782238986,0.7898023383735335,4.90645406030626,8.233303443865452,1.6780554071459346,0.318964739253829,-5.806600779457995,-2.743818020102026,0.5900000000000034,0.5,0.0900000000000034,15.46433086797437,16.026495781605426,4.862987636224387,3.8334806976759896
2025-11-05 08:57:08,983.37,975.06,953.0930119899624,957.0679447386595,34.66,27.61,955.080478364311,1910.160956728622,3.9749327486970287,0.0041618825162699,62.27,7.049999999999997,10.092329336679086,5.997351753780208,8.044840545229704,4.094977582898878,0.5090190477806302,1.0692235544401,5.207549415406675,3.138386484923444,0.5599999999999952,0.4699999999999988,0.0899999999999963,15.337730255766514,12.58619945714959,6.160453120779699,3.91689185359029
2025-11-05 08:57:09,988.37,1028.35,961.9122589924718,974.8884585539946,35.25,28.1,968.4003587732332,1936.8007175464663,12.976199561522776,0.0133996228218681,63.35,7.149999999999999,8.819247002509314,17.82051381533506,13.319880408922131,9.001266812825747,0.6757767983426923,-1.2730823341697717,11.823162061554854,5.275039863692427,0.5900000000000034,0.490000000000002,0.1000000000000014,15.28650897374466,12.98433882067098,5.924613960637478,3.5171318734794426
2025-11-05 08:57:10,1008.35,1036.69,973.521694244354,990.338843915496,35.81,28.59,981.930269079925,1963.86053815985,16.817149671142147,0.0171266231254621,64.4,7.220000000000002,11.60943525188202,15.45038536150139,13.529910306691818,3.840950109619371,0.283885830627704,2.7901882493727044,-2.370128453833672,0.2100298977696866,0.5600000000000023,0.4899999999999984,0.0700000000000038,15.247364189946596,16.25777560576518,5.518876250184944,3.790476121589895
2025-11-05 08:57:11,1010.01,1030.02,982.6437706832652,1000.259132936622,36.37,29.08,991.4514518099436,1982.9029036198872,17.615362253356693,0.0177672463976241,65.44999999999999,7.289999999999999,9.12207643891145,9.920289021125996,9.521182730018609,0.7982125822145463,0.0838354352618911,-2.487358812970569,-5.530096340375394,-4.008727576673209,0.5599999999999952,0.4899999999999984,0.0699999999999967,15.148226686962827,18.354581243902587,5.819746095014764,3.653290752709171
2025-11-05 08:57:12,1030.02,1015.01,994.487828012449,1003.9468497024666,36.93,29.55,999.2173388574578,1998.434677714916,9.459021690017607,0.0094664306880092,66.48,7.379999999999999,11.84405732918367,3.687716765844584,7.765887047514184,8.156340563339086,1.050277896543961,2.7219808902722207,-6.232572255281411,-1.7552956825044248,0.5600000000000023,0.4700000000000024,0.0899999999999998,15.030344822910845,17.724478789887257,5.621531102869563,2.8094965729974866
2025-11-05 08:57:13,1036.69,1021.68,1005.0383710093369,1008.38013727685,37.5,30.04,1006.7092541430934,2013.4185082861868,3.341766267513208,0.0033194949290877,67.53999999999999,7.460000000000001,10.55054299688777,4.433287574383371,7.491915285635628,6.1172554225044,0.8165141185884728,-1.2935143322958993,0.7455708085387869,-0.2739717618785562,0.5700000000000003,0.4899999999999984,0.0800000000000018,14.905378134997267,14.973979464746057,5.854549382944191,2.935230237658111
2025-11-05 08:57:14,1040.03,1085.12,1013.7862782570026,1027.5651029576377,38.06,30.51,1020.67569060732,2041.35138121464,13.778824700634914,0.0134997088829817,68.57000000000001,7.550000000000001,8.747907247665808,19.184965680787517,13.966436464226604,10.437058433121706,0.7472956836598461,-1.8026357492219631,14.751678106404142,6.474521178590976,0.5600000000000023,0.4700000000000024,0.0899999999999998,14.885163711858777,14.77077885742619,5.8974177486889,3.1091989966838427
2025-11-05 08:57:15,1051.71,1090.14,1023.267208692752,1043.2088272182282,38.62,31.0,1033.23801795549,2066.47603591098,19.941618525476315,0.0193001207462685,69.62,7.619999999999997,9.480930435749316,15.643724260590716,12.562327348170015,6.162793824841401,0.4905773558879434,0.7330231880835072,-3.5412414201967977,-1.4041091160565884,0.5599999999999952,0.4899999999999984,0.0699999999999967,14.841108921493552,16.768911358934023,6.628821849351695,2.8925384110044066
2025-11-05 08:57:16,1066.74,1076.76,1034.135406519564,1051.5966204136712,39.18,31.47,1042.8660134666177,2085.732026933235,17.46121389410723,0.0167434873242445,70.65,7.710000000000001,10.868197826812091,8.38779319544301,9.627995511127438,2.4804046313690837,0.257624172225487,1.3872673910627782,-7.255931065147706,-2.9343318370425777,0.5600000000000023,0.4699999999999988,0.0900000000000034,14.761019089958928,18.066919704475087,6.601287520167614,2.886090768082946
2025-11-05 08:57:17,1073.42,1056.72,1043.956554889673,1052.8774653102537,39.75,31.96,1048.4170100999631,2096.8340201999263,8.920910420580412,0.0085089333024279,71.71000000000001,7.789999999999999,9.821148370109086,1.2808448965822663,5.550996633345676,8.54030347352682,1.5385168644684577,-1.0470494567030073,-7.106948298860743,-4.076998877781762,0.5700000000000003,0.490000000000002,0.0799999999999983,14.620234213913385,16.910650159824677,6.673295592224535,3.478237400990006
2025-11-05 08:57:18,1090.14,1083.45,1055.5024161672548,1060.52059898269,40.28,32.43,1058.0115075749725,2116.0230151499445,5.018182815435239,0.0047430323533949,72.71000000000001,7.850000000000001,11.545861277581707,7.643133672436534,9.59449747500912,3.9027276051451736,0.4067672338799828,1.7247129074726215,6.362288775854267,4.043500841663445,0.5300000000000011,0.4699999999999988,0.0600000000000022,14.551113918633726,14.32279015773831,6.104107762637535,3.2425074193351957
2025-11-05 08:57:19,1100.18,1126.97,1066.6718121254412,1077.1329492370176,40.85,32.9,1071.9023806812293,2143.8047613624585,10.461137111576363,0.0097594121352436,73.75,7.950000000000003,11.169395958186442,16.612350254327566,13.890873106257004,5.442954296141124,0.3918367018882851,-0.3764653193952654,8.969216581891033,4.296375631247884,0.5700000000000003,0.4699999999999988,0.1000000000000014,14.534269371484202,14.78452295175181,6.181395832638557,3.2210212609786235
2025-11-05 08:57:20,1110.22,1133.67,1077.5588590940808,1091.2672119277631,41.39,33.39,1084.413035510922,2168.826071021844,13.708352833682284,0.0126412652486995,74.78,8.0,10.887046968639652,14.134262690745572,12.510654829692612,3.247215722105921,0.2595559950101916,-0.2823489895467901,-2.478087563581994,-1.380218276564392,0.5399999999999991,0.490000000000002,0.0499999999999971,14.501377654580692,17.051846810500937,4.727913118835368,3.211798504956181
2025-11-05 08:57:21,1121.94,1118.59,1088.6541443205606,1098.0979089458224,41.95,33.86,1093.3760266331915,2186.752053266383,9.443764625261792,0.0086372523144709,75.81,8.090000000000003,11.095285226479746,6.830697018059254,8.962991122269614,4.264588208420491,0.4757996158252352,0.2082382578400938,-7.303565672686318,-3.5476637074229984,0.5600000000000023,0.4699999999999988,0.0900000000000034,14.422582933789853,18.438084813744705,3.124846496056473,3.256674269235571
2025-11-05 08:57:22,1126.97,1100.18,1098.2331082404205,1098.6184317093669,42.49,34.33,1098.4257699748937,2196.851539949788,0.3853234689463534,0.0003507960930344,76.82,8.160000000000004,9.578963919859916,0.5205227635444771,5.049743341702197,9.05844115631544,1.793841537978132,-1.5163213066198296,-6.310174254514777,-3.913247780567417,0.5399999999999991,0.4699999999999988,0.0700000000000002,14.29869507519134,16.427529981323797,5.181894557022527,3.43464432471029
2025-11-05 08:57:23,1125.29,1130.32,1104.997331180315,1106.5438237820251,43.03,34.8,1105.7705774811702,2211.5411549623404,1.546492601709815,0.0013985655178436,77.83,8.230000000000004,6.764222939894808,7.925392072658269,7.344807506276538,1.1611691327634617,0.15809386068693,-2.8147409799651086,7.404869309113792,2.2950641645743417,0.5399999999999991,0.4699999999999988,0.0700000000000002,14.207510770572524,13.103599544987532,5.839279098118373,3.6424031641222143
2025-11-05 08:57:24,1138.7,1189.04,1113.4229983852365,1127.1678678365188,43.57,35.27,1120.2954331108776,2240.5908662217557,13.744869451282284,0.012268968553095,78.84,8.299999999999997,8.425667204921183,20.62404405449365,14.524855629707416,12.198376849572467,0.8398276940388766,1.6614442650263754,12.698651981835384,7.180048123430879,0.5399999999999991,0.4700000000000059,0.0699999999999931,14.20973387748787,13.541347848801236,6.462004126044988,3.837047224723091
2025-11-05 08:57:25,1148.76,1185.68,1122.2572487889274,1141.7959008773892,44.1,35.74,1132.0265748331583,2264.0531496663166,19.53865208846173,0.0172598881559662,79.84,8.36,8.83425040369093,14.628033040870378,11.731141722280654,5.793782637179447,0.4938805003348452,0.4085831987697474,-5.996011013623274,-2.7937139074267634,0.5300000000000011,0.4699999999999988,0.0600000000000022,14.17868938695477,15.963795106480438,8.11662003249954,3.706838504482361
2025-11-05 08:57:26,1167.21,1147.08,1133.4954365916956,1143.116925658042,44.64,36.21,1138.3061811248688,2276.612362249737,9.621489066346385,0.0084524614004871,80.85,8.43,11.238187802768152,1.321024780652806,6.279606291710479,9.917163022115346,1.5792648427564404,2.403937399077222,-13.307008260217572,-5.451535430570175,0.5399999999999991,0.4699999999999988,0.0700000000000002,14.079235213922496,16.89976946792181,8.119810985720473,3.991457156950676
2025-11-05 08:57:27,1177.29,1147.08,1144.4440774437717,1144.1076942435316,45.16,36.68,1144.2758858436516,2288.5517716873032,0.3363832002401068,0.0002939703651083,81.84,8.479999999999997,10.948640852076096,0.9907685854896044,5.96970471878285,9.957872266586492,1.6680675288993607,-0.2895469506920562,-0.3302561951632015,-0.3099015729276289,0.519999999999996,0.4699999999999988,0.0499999999999971,13.981865491957308,15.335837762897103,8.132761719815853,3.7802618642422
2025-11-05 08:57:28,1178.97,1202.49,1153.0755580828288,1158.7032706826487,45.7,37.14,1155.8894143827388,2311.7788287654776,5.627712599819915,0.0048687292442733,82.84,8.560000000000002,8.631480639057145,14.595576439117169,11.613528539087156,5.964095800060022,0.5135472192141866,-2.3171602130189517,13.604807853627564,5.643823820304306,0.5400000000000063,0.4600000000000008,0.0800000000000054,13.953276200259085,13.309012067611274,7.372241926595518,3.746879682996607
2025-11-05 08:57:29,1200.81,1224.36,1165.0091685621214,1175.1174530119863,46.24,37.61,1170.063310787054,2340.126621574108,10.108284449865096,0.0086390918748034,83.85,8.630000000000003,11.93361047929261,16.41418232933779,14.1738964043152,4.48057185004518,0.3161143136736042,3.302129840235466,1.818605890220624,2.560367865228045,0.5399999999999991,0.4699999999999988,0.0700000000000002,13.954243253820046,15.099329271582691,7.055095606099239,3.6433353690973496
2025-11-05 08:57:30,1204.17,1217.63,1174.7993764215912,1185.7455897589898,46.75,38.08,1180.2724830902905,2360.544966180581,10.946213337398603,0.0092743103689615,84.83,8.670000000000002,9.790207859469774,10.628136747003282,10.209172303236528,0.8379288875335078,0.0820760763526138,-2.1434026198228366,-5.786045582334509,-3.964724101078673,0.509999999999998,0.4699999999999988,0.0399999999999991,13.913385231367505,17.478235284106205,4.411780371660371,3.5191575846659453
2025-11-05 08:57:31,1207.54,1194.09,1182.9845323161935,1187.8316923192424,47.29,38.55,1185.408112317718,2370.816224635436,4.847160003048884,0.004089022125454,85.84,8.740000000000002,8.185155894602303,2.086102560252584,5.135629227427444,6.099053334349719,1.187595886825535,-1.6050519648674708,-8.542034186750698,-5.073543075809084,0.5399999999999991,0.4699999999999988,0.0700000000000002,13.809507205361262,17.05920884117305,4.306710270888071,3.8175339257663623
2025-11-05 08:57:32,1217.63,1209.22,1191.6458992371452,1193.178769239432,47.81,39.02,1192.4123342382886,2384.824668476577,1.5328700022866997,0.0012855200814241,86.83000000000001,8.79,8.66136692095165,5.3470769201894655,7.004221920570672,3.3142900007621847,0.4731845400049249,0.4762110263493468,3.260974359936881,1.868592693143228,0.5200000000000031,0.4700000000000059,0.0499999999999971,13.732722797484346,14.252524972705238,3.901616736663266,3.6059278622125306
2025-11-05 08:57:33,1224.36,1269.85,1199.8244244278587,1212.346576929574,48.32,39.49,1206.0855006787165,2412.171001357433,12.522152501715254,0.0103824749441776,87.81,8.829999999999998,8.178525190713572,19.167807690142126,13.673166440427847,10.989282499428557,0.803711542867253,-0.4828417302380785,13.82073076995266,6.6689445198571775,0.509999999999998,0.4699999999999988,0.0399999999999991,13.735172382912472,13.49147636856974,4.618947248402384,3.9870545297448383
2025-11-05 08:57:34,1236.14,1269.85,1208.9033183208942,1226.7224326971805,48.84,39.93,1217.8128755090374,2435.625751018075,17.81911437628628,0.0146320627084895,88.77000000000001,8.910000000000004,9.078893893035456,14.37585576760648,11.727374830320969,5.296961874571025,0.4516749485316061,0.9003687023218845,-4.791951922535645,-1.9457916101068804,0.5200000000000031,0.4399999999999977,0.0800000000000054,13.718743514591573,15.4040580738048,6.433332559208865,3.469280403847898
2025-11-05 08:57:35,1249.62,1237.83,1219.082488740671,1229.4993245228852,49.35,40.4,1224.290906631778,2448.581813263556,10.416835782214548,0.0085084645465222,89.75,8.950000000000003,10.179170419776485,2.776891825704752,6.478031122740504,7.402278594071731,1.142673956198326,1.1002765267410268,-11.59896394190173,-5.249343707580465,0.509999999999998,0.4699999999999988,0.0399999999999991,13.641124155884722,16.428440665582656,6.408579180384857,3.686501668395707
2025-11-05 08:57:36,1256.36,1231.09,1228.401866555503,1229.896993392164,49.87,40.87,1229.149429973833,2458.298859947666,1.4951268366610293,0.0012163914321438,90.74,9.0,9.31937781483225,0.397668869278732,4.858523342055378,8.921708945553519,1.8363001433022004,-0.8597926049442322,-2.37922295642602,-1.619507780685126,0.519999999999996,0.4699999999999988,0.0499999999999971,13.545838840952111,14.820595673864736,7.141011850159808,3.756843351303868
2025-11-05 08:57:37,1266.48,1293.47,1237.9213999166273,1245.790245044123,50.39,41.32,1241.855822480375,2483.71164496075,7.868845127495661,0.0063363596471631,91.71,9.07,9.519533361124331,15.893251651958964,12.70639250654176,6.373718290834631,0.5016150560387718,0.2001555462920805,15.49558278268023,7.847869164486383,0.5200000000000031,0.4500000000000028,0.0700000000000002,13.541116660552376,13.27131957349907,6.011348915031241,3.955301563478184
2025-11-05 08:57:38,1279.97,1308.67,1248.4335499374704,1261.510183783092,50.9,41.78,1254.9718668602814,2509.9437337205627,13.0766338456217,0.0104198621343737,92.68,9.119999999999996,10.512150020843135,15.719938738969176,13.11604437990627,5.207788718126039,0.3970547956554306,0.9926166597188056,-0.1733129129897861,0.4096518733645098,0.509999999999998,0.4600000000000008,0.0499999999999971,13.54091339360561,14.837571242462383,6.073736916805129,3.8278299244382135
2025-11-05 08:57:39,1283.34,1288.41,1257.1601624531029,1268.2351378373191,51.39,42.23,1262.697650145211,2525.395300290422,11.07497538421626,0.0087708846010537,93.62,9.160000000000004,8.726612515632496,6.724954054227055,7.725783284929548,2.001658461405441,0.2590880598763306,-1.785537505210641,-8.994984684742121,-5.390261094976722,0.490000000000002,0.4499999999999957,0.0400000000000062,13.487477426380403,16.383474368375527,4.480696816093284,3.7353813572426473
2025-11-05 08:57:40,1295.16,1279.97,1266.660121839827,1271.1688533779893,51.91,42.7,1268.914487608908,2537.828975217816,4.5087315381622375,0.0035532193687102,94.61,9.209999999999994,9.499959386724186,2.933715540670164,6.216837463697175,6.566243846054022,1.056203065979143,0.7733468710916895,-3.791238513556891,-1.5089458212323734,0.519999999999996,0.4700000000000059,0.04999999999999,13.412054478351692,16.072197688166636,4.716104025684668,3.7806176526625865
2025-11-05 08:57:41,1301.92,1301.92,1275.4750913798705,1278.856640033492,52.4,43.14,1277.1658657066812,2554.3317314133624,3.3815486536218486,0.0026476973287279,95.54,9.259999999999998,8.814969540043194,7.687786655502805,8.251378097773113,1.1271828845403888,0.1366053930117686,-0.6849898466809918,4.754071114832641,2.034540634075938,0.490000000000002,0.4399999999999977,0.0500000000000042,13.36786531650425,13.505747790034736,4.146153068326421,3.114058707569788
2025-11-05 08:57:42,1315.43,1357.73,1285.4638185349029,1298.5749800251192,52.92,43.61,1292.019399280011,2584.038798560022,13.111161490216546,0.0101478054333975,96.53,9.310000000000002,9.988727155032391,19.71833999162709,14.853533573329742,9.729612836594695,0.6550368727767127,1.1737576149891993,12.030553336124283,6.6021554755566285,0.5200000000000031,0.4699999999999988,0.0500000000000042,13.384640898118407,14.22931936048094,4.731805103937755,3.735077919242354
2025-11-05 08:57:43,1315.43,1354.34,1292.955363901177,1312.516235018839,53.41,44.06,1302.735799460008,2605.4715989200163,19.560871117662373,0.0150152249679138,97.47,9.349999999999994,7.491545366274295,13.941254993720122,10.716400179997208,6.449709627445827,0.6018540664084683,-2.4971817887580983,-5.777084997906968,-4.137133393332533,0.4899999999999949,0.4500000000000028,0.039999999999992,13.365505141012653,16.501348772465974,6.626970262653265,3.3768356815873006
2025-11-05 08:57:44,1332.34,1318.81,1302.8015229258826,1314.0896762641296,53.9,44.53,1308.445599595006,2616.891199190012,11.288153338246955,0.0086271476117262,98.43,9.369999999999996,9.846159024705685,1.5734412452902689,5.709800134997977,8.272717779415416,1.4488626808223062,2.35461365843139,-12.367813748429851,-5.006600044999232,0.490000000000002,0.4699999999999988,0.0200000000000031,13.293158450694378,16.701266366808547,6.633664219879397,3.749328033252617
2025-11-05 08:57:45,1339.11,1312.05,1311.878642194412,1313.5797571980972,54.39,44.97,1312.7291996962545,2625.458399392509,1.701115003685345,0.0012958613267558,99.36,9.420000000000002,9.07711926852926,-0.5099190660323529,4.283600101248339,9.587038334561612,2.238079155355462,-0.7690397561764257,-2.083360311322622,-1.4262000337496374,0.490000000000002,0.4399999999999977,0.0500000000000042,13.211847690060456,14.28635304568137,7.335548452564668,4.199975633676763
2025-11-05 08:57:46,1349.26,1381.45,1321.2239816458089,1330.5473178985728,54.89,45.44,1325.8856497721908,2651.7712995443817,9.323336252763966,0.0070317800387492,100.33,9.450000000000005,9.345339451396969,16.967560700475588,13.156450075936393,7.6222212490786205,0.5793523804470287,0.268220182867708,17.47747976650794,8.872849974688052,0.5,0.4699999999999988,0.0300000000000011,13.215246053592592,12.498924432194135,6.463531654022719,4.604032106847882
2025-11-05 08:57:47,1357.73,1384.84,1330.3504862343566,1344.1204884239296,55.38,45.89,1337.235487329143,2674.470974658286,13.770002189573006,0.0102973652058684,101.27,9.490000000000002,9.126504588547732,13.573170525356772,11.349837556952252,4.44666593680904,0.3917823072545178,-0.2188348628492349,-3.394390175118815,-1.8066125189841389,0.490000000000002,0.4500000000000028,0.0399999999999991,13.204655614935197,13.986502848952483,6.523842991361278,3.83419964605776
2025-11-05 08:57:48,1366.2,1371.28,1339.3128646757675,1350.9103663179471,55.87,46.35,1345.1116154968572,2690.2232309937144,11.597501642179624,0.0086219622966186,102.22,9.519999999999996,8.96237844141092,6.789877894017536,7.876128167714114,2.1725005473933834,0.2758335346122704,-0.1641261471368125,-6.783292631339236,-3.473709389238138,0.4899999999999949,0.4600000000000008,0.029999999999994,13.158986522577488,15.618130599763996,4.655030978824472,3.733412531964986
2025-11-05 08:57:49,1372.97,1359.42,1347.7271485068256,1353.0377747384605,56.36,46.8,1350.382461622643,2700.764923245286,5.310626231634842,0.0039326830573027,103.16,9.560000000000002,8.414283831058128,2.127408420513348,5.270846125785738,6.286875410544781,1.1927637551444978,-0.5480946103527913,-4.6624694735041885,-2.605282041928376,0.490000000000002,0.4499999999999957,0.0400000000000062,13.090174956693176,15.167807697959937,4.855797797573508,3.8188792678018055
2025-11-05 08:57:50,1381.45,1388.23,1356.1578613801191,1361.8358310538454,56.85,47.25,1358.9968462169822,2717.9936924339645,5.677969673726238,0.0041780594895079,104.1,9.6,8.430712873293487,8.798056315384883,8.614384594339299,0.3673434420913963,0.0426430228910098,0.0164290422353587,6.670647894871536,3.343538468553561,0.490000000000002,0.4500000000000028,0.0399999999999991,13.054724622115828,12.645401996497087,3.679657580554336,3.073873939817961
2025-11-05 08:57:51,1389.93,1430.67,1364.6008960350894,1379.044373290384,57.32,47.71,1371.8226346627366,2743.645269325473,14.443477255294738,0.010528676871057,105.03,9.61,8.443034654970234,17.208542236538733,12.82578844575437,8.7655075815685,0.6834283081475413,0.0123217816767464,8.41048592115385,4.211403851415071,0.4699999999999988,0.4600000000000008,0.009999999999998,13.061245564138732,13.298784373774646,4.388955625538301,2.970739865452899
2025-11-05 08:57:52,1389.93,1420.48,1370.9331720263172,1389.403279967788,57.82,48.16,1380.1682259970526,2760.336451994105,18.47010794147081,0.013382504813676,105.98,9.660000000000004,6.332275991227789,10.358906677403866,8.345591334315941,4.026630686176077,0.4824859069162915,-2.1107586637424447,-6.849635559134867,-4.480197111438429,0.5,0.4499999999999957,0.0500000000000042,13.022911992584834,14.605621182844978,5.671421792159192,2.7170098364016995
2025-11-05 08:57:53,1400.11,1349.26,1378.2273790197378,1379.367459975841,58.28,48.53,1378.7974194977894,2757.594838995579,1.1400809561032474,0.0008268661800162,106.81,9.75,7.29420699342063,-10.035819991946935,-1.3708064992631537,17.330026985367567,12.642203223051329,0.9619310021928412,-20.394726669350803,-9.716397833579094,0.4600000000000008,0.3700000000000045,0.0899999999999963,12.908879380104016,12.948854648788126,7.171815033582869,5.269525998990197
2025-11-05 08:57:54,1406.89,1398.41,1385.3930342648034,1384.1280949818806,58.75,48.91,1384.760564623342,2769.521129246684,1.2649392829227963,0.0009134714797091,107.66,9.840000000000003,7.165655245065636,4.7606350060395926,5.963145125552501,2.405020239026044,0.4033139870110448,-0.1285517483549938,14.79645499798653,7.333951624815654,0.4699999999999988,0.3799999999999954,0.0900000000000034,12.862349542643438,10.031885150860084,7.885973054155043,5.23031507118202
2025-11-05 08:57:55,1422.17,1456.17,1394.5872756986023,1402.1385712364104,59.25,49.21,1398.3629234675063,2796.7258469350127,7.551295537807846,0.0054000970747156,108.46,10.04,9.194241433799109,18.01047625452975,13.602358844164428,8.816234820730642,0.6481400964048831,2.0285861887334704,13.249841248490156,7.639213718611927,0.5,0.3000000000000042,0.1999999999999957,12.89289056402928,9.867830034458668,7.780025079841042,6.055462672827949
