time,force_left,force_right,dis_left,dis_right,force_avg,force_sum,force_diff,force_diff_ratio,total_delta_dis,dis_diff,left_force_rate,right_force_rate,force_rate,force_rate_diff,force_rate_ratio,left_force_acc,right_force_acc,force_acc,left_dis_rate,right_dis_rate,dis_rate_diff,stiffness_ratio,force_std_5s,force_diff_std_5s,force_rate_std_5s
2024-07-05 08:27:56,323.26,302.26,0.71,8.38,312.76,625.52,21.0,0.06714413586409984,9.09,7.670000000000001,0.0,0.0,0.0,0.0,0.0,0.0,0.0,0.0,0.0,0.0,0.0,34.40703691891783,0.0,0.0,0.0
2024-07-05 08:27:57,332.38,310.0,1.33,9.02,321.19,642.38,22.379999999999995,0.06967838329437907,10.35,7.6899999999999995,9.120000000000005,7.740000000000009,8.430000000000007,1.3799999999999955,0.16370104819679077,9.120000000000005,7.740000000000009,8.430000000000007,0.6200000000000001,0.6399999999999988,0.019999999999998685,31.032847243203168,0.0,0.0,0.0
2024-07-05 08:27:58,335.43,320.88,1.95,9.67,328.155,656.31,14.550000000000011,0.04433880317429632,11.62,7.72,3.0500000000000114,10.879999999999995,6.964999999999975,7.829999999999984,1.124192229118131,-6.069999999999993,3.1399999999999864,-1.4650000000000318,0.6199999999999999,0.6500000000000004,0.03000000000000047,28.240531132484413,0.0,0.0,0.0
2024-07-05 08:27:59,347.64,327.11,2.57,10.29,337.375,674.75,20.529999999999973,0.06085216728906352,12.86,7.719999999999999,12.20999999999998,6.230000000000018,9.220000000000027,5.979999999999961,0.6485899513459862,9.159999999999968,-4.649999999999977,2.2550000000000523,0.6199999999999999,0.6199999999999992,6.661338147750939e-16,26.234445860463,0.0,0.0,0.0
2024-07-05 08:28:00,356.83,336.47,3.2,10.94,346.65,693.3,20.359999999999957,0.058733592791767965,14.14,7.739999999999999,9.189999999999998,9.360000000000014,9.274999999999977,0.17000000000001592,0.01832883899419702,-3.019999999999982,3.1299999999999955,0.05499999999994998,0.6300000000000003,0.6500000000000004,0.020000000000000018,24.515556964953536,13.2933768283307,3.0207168023500546,3.902042093571007
2024-07-05 08:28:01,366.04,347.42,3.82,11.58,356.73,713.46,18.620000000000005,0.052196338821527945,15.4,7.76,9.210000000000036,10.949999999999989,10.080000000000041,1.7399999999999523,0.17261903049413838,0.020000000000038654,1.589999999999975,0.8050000000000637,0.6199999999999997,0.6400000000000006,0.020000000000000906,23.16428421011142,14.190878672584022,2.964248640043531,1.1773242968698336
2024-07-05 08:28:02,372.19,353.69,4.44,12.2,362.94,725.88,18.5,0.05097261241259544,16.64,7.759999999999999,6.149999999999977,6.269999999999982,6.2099999999999795,0.12000000000000455,0.019323668385883504,-3.060000000000059,-4.680000000000007,-3.8700000000000614,0.6200000000000006,0.6199999999999992,1.3322676295501878e-15,21.81129676614803,14.094938364533585,2.4081465902224286,1.6660769790138976
2024-07-05 08:28:03,386.07,369.42,5.06,12.85,377.745,755.49,16.649999999999977,0.04407735365371514,17.91,7.79,13.879999999999995,15.730000000000018,14.805000000000007,1.8500000000000227,0.12495777609201256,7.730000000000018,9.460000000000036,8.595000000000027,0.6199999999999992,0.6500000000000004,0.030000000000001137,21.091288604618168,15.455095680713264,1.5877877691933422,3.1047918609787764
2024-07-05 08:28:04,393.81,378.88,5.69,13.49,386.345,772.69,14.930000000000007,0.03864421685632217,19.18,7.8,7.740000000000009,9.45999999999998,8.600000000000023,1.7199999999999704,0.1999999767441848,-6.139999999999986,-6.270000000000039,-6.204999999999984,0.6300000000000008,0.6400000000000006,0.009999999999999787,20.143116780859398,15.980843453960834,2.0781409961790245,3.1516650361356695
2024-07-05 08:28:05,398.45,388.37,6.31,14.12,393.40999999999997,786.8199999999999,10.079999999999984,0.025622124436028217,20.43,7.81,4.639999999999986,9.490000000000009,7.064999999999941,4.850000000000023,0.6864825638382872,-3.1000000000000227,0.03000000000002956,-1.5350000000000819,0.6199999999999992,0.629999999999999,0.009999999999999787,19.256484617891108,15.439129428177047,3.515342088616702,3.3887029229485615
2024-07-05 08:28:06,410.88,396.3,6.93,14.76,403.59000000000003,807.1800000000001,14.579999999999984,0.036125771113937936,21.689999999999998,7.83,12.430000000000007,7.930000000000007,10.180000000000064,4.5,0.44204317858121744,7.7900000000000205,-1.5600000000000023,3.115000000000123,0.6200000000000001,0.6400000000000006,0.020000000000000462,18.607191396625574,15.469451105323799,3.1363466007442513,3.3943640788813645
2024-07-05 08:28:07,417.11,402.65,7.56,15.38,409.88,819.76,14.460000000000036,0.035278618046065725,22.94,7.820000000000001,6.230000000000018,6.349999999999966,6.289999999999964,0.1199999999999477,0.019077898397782192,-6.199999999999989,-1.580000000000041,-3.8900000000001,0.6299999999999999,0.620000000000001,0.009999999999998899,17.867479604730615,12.914395746607896,2.4343274225132507,3.3758713689949973
2024-07-05 08:28:08,426.47,416.98,8.18,16.03,421.725,843.45,9.490000000000009,0.022502815762634874,24.21,7.850000000000001,9.360000000000014,14.330000000000041,11.845000000000027,4.970000000000027,0.41958628792011216,3.1299999999999955,7.980000000000075,5.555000000000064,0.6200000000000001,0.6500000000000004,0.03000000000000025,17.419454051241054,13.853381807342377,2.682027218355554,2.2653184102903015
2024-07-05 08:28:09,431.16,421.77,8.8,16.65,426.46500000000003,852.9300000000001,9.390000000000043,0.022018219497454243,25.45,7.849999999999998,4.689999999999998,4.789999999999964,4.740000000000009,0.0999999999999659,0.02109704196264214,-4.670000000000016,-9.540000000000077,-7.105000000000018,0.620000000000001,0.6199999999999974,3.552713678800501e-15,16.75697380129769,13.414185308843962,2.678927024015395,2.9137377198368704
2024-07-05 08:28:10,440.55,432.97,9.4,17.3,436.76,873.52,7.579999999999984,0.017355069105790173,26.700000000000003,7.9,9.389999999999986,11.200000000000045,10.294999999999959,1.8100000000000591,0.17581348462230031,4.699999999999989,6.410000000000082,5.55499999999995,0.5999999999999996,0.6500000000000021,0.05000000000000249,16.358051821795808,13.199172985456489,3.213510541448404,3.0046068794436454
2024-07-05 08:28:11,454.69,445.8,10.02,17.92,450.245,900.49,8.889999999999986,0.01974480556198332,27.94,7.900000000000002,14.139999999999986,12.829999999999984,13.485000000000014,1.3100000000000023,0.09714496869521931,4.75,1.6299999999999386,3.1900000000000546,0.6199999999999992,0.620000000000001,1.7763568394002505e-15,16.114709516295292,15.301084520386258,2.627026836558792,3.7023698491641914
2024-07-05 08:28:12,464.15,458.68,10.65,18.56,461.41499999999996,922.8299999999999,5.46999999999997,0.011854837810095322,29.21,7.909999999999998,9.45999999999998,12.879999999999995,11.169999999999959,3.420000000000016,0.30617723310857614,-4.680000000000007,0.05000000000001137,-2.3150000000000546,0.6300000000000008,0.639999999999997,0.009999999999996234,15.796473269549013,16.499494537712444,1.6872403503947122,3.3242115606561504
2024-07-05 08:28:13,467.3,468.37,11.25,19.19,467.83500000000004,935.6700000000001,1.0699999999999932,0.002287131141776186,30.44,7.940000000000001,3.150000000000034,9.689999999999998,6.420000000000073,6.539999999999964,1.018691430110352,-6.309999999999945,-3.1899999999999977,-4.749999999999886,0.5999999999999996,0.6300000000000026,0.030000000000002913,15.369086223091779,17.081010069665187,3.3828390443531404,3.5727695839502225
2024-07-05 08:28:14,479.96,474.84,11.87,19.83,477.4,954.8,5.1200000000000045,0.010724759089390964,31.699999999999996,7.959999999999999,12.659999999999968,6.46999999999997,9.56499999999994,6.189999999999998,0.6471510039570343,9.509999999999934,-3.2200000000000273,3.144999999999868,0.6199999999999992,0.639999999999997,0.019999999999997797,15.059936433440491,15.758769542702378,2.97948485480292,2.5705996382167102
2024-07-05 08:28:15,487.89,486.18,12.49,20.45,487.03499999999997,974.0699999999999,1.7099999999999795,0.003511041293724144,32.94,7.959999999999999,7.930000000000007,11.340000000000032,9.634999999999991,3.410000000000025,0.35391797053264745,-4.729999999999961,4.870000000000061,0.07000000000005002,0.620000000000001,0.620000000000001,0.0,14.785518676820928,14.19710991716285,3.167604773326368,2.58059343950183
2024-07-05 08:28:16,495.83,497.56,13.09,21.1,496.695,993.39,1.7300000000000182,0.0034830227735672707,34.19,8.010000000000002,7.939999999999998,11.379999999999995,9.660000000000025,3.4399999999999977,0.3561076235913422,0.009999999999990905,0.03999999999996362,0.025000000000034106,0.5999999999999996,0.6500000000000021,0.05000000000000249,14.527492994223664,14.228974137301819,2.097331638058219,1.739457530381197
2024-07-05 08:28:17,502.2,507.34,13.72,21.72,504.77,1009.54,5.139999999999986,0.010182855537803615,35.44,7.999999999999998,6.3700000000000045,9.779999999999973,8.074999999999989,3.409999999999968,0.422290969375728,-1.5699999999999932,-1.6000000000000227,-1.5850000000000364,0.6300000000000008,0.6199999999999974,0.01000000000000334,14.242945422038787,14.738591605034863,2.004078341782076,1.4255586624197207
2024-07-05 08:28:18,510.18,515.51,14.34,22.37,512.845,1025.69,5.329999999999984,0.010393003713806278,36.71,8.030000000000001,7.980000000000018,8.170000000000016,8.075000000000045,0.18999999999999773,0.02352940885084679,1.6100000000000136,-1.6099999999999568,5.684341886080802e-14,0.6199999999999992,0.6500000000000021,0.030000000000002913,13.970171234808738,14.028240891145487,1.906024658812152,0.846947459999718
2024-07-05 08:28:19,521.37,523.69,14.94,22.99,522.53,1045.06,2.32000000000005,0.0044399364544813,37.93,8.049999999999999,11.189999999999998,8.180000000000064,9.684999999999945,3.009999999999934,0.3107898491698608,3.2099999999999795,0.010000000000047748,1.6099999999999,0.5999999999999996,0.6199999999999974,0.019999999999997797,13.776166259526331,13.787303489080369,1.8333930293311214,0.8683202174313185
2024-07-05 08:28:20,534.2,540.1,15.56,23.61,537.1500000000001,1074.3000000000002,5.899999999999977,0.010983896470289639,39.17,8.049999999999999,12.830000000000041,16.409999999999968,14.620000000000118,3.5799999999999272,0.24487002429068908,1.6400000000000432,8.229999999999905,4.935000000000173,0.620000000000001,0.620000000000001,0.0,13.713300645562917,15.743961779044364,1.9117086598119217,2.6910885344039213
2024-07-05 08:28:21,543.85,548.34,16.16,24.26,546.095,1092.19,4.490000000000009,0.008222012638420048,40.42,8.100000000000001,9.649999999999977,8.240000000000009,8.944999999999936,1.4099999999999682,0.15762994324986418,-3.1800000000000637,-8.169999999999959,-5.675000000000182,0.5999999999999996,0.6500000000000021,0.05000000000000249,13.510514262481093,16.99412346960001,1.3891112266481451,2.733857165252107
2024-07-05 08:28:22,547.07,561.54,16.78,24.88,554.3050000000001,1108.6100000000001,14.469999999999914,0.0261047617717595,41.66,8.099999999999998,3.2200000000000273,13.199999999999932,8.210000000000036,9.979999999999905,1.2155905949341372,-6.42999999999995,4.959999999999923,-0.7349999999999,0.620000000000001,0.6199999999999974,3.552713678800501e-15,13.305448552437628,16.92548632979302,4.657313603355432,2.7121545863022347
2024-07-05 08:28:23,558.37,569.81,17.39,25.5,564.0899999999999,1128.1799999999998,11.43999999999994,0.02028045166501709,42.89,8.11,11.299999999999955,8.269999999999982,9.784999999999854,3.0299999999999727,0.3096576075975892,8.079999999999927,-4.92999999999995,1.574999999999818,0.6099999999999994,0.620000000000001,0.010000000000001563,13.152016480484576,15.95772360018841,5.057324391414839,2.5247262227814553
2024-07-05 08:28:24,569.69,581.43,18.01,26.15,575.56,1151.12,11.739999999999895,0.02039752585239136,44.16,8.139999999999997,11.32000000000005,11.620000000000005,11.470000000000027,0.2999999999999545,0.026155185165193433,0.020000000000095497,3.3500000000000227,1.6850000000001728,0.620000000000001,0.6499999999999986,0.029999999999997584,13.03351419761064,15.023134243559506,4.227407006664918,2.5511012328013014
2024-07-05 08:28:25,577.81,593.07,18.61,26.77,585.44,1170.88,15.260000000000105,0.026065864945911173,45.379999999999995,8.16,8.11999999999989,11.6400000000001,9.88000000000011,3.520000000000209,0.3562752675834922,-3.200000000000159,0.020000000000095497,-1.5899999999999181,0.5999999999999979,0.620000000000001,0.020000000000003126,12.90083708900756,15.826159752132325,4.247287369604278,1.220023565346189
2024-07-05 08:28:26,582.68,596.4,19.23,27.39,589.54,1179.08,13.720000000000027,0.02327238181756564,46.620000000000005,8.16,4.8700000000000045,3.3299999999999272,4.099999999999909,1.5400000000000773,0.37560966448547484,-3.2499999999998863,-8.310000000000173,-5.7800000000002,0.620000000000001,0.620000000000001,0.0,12.64564537439628,14.668615135724801,1.679041393176534,2.8125619993166775
2024-07-05 08:28:27,595.71,611.43,19.83,28.02,603.5699999999999,1207.1399999999999,15.719999999999914,0.026045032016095704,47.849999999999994,8.190000000000001,13.030000000000086,15.029999999999973,14.029999999999973,1.9999999999998863,0.14255166482168394,8.160000000000082,11.700000000000045,9.930000000000064,0.5999999999999979,0.629999999999999,0.030000000000001137,12.61379283983714,14.855502347615742,1.9612954902309232,3.6456954069148777
2024-07-05 08:28:28,603.87,624.83,20.45,28.66,614.35,1228.7,20.960000000000036,0.03411735975564853,49.11,8.21,8.159999999999968,13.400000000000091,10.780000000000086,5.240000000000123,0.48608529813680734,-4.870000000000118,-1.6299999999998818,-3.2499999999998863,0.620000000000001,0.6400000000000006,0.019999999999999574,12.509671909801021,15.316917770883883,3.435898717948515,3.6681425817435533
2024-07-05 08:28:29,612.05,633.23,21.05,29.28,622.64,1245.28,21.180000000000064,0.03401644604584289,50.33,8.23,8.17999999999995,8.399999999999977,8.289999999999964,0.22000000000002728,0.02653799438625258,0.01999999999998181,-5.000000000000114,-2.490000000000123,0.6000000000000014,0.620000000000001,0.019999999999999574,12.371150161511025,15.845692474613395,3.460537530500153,3.636362193181571
2024-07-05 08:28:30,623.53,646.7,21.66,29.91,635.115,1270.23,23.170000000000073,0.036481582018246285,51.57,8.25,11.480000000000018,13.470000000000027,12.475000000000023,1.990000000000009,0.15951902528905654,3.300000000000068,5.07000000000005,4.185000000000059,0.6099999999999994,0.629999999999999,0.019999999999999574,12.315590220756444,17.486513231631474,4.018930205913052,3.8951219493104845
2024-07-05 08:28:31,628.46,656.83,22.28,30.53,642.645,1285.29,28.370000000000005,0.04414567911654852,52.81,8.25,4.930000000000064,10.129999999999995,7.529999999999973,5.199999999999932,0.6905709574274891,-6.5499999999999545,-3.340000000000032,-4.94500000000005,0.620000000000001,0.620000000000001,0.0,12.16900185250896,15.676190305684141,4.557033025994028,2.7418843885182445
2024-07-05 08:28:32,639.98,668.67,22.88,31.15,654.325,1308.65,28.68999999999994,0.043846712193716005,54.03,8.27,11.519999999999982,11.839999999999918,11.680000000000064,0.31999999999993634,0.02739725792831136,6.589999999999918,1.7099999999999227,4.150000000000091,0.5999999999999979,0.6199999999999974,0.019999999999999574,12.110401404582614,15.843656853770456,3.8030422032893174,2.1486868082622403
2024-07-05 08:28:33,651.54,678.85,23.48,31.77,665.1949999999999,1330.3899999999999,27.31000000000006,0.041055630242176254,55.25,8.29,11.559999999999945,10.180000000000064,10.86999999999989,1.3799999999998818,0.12695491012373372,0.03999999999996362,-1.6599999999998545,-0.8100000000001728,0.6000000000000014,0.620000000000001,0.019999999999999574,12.039728288873695,16.529225783442772,3.3720438905802697,2.1556391163643576
2024-07-05 08:28:34,658.16,690.76,24.1,32.4,674.46,1348.92,32.60000000000002,0.04833496419604581,56.5,8.299999999999997,6.6200000000000045,11.909999999999968,9.2650000000001,5.289999999999964,0.5709659394532075,-4.939999999999941,1.7299999999999045,-1.6049999999997908,0.620000000000001,0.629999999999999,0.00999999999999801,11.937344921462923,16.039162852219906,3.3754288616411148,1.980124364781168
2024-07-05 08:28:35,664.79,700.99,24.7,33.02,682.89,1365.78,36.200000000000045,0.05301000153317525,57.72,8.320000000000004,6.6299999999999955,10.230000000000018,8.42999999999995,3.6000000000000227,0.42704621268728726,0.009999999999990905,-1.67999999999995,-0.8350000000001501,0.5999999999999979,0.6200000000000045,0.02000000000000668,11.8310808761074,15.947306434004181,3.701328140005976,1.7099122784517455
2024-07-05 08:28:36,671.43,707.83,25.3,33.64,689.63,1379.26,36.40000000000009,0.05278192646378227,58.94,8.34,6.639999999999986,6.840000000000032,6.740000000000009,0.20000000000004547,0.02967358610184853,0.009999999999990905,-3.3899999999999864,-1.6899999999999409,0.6000000000000014,0.6199999999999974,0.01999999999999602,11.70054272649232,14.015386633983068,4.184023183492204,1.9617581400366355
2024-07-05 08:28:37,679.74,724.96,25.9,34.26,702.35,1404.7,45.22000000000003,0.06438385411207542,60.16,8.36,8.31000000000006,17.129999999999995,12.720000000000027,8.819999999999936,0.6933961719028102,1.6700000000000728,10.289999999999964,5.980000000000018,0.5999999999999979,0.6199999999999974,0.019999999999999574,11.674700603811495,14.215273476090184,6.5432010514731935,2.2917187872860785
2024-07-05 08:28:38,694.74,728.39,26.53,34.89,711.565,1423.13,33.64999999999998,0.047290128031465636,61.42,8.36,15.0,3.42999999999995,9.215000000000032,11.57000000000005,1.255561448121385,6.689999999999941,-13.700000000000045,-3.5049999999999955,0.6300000000000026,0.6300000000000026,0.0,11.585232634561502,14.882977860631035,4.9743823737223964,2.1801358902600674
2024-07-05 08:28:39,703.1,745.6,27.13,35.51,724.35,1448.7,42.5,0.05867329321643778,62.64,8.379999999999999,8.360000000000014,17.210000000000036,12.784999999999968,8.850000000000023,0.6922173881722845,-6.639999999999986,13.780000000000086,3.5699999999999363,0.5999999999999979,0.6199999999999974,0.019999999999999574,11.563697133402027,16.652477143056952,4.846357394992653,2.6861184821224855
2024-07-05 08:28:40,709.8,757.68,27.73,36.13,733.74,1467.48,47.879999999999995,0.06525472229229055,63.86,8.400000000000002,6.699999999999932,12.079999999999927,9.389999999999986,5.3799999999999955,0.5729498857348369,-1.6600000000000819,-5.130000000000109,-3.394999999999982,0.6000000000000014,0.6200000000000045,0.020000000000003126,11.489821304575301,17.45239295913406,5.968475517248932,2.5800218022334556
2024-07-05 08:28:41,721.55,769.8,28.33,36.76,745.675,1491.35,48.25,0.06470647391329135,65.09,8.43,11.75,12.120000000000005,11.934999999999945,0.37000000000000455,0.03100125421020126,5.050000000000068,0.04000000000007731,2.544999999999959,0.5999999999999979,0.6299999999999955,0.029999999999997584,11.45606066283514,17.22694814817844,5.973437034070095,1.7733280858318228
2024-07-05 08:28:42,733.33,775.0,28.93,37.36,754.165,1508.33,41.66999999999996,0.05525316070720174,66.28999999999999,8.43,11.780000000000086,5.2000000000000455,8.490000000000009,6.580000000000041,0.7750293551202213,0.030000000000086402,-6.919999999999959,-3.4449999999999363,0.6000000000000014,0.6000000000000014,0.0,11.376753486547694,16.877508480223803,5.928697158735646,1.8781659937289619
2024-07-05 08:28:43,733.33,788.9,29.53,37.98,761.115,1522.23,55.569999999999936,0.07301130568572244,67.50999999999999,8.449999999999996,0.0,13.899999999999977,6.9500000000000455,13.899999999999977,1.9999997122302409,-11.780000000000086,8.699999999999932,-1.5399999999999636,0.6000000000000014,0.6199999999999974,0.01999999999999602,11.27410737262469,14.918644124049113,5.574256004167718,2.4194343347154166
2024-07-05 08:28:44,750.21,804.59,30.13,38.6,777.4000000000001,1554.8000000000002,54.379999999999995,0.06995111902501784,68.73,8.470000000000002,16.879999999999995,15.690000000000055,16.285000000000082,1.1899999999999409,0.07307337592425907,16.879999999999995,1.7900000000000773,9.335000000000036,0.5999999999999979,0.6200000000000045,0.02000000000000668,11.310926650503033,16.40964556290061,5.615661136500312,3.6516999466002287
2024-07-05 08:28:45,758.67,815.08,30.73,39.22,786.875,1573.75,56.41000000000008,0.07168864168808443,69.95,8.489999999999998,8.459999999999923,10.490000000000009,9.474999999999909,2.0300000000000864,0.21424799849626464,-8.420000000000073,-5.2000000000000455,-6.810000000000173,0.6000000000000014,0.6199999999999974,0.01999999999999602,11.249106343829787,16.86869230260667,6.242217554683614,3.6447918321901676
2024-07-05 08:28:46,768.85,827.34,31.33,39.82,798.095,1596.19,58.49000000000001,0.07328701461193592,71.15,8.490000000000002,10.180000000000064,12.259999999999991,11.220000000000027,2.0799999999999272,0.18538322768419738,1.720000000000141,1.7699999999999818,1.7450000000001182,0.5999999999999979,0.6000000000000014,3.552713678800501e-15,11.217076441081145,18.06682456880621,6.674284980430513,3.594320867702299
2024-07-05 08:28:47,779.06,836.12,31.93,40.45,807.5899999999999,1615.1799999999998,57.06000000000006,0.07065466378898377,72.38,8.520000000000003,10.209999999999923,8.779999999999973,9.49499999999989,1.42999999999995,0.15060556602363354,0.02999999999985903,-3.480000000000018,-1.7250000000001364,0.6000000000000014,0.6300000000000026,0.030000000000001137,11.157640077954683,18.070520537605308,1.5468904292160057,3.481258752233203
2024-07-05 08:28:48,785.87,844.92,32.53,41.07,815.395,1630.79,59.049999999999955,0.07241888891590097,73.6,8.54,6.810000000000059,8.799999999999955,7.805000000000064,1.9899999999998954,0.25496473350866694,-3.3999999999998636,0.01999999999998181,-1.6899999999998272,0.6000000000000014,0.6199999999999974,0.01999999999999602,11.078736262517172,15.316441900781353,1.844470113609857,3.266290709658323
2024-07-05 08:28:49,797.83,859.03,33.13,41.69,828.4300000000001,1656.8600000000001,61.19999999999993,0.07387467851976057,74.82,8.559999999999995,11.960000000000036,14.110000000000014,13.035000000000082,2.1499999999999773,0.1649405320337117,5.149999999999977,5.310000000000059,5.230000000000018,0.6000000000000014,0.6199999999999974,0.01999999999999602,11.072306721834984,15.921683563618782,1.8719962606799698,1.9897311376163689
2024-07-05 08:28:50,801.25,869.64,33.73,42.29,835.4449999999999,1670.8899999999999,68.38999999999999,0.08186056522947582,76.02,8.560000000000002,3.419999999999959,10.610000000000014,7.014999999999873,7.190000000000055,1.0249463970140824,-8.540000000000077,-3.5,-6.020000000000209,0.5999999999999943,0.6000000000000014,7.105427357601002e-15,10.989805169826294,15.160686577460948,4.47624507818773,2.463428505152988
2024-07-05 08:28:51,818.39,880.27,34.33,42.92,849.3299999999999,1698.6599999999999,61.879999999999995,0.07285742871103408,77.25,8.590000000000003,17.139999999999986,10.629999999999995,13.884999999999991,6.509999999999991,0.4688512445911956,13.720000000000027,0.01999999999998181,6.870000000000118,0.6000000000000014,0.6300000000000026,0.030000000000001137,10.994562964471676,16.45549095287046,4.284312080136076,3.0815045026740218
2024-07-05 08:28:52,825.26,889.15,34.93,43.52,857.2049999999999,1714.4099999999999,63.889999999999986,0.07453292960898159,78.45,8.590000000000003,6.8700000000000045,8.879999999999995,7.875,2.009999999999991,0.25523806282691147,-10.269999999999982,-1.75,-6.009999999999991,0.6000000000000014,0.6000000000000014,0.0,10.9267685031642,16.60406779978925,3.530987114108479,3.2603174692045296
2024-07-05 08:28:53,839.05,903.39,35.53,44.14,871.22,1742.44,64.34000000000003,0.07385046248496312,79.67,8.61,13.789999999999964,14.240000000000009,14.0150000000001,0.4500000000000455,0.03210845293553973,6.919999999999959,5.360000000000014,6.1400000000001,0.6000000000000014,0.6199999999999974,0.01999999999999602,10.935358215948812,17.071547015428827,2.8158568855678907,3.4301749226534315
2024-07-05 08:28:54,844.22,914.1,36.13,44.74,879.1600000000001,1758.3200000000002,69.88,0.07948496282873996,80.87,8.61,5.170000000000073,10.710000000000036,7.940000000000055,5.539999999999964,0.6977329096054176,-8.61999999999989,-3.5299999999999727,-6.0750000000000455,0.6000000000000014,0.6000000000000014,0.0,10.871274751189876,17.363244440484014,3.332556076047333,3.492002290950039
2024-07-05 08:28:55,851.14,924.83,36.71,45.36,887.985,1775.97,73.69000000000005,0.08298563592517263,82.07,8.649999999999999,6.919999999999959,10.730000000000018,8.824999999999932,3.810000000000059,0.43172799640476966,1.7499999999998863,0.01999999999998181,0.8849999999998772,0.5799999999999983,0.6199999999999974,0.03999999999999915,10.819848777630698,15.768744005151408,4.890401823981358,3.16476618409641
2024-07-05 08:28:56,859.8,928.41,37.31,45.96,894.105,1788.21,68.61000000000001,0.07673595374510159,83.27000000000001,8.649999999999999,8.659999999999968,3.5799999999999272,6.1200000000000045,5.080000000000041,0.8300652238455577,1.740000000000009,-7.150000000000091,-2.7049999999999272,0.6000000000000014,0.6000000000000014,0.0,10.737420310587002,14.480988830186876,4.07850095010411,2.9939250992635444
2024-07-05 08:28:57,871.94,948.16,37.91,46.59,910.05,1820.1,76.21999999999991,0.08375363981786306,84.5,8.680000000000007,12.1400000000001,19.75,15.944999999999936,7.6099999999999,0.47726557056973096,3.480000000000132,16.170000000000073,9.824999999999932,0.5999999999999943,0.6300000000000026,0.030000000000008242,10.769822357753581,14.848549339918511,4.6039407033540005,4.198900749005623
2024-07-05 08:28:58,878.9,955.36,38.51,47.19,917.13,1834.26,76.46000000000004,0.08336876987627846,85.69999999999999,8.68,6.959999999999923,7.2000000000000455,7.080000000000041,0.24000000000012278,0.033898300296867384,-5.180000000000177,-12.549999999999955,-8.864999999999895,0.6000000000000014,0.5999999999999943,7.105427357601002e-15,10.701633480727732,15.66112440088495,3.5992596460938895,3.911599097555847
2024-07-05 08:28:59,896.34,964.37,39.09,47.79,930.355,1860.71,68.02999999999997,0.073122625155857,86.88,8.699999999999996,17.440000000000055,9.009999999999991,13.225000000000023,8.430000000000064,0.6374290633323997,10.480000000000132,1.8099999999999454,6.144999999999982,0.5800000000000054,0.6000000000000014,0.01999999999999602,10.708505862010753,17.182465990072412,4.0619293445356695,4.19581547497025
2024-07-05 08:29:00,905.08,978.83,39.69,48.39,941.955,1883.91,73.75,0.07829461059361156,88.08,8.700000000000003,8.740000000000009,14.460000000000036,11.600000000000023,5.720000000000027,0.4931034057669492,-8.700000000000045,5.4500000000000455,-1.625,0.5999999999999943,0.6000000000000014,7.105427357601002e-15,10.694311867684926,18.431180578031267,4.066033693908591,4.145246373860037
2024-07-05 08:29:01,910.33,991.51,40.29,49.01,950.9200000000001,1901.8400000000001,81.17999999999995,0.08536995742505152,89.3,8.719999999999999,5.25,12.67999999999995,8.965000000000032,7.42999999999995,0.8287784909337906,-3.490000000000009,-1.7800000000000864,-2.634999999999991,0.6000000000000014,0.6199999999999974,0.01999999999999602,10.648600104718925,16.913753501219034,4.792543166211434,3.4861307347831567
2024-07-05 08:29:02,924.37,993.33,40.87,49.61,958.85,1917.7,68.96000000000004,0.07191948681032544,90.47999999999999,8.740000000000002,14.039999999999964,1.82000000000005,7.92999999999995,12.219999999999914,1.5409834122341208,8.789999999999964,-10.8599999999999,-1.0350000000000819,0.5799999999999983,0.6000000000000014,0.020000000000003126,10.597369467314662,16.540322170381046,5.435625998907564,2.5765844639755238
2024-07-05 08:29:03,926.12,1011.51,41.47,50.21,968.815,1937.63,85.38999999999999,0.08813860222215943,91.68,8.740000000000002,1.75,18.17999999999995,9.965000000000032,16.42999999999995,1.6487705319848838,-12.289999999999964,16.3599999999999,2.035000000000082,0.6000000000000014,0.6000000000000014,0.0,10.567353724178078,14.863217770725143,7.610884968254334,2.106545157360762
2024-07-05 08:29:04,943.73,1018.8,42.07,50.81,981.265,1962.53,75.06999999999994,0.07650328904373095,92.88,8.740000000000002,17.610000000000014,7.289999999999964,12.449999999999932,10.32000000000005,0.828915596071045,15.860000000000014,-10.889999999999986,2.4849999999999,0.6000000000000014,0.6000000000000014,0.0,10.564868533969978,15.318646888677867,6.455791973104442,1.8543347863856652
2024-07-05 08:29:05,950.8,1033.42,42.65,51.41,992.11,1984.22,82.62000000000012,0.08327705588767684,94.06,8.759999999999998,7.069999999999936,14.620000000000118,10.845000000000027,7.550000000000182,0.6961732875820079,-10.540000000000077,7.330000000000155,-1.6049999999999045,0.5799999999999983,0.5999999999999943,0.01999999999999602,10.54762906073114,16.618943483266357,6.601168835895661,1.7370283532515989
2024-07-05 08:29:06,956.1,1044.4,43.25,52.01,1000.25,2000.5,88.30000000000007,0.08827793042911486,95.25999999999999,8.759999999999998,5.300000000000068,10.980000000000018,8.139999999999986,5.67999999999995,0.6977886120652762,-1.7699999999998681,-3.6400000000001,-2.705000000000041,0.6000000000000014,0.6000000000000014,0.0,10.500209841484256,16.810775785192195,7.921014455232383,1.895552030412245
2024-07-05 08:29:07,970.27,1049.91,43.83,52.61,1010.09,2020.18,79.6400000000001,0.07884445932655074,96.44,8.780000000000001,14.169999999999959,5.509999999999991,9.840000000000032,8.659999999999968,0.8800812113738546,8.86999999999989,-5.470000000000027,1.7000000000000455,0.5799999999999983,0.6000000000000014,0.020000000000003126,10.473765963565265,16.100830491002835,5.122326619808652,1.5728501200050609
2024-07-05 08:29:08,972.05,1066.45,44.43,53.21,1019.25,2038.5,94.40000000000009,0.09261712034082215,97.64,8.780000000000001,1.7799999999999727,16.539999999999964,9.159999999999968,14.759999999999991,1.6113535358784397,-12.389999999999986,11.029999999999973,-0.6800000000000637,0.6000000000000014,0.6000000000000014,0.0,10.43885691889741,14.865456434297887,7.53838046267238,1.6484447215481481
2024-07-05 08:29:09,986.27,1077.51,45.01,53.81,1031.8899999999999,2063.7799999999997,91.24000000000001,0.08842027726945675,98.82,8.800000000000004,14.220000000000027,11.059999999999945,12.639999999999873,3.160000000000082,0.24999998022152956,12.440000000000055,-5.480000000000018,3.4799999999999045,0.5799999999999983,0.6000000000000014,0.020000000000003126,10.442116874700295,15.630736387003902,6.07234715740131,1.7172871047090152
2024-07-05 08:29:10,991.61,1088.59,45.61,54.41,1040.1,2080.2,96.9799999999999,0.09324103442626562,100.02,8.799999999999997,5.340000000000032,11.079999999999927,8.210000000000036,5.739999999999895,0.6991472960843574,-8.879999999999995,0.01999999999998181,-4.429999999999836,0.6000000000000014,0.5999999999999943,7.105427357601002e-15,10.398920111988401,16.075726422156126,6.704007756558709,1.8409562732449134
2024-07-05 08:29:11,1007.67,1090.44,46.18,55.01,1049.055,2098.11,82.7700000000001,0.07889958097630773,101.19,8.829999999999998,16.059999999999945,1.8500000000001364,8.955000000000155,14.209999999999809,1.5868228267087368,10.719999999999914,-9.22999999999979,0.7450000000001182,0.5700000000000003,0.6000000000000014,0.030000000000001137,10.367180448985271,15.657395057927422,7.487995726494451,1.7110902956886103
2024-07-05 08:29:12,1009.46,1108.96,46.76,55.61,1059.21,2118.42,99.5,0.09393793478730568,102.37,8.850000000000001,1.7900000000000773,18.519999999999982,10.154999999999973,16.729999999999905,1.6474641410670419,-14.269999999999868,16.669999999999845,1.199999999999818,0.5799999999999983,0.6000000000000014,0.020000000000003126,10.346878867374437,15.389222852373353,6.476852630714969,1.7204992008134525
2024-07-05 08:29:13,1021.99,1116.39,47.36,56.21,1069.19,2138.38,94.40000000000009,0.08829113619815836,103.57,8.850000000000001,12.529999999999973,7.430000000000064,9.980000000000018,5.099999999999909,0.5110219928835579,10.739999999999895,-11.089999999999918,-0.17499999999995453,0.6000000000000014,0.6000000000000014,0.0,10.323356084548074,14.831501272629461,6.476852630714969,1.6799873511427743
2024-07-05 08:29:14,1034.56,1129.42,47.94,56.79,1081.99,2163.98,94.86000000000013,0.08767178986157759,104.72999999999999,8.850000000000001,12.569999999999936,13.029999999999973,12.799999999999955,0.4600000000000364,0.035937497192386,0.03999999999996362,5.599999999999909,2.8199999999999363,0.5799999999999983,0.5799999999999983,0.0,10.331232594946696,16.465129212976315,6.436203850096691,1.7434556203126643
2024-07-05 08:29:15,1038.16,1129.42,48.52,57.39,1083.79,2167.58,91.25999999999999,0.08420450448499754,105.91,8.869999999999997,3.6000000000001364,0.0,1.7999999999999545,3.6000000000001364,1.9999988888896325,-8.9699999999998,-13.029999999999973,-11.0,0.5800000000000054,0.6000000000000014,0.01999999999999602,10.233122365847207,14.836984026411903,6.2123522115218,4.130170396000638
2024-07-05 08:29:16,1043.56,1146.21,49.12,57.99,1094.885,2189.77,102.65000000000009,0.0937541384768683,107.11,8.870000000000005,5.399999999999864,16.789999999999964,11.095000000000027,11.3900000000001,1.0265884608753142,1.7999999999997272,16.789999999999964,9.295000000000073,0.5999999999999943,0.6000000000000014,7.105427357601002e-15,10.22206133673736,13.829793743942835,4.510374707272126,4.266897877849914
2024-07-05 08:29:17,1054.37,1161.19,49.7,58.59,1107.78,2215.56,106.82000000000016,0.09642708832401115,108.29,8.89,10.809999999999945,14.980000000000018,12.894999999999982,4.170000000000073,0.323381130408604,5.410000000000082,-1.8099999999999454,1.7999999999999545,0.5800000000000054,0.6000000000000014,0.01999999999999602,10.229753345371194,14.536104017239229,6.474219644096161,4.5894299754980565
2024-07-05 08:29:18,1067.02,1166.81,50.28,59.19,1116.915,2233.83,99.78999999999996,0.08934430991673999,109.47,8.909999999999997,12.650000000000091,5.619999999999891,9.134999999999991,7.0300000000002,0.769567512909983,1.8400000000001455,-9.360000000000127,-3.759999999999991,0.5799999999999983,0.5999999999999943,0.01999999999999602,10.202932217018981,15.14155812656015,6.166792521238296,4.5927429168199785
2024-07-05 08:29:19,1081.51,1178.08,50.88,59.77,1129.795,2259.59,96.56999999999994,0.08547568356606662,110.65,8.89,14.490000000000009,11.269999999999982,12.88000000000011,3.2200000000000273,0.24999998059006362,1.8399999999999181,5.650000000000091,3.7450000000001182,0.6000000000000014,0.5800000000000054,0.01999999999999602,10.210528601802725,18.050841600878478,5.916880090047534,4.607034566833675
2024-07-05 08:29:20,1088.78,1189.37,51.46,60.28,1139.0749999999998,2278.1499999999996,100.58999999999992,0.08830849585118752,111.74000000000001,8.82,7.269999999999982,11.289999999999964,9.279999999999745,4.019999999999982,0.43318960849250904,-7.220000000000027,0.01999999999998181,-3.600000000000364,0.5799999999999983,0.509999999999998,0.07000000000000028,10.193976998443016,17.483749597841058,3.789746693382124,1.8408442356702304
2024-07-05 08:29:21,1097.87,1181.84,52.03,60.57,1139.855,2279.71,83.97000000000003,0.07366726463131956,112.6,8.54,9.089999999999918,-7.529999999999973,0.7800000000002001,16.61999999999989,21.30766499016748,1.8199999999999363,-18.819999999999936,-8.499999999999545,0.5700000000000003,0.28999999999999915,0.28000000000000114,10.123046091269574,14.048888034289854,8.449391694080733,4.946975591207148
2024-07-05 08:29:22,1097.87,1174.32,52.61,60.95,1136.0949999999998,2272.1899999999996,76.45000000000005,0.06729190774777474,113.56,8.340000000000003,0.0,-7.519999999999982,-3.7600000000002183,7.519999999999982,1.9999994680851267,-9.089999999999918,0.009999999999990905,-4.540000000000418,0.5799999999999983,0.38000000000000256,0.19999999999999574,10.004358841102862,9.491349745953727,10.726801946526228,6.889469863494611
2024-07-05 08:29:23,1110.63,1183.72,53.19,61.29,1147.1750000000002,2294.3500000000004,73.08999999999992,0.06371303413715158,114.47999999999999,8.100000000000001,12.760000000000218,9.400000000000091,11.080000000000382,3.3600000000001273,0.3032490701038756,12.760000000000218,16.920000000000073,14.8400000000006,0.5799999999999983,0.3399999999999963,0.240000000000002,10.02074589429817,6.303418120355002,12.108826532740462,7.183169216996176
2024-07-05 08:29:24,1125.25,1212.03,53.77,61.62,1168.6399999999999,2337.2799999999997,86.77999999999997,0.07425725623437733,115.39,7.849999999999994,14.61999999999989,28.309999999999945,21.46499999999969,13.690000000000055,0.6377824068119191,1.8599999999996726,18.909999999999854,10.384999999999309,0.5800000000000054,0.3299999999999983,0.2500000000000071,10.12774061766409,13.206388416218239,10.710195142946723,9.779956799495531
2024-07-05 08:29:25,1132.57,1178.08,54.35,61.86,1155.3249999999998,2310.6499999999996,45.50999999999999,0.03939151317647284,116.21000000000001,7.509999999999998,7.319999999999936,-33.950000000000045,-13.315000000000055,41.26999999999998,3.0995115959810904,-7.2999999999999545,-62.25999999999999,-34.779999999999745,0.5799999999999983,0.240000000000002,0.3399999999999963,9.94170028447035,13.022694421663457,16.414262091242488,13.441868824683555
2024-07-05 08:29:26,1134.4,1183.72,54.95,62.09,1159.06,2318.12,49.319999999999936,0.04255172291119374,117.04,7.140000000000001,1.8300000000001546,5.6400000000001,3.7350000000001273,3.8099999999999454,1.0200800481712897,-5.489999999999782,39.590000000000146,17.050000000000182,0.6000000000000014,0.23000000000000398,0.36999999999999744,9.90310996323385,12.30968186022803,17.951859235187882,13.370894416605045
2024-07-05 08:29:27,1136.24,1181.84,55.53,62.35,1159.04,2318.08,45.59999999999991,0.03934290443872256,117.88,6.82,1.8399999999999181,-1.8800000000001091,-0.01999999999998181,3.7200000000000273,185.99070046514726,0.009999999999763531,-7.520000000000209,-3.755000000000109,0.5799999999999983,0.259999999999998,0.3200000000000003,9.832371820220803,7.740082848395589,18.840654181848365,12.936941968641547
2024-07-05 08:29:28,1154.61,1223.39,56.1,62.51,1189.0,2378.0,68.7800000000002,0.057846930144788276,118.61,6.409999999999997,18.36999999999989,41.55000000000018,29.960000000000036,23.18000000000029,0.7736982385281049,16.529999999999973,43.43000000000029,29.980000000000018,0.5700000000000003,0.1599999999999966,0.4100000000000037,10.024449793234552,13.659278714486874,18.18256912540144,17.318498419320267
2024-07-05 08:29:29,1158.29,1223.39,56.59,62.64,1190.8400000000001,2381.6800000000003,65.10000000000014,0.05466729362914651,119.23,6.049999999999997,3.6800000000000637,0.0,1.8400000000001455,3.6800000000000637,1.9999989130439455,-14.689999999999827,-41.55000000000018,-28.11999999999989,0.490000000000002,0.13000000000000256,0.35999999999999943,9.987754675939323,17.66588789164128,11.208096180886514,15.76117896922691
2024-07-05 08:29:30,1163.82,1183.72,56.95,62.8,1173.77,2347.54,19.90000000000009,0.01695391770367804,119.75,5.849999999999994,5.529999999999973,-39.67000000000007,-17.070000000000164,45.200000000000045,2.647920172939627,1.849999999999909,-39.67000000000007,-18.91000000000031,0.35999999999999943,0.1599999999999966,0.20000000000000284,9.801837078899064,15.452013461036024,19.404849909236656,16.869196187133575
2024-07-05 08:29:31,1163.82,1183.72,57.28,62.95,1173.77,2347.54,19.90000000000009,0.01695391770367804,120.23,5.670000000000002,0.0,0.0,0.0,0.0,0.0,-5.529999999999973,39.67000000000007,17.070000000000164,0.3299999999999983,0.15000000000000568,0.1799999999999926,9.762704734569535,13.02468540887038,23.57612521174762,16.949156911185934
2024-07-05 08:29:32,1169.35,1198.8,57.62,63.06,1184.0749999999998,2368.1499999999996,29.450000000000045,0.024871735299814887,120.68,5.440000000000005,5.529999999999973,15.079999999999927,10.304999999999836,9.549999999999955,0.9267345049263078,5.529999999999973,15.079999999999927,10.304999999999836,0.3399999999999963,0.10999999999999943,0.22999999999999687,9.811691996920018,8.162316154134482,24.370379151749002,17.126112226655575
2024-07-05 08:29:33,1154.61,1196.91,57.86,63.2,1175.76,2351.52,42.30000000000018,0.03597672991428816,121.06,5.340000000000003,-14.740000000000009,-1.8899999999998727,-8.314999999999827,12.850000000000136,1.5453996938786183,-20.269999999999982,-16.9699999999998,-18.619999999999663,0.240000000000002,0.14000000000000057,0.10000000000000142,9.712208741845293,7.5676512208242235,19.010378744254446,10.428844974396728
2024-07-05 08:29:34,1154.61,1198.8,58.06,63.29,1176.705,2353.41,44.190000000000055,0.0375540173301261,121.35,5.229999999999997,0.0,1.8899999999998727,0.9449999999999363,1.8899999999998727,1.999997883600123,14.740000000000009,3.7799999999997453,9.259999999999764,0.20000000000000284,0.0899999999999963,0.11000000000000654,9.696786075840247,4.25372689532822,11.730079709874115,10.339856502872728
2024-07-05 08:29:35,1158.29,1198.8,58.22,63.35,1178.545,2357.09,40.50999999999999,0.03437289196901866,121.57,5.130000000000003,3.6800000000000637,0.0,1.8400000000001455,3.6800000000000637,1.9999989130439455,3.6800000000000637,-1.8899999999998727,0.8950000000002092,0.1599999999999966,0.060000000000002274,0.09999999999999432,9.694373532167695,3.921988335020865,10.326594307902296,6.6153372929880465
2024-07-05 08:29:36,1158.29,1230.98,58.37,63.44,1194.635,2389.27,72.69000000000005,0.060847036910146625,121.81,5.07,0.0,32.180000000000064,16.089999999999918,32.180000000000064,1.9999998756992137,-3.6800000000000637,32.180000000000064,14.249999999999773,0.14999999999999858,0.0899999999999963,0.060000000000002274,9.807363846914344,7.791739536204032,16.071845569193353,9.373224231821075
2024-07-05 08:29:37,1163.82,1236.67,58.51,63.49,1200.245,2400.49,72.85000000000014,0.060695941194759566,122.0,4.980000000000004,5.529999999999973,5.690000000000055,5.6099999999999,0.16000000000008185,0.028520494024882475,5.529999999999973,-26.49000000000001,-10.480000000000018,0.14000000000000057,0.05000000000000426,0.0899999999999963,9.838073689851853,11.412016473877372,16.721651234253166,8.824458481969206
2024-07-05 08:29:38,1152.77,1227.18,58.64,63.53,1189.975,2379.95,74.41000000000008,0.06253072538286045,122.17,4.890000000000001,-11.049999999999955,-9.490000000000009,-10.269999999999982,1.5599999999999454,0.15189871938668248,-16.579999999999927,-15.180000000000064,-15.879999999999882,0.13000000000000256,0.03999999999999915,0.09000000000000341,9.740320784641721,10.183758147170042,17.024235665662097,9.482859273446966
2024-07-05 08:29:39,1150.93,1196.91,58.75,63.58,1173.92,2347.84,45.98000000000002,0.039167916008613954,122.33,4.829999999999998,-1.8399999999999181,-30.269999999999982,-16.054999999999836,28.430000000000064,1.7707878062418279,9.210000000000036,-20.779999999999973,-5.7849999999998545,0.10999999999999943,0.04999999999999716,0.060000000000002274,9.596337696424936,11.000804743292669,16.597684175812045,12.800688262745787
2024-07-05 08:29:40,1178.59,1198.8,58.88,63.64,1188.695,2377.39,20.210000000000036,0.017001838135937475,122.52000000000001,4.759999999999998,27.659999999999854,1.8899999999998727,14.774999999999864,25.769999999999982,1.7441623185000272,29.499999999999773,32.159999999999854,30.8299999999997,0.13000000000000256,0.060000000000002274,0.07000000000000028,9.702048565931696,9.816225343789398,23.849482593968393,14.588456481067375
2024-07-05 08:29:41,1158.29,1202.58,58.95,63.69,1180.435,2360.87,44.289999999999964,0.03752006672326718,122.64,4.739999999999995,-20.299999999999955,3.7799999999999727,-8.259999999999991,24.079999999999927,2.9152538843518245,-47.95999999999981,1.8900000000001,-23.034999999999854,0.07000000000000028,0.04999999999999716,0.020000000000003126,9.625203770179356,10.009254717512679,22.595340670147063,12.658082891970533
2024-07-05 08:29:42,1173.04,1198.8,59.04,63.69,1185.92,2371.84,25.75999999999999,0.021721532631440953,122.72999999999999,4.649999999999999,14.75,-3.7799999999999727,5.485000000000127,18.529999999999973,3.378303850810518,35.049999999999955,-7.559999999999945,13.745000000000118,0.0899999999999963,0.0,0.0899999999999963,9.66283704340555,6.624255995962683,21.27175239607684,12.63732813928633
2024-07-05 08:29:43,1165.66,1198.8,59.08,63.73,1182.23,2364.46,33.13999999999987,0.028031770443964456,122.81,4.649999999999999,-7.379999999999882,0.0,-3.6900000000000546,7.379999999999882,1.9999994579946652,-22.12999999999988,3.7799999999999727,-9.175000000000182,0.03999999999999915,0.03999999999999915,0.0,9.626496135278103,5.649998893809273,11.270857553886469,11.99995385407786
2024-07-05 08:29:44,1165.66,1204.46,59.13,63.8,1185.06,2370.12,38.799999999999955,0.03274095823608846,122.93,4.669999999999995,0.0,5.660000000000082,2.8299999999999272,5.660000000000082,1.9999992932865491,7.379999999999882,5.660000000000082,6.519999999999982,0.05000000000000426,0.07000000000000028,0.01999999999999602,9.640120315300411,3.2249042621524,9.689651696526523,8.85181520932285
2024-07-05 08:29:45,1158.29,1200.69,59.17,63.8,1179.49,2358.98,42.40000000000009,0.03594774009449198,122.97,4.6299999999999955,-7.370000000000118,-3.769999999999982,-5.569999999999936,3.6000000000001364,0.6463194530845107,-7.370000000000118,-9.430000000000064,-8.399999999999864,0.03999999999999915,0.0,0.03999999999999915,9.591688951844443,2.809207183539057,7.528394251100316,5.788270898981845
2024-07-05 08:29:46,1152.77,1196.91,59.22,63.8,1174.8400000000001,2349.6800000000003,44.1400000000001,0.037571073475902265,123.02,4.579999999999998,-5.519999999999982,-3.7799999999999727,-4.649999999999864,1.740000000000009,0.37419346791539615,1.8500000000001364,-0.009999999999990905,0.9200000000000728,0.04999999999999716,0.0,0.04999999999999716,9.549991793610863,4.503839473165792,7.491683388932076,4.952191938929656
2024-07-05 08:29:47,1163.82,1202.58,59.28,63.84,1183.1999999999998,2366.3999999999996,38.75999999999999,0.032758620661968704,123.12,4.560000000000002,11.049999999999955,5.669999999999845,8.359999999999673,5.380000000000109,0.6435405928779578,16.569999999999936,9.449999999999818,13.009999999999536,0.060000000000002274,0.04000000000000625,0.01999999999999602,9.610136374186675,3.9703815937571676,4.225318922874429,5.972485244853934
2024-07-05 08:29:48,1154.61,1187.49,59.31,63.84,1171.05,2342.1,32.88000000000011,0.028077366442015916,123.15,4.530000000000001,-9.210000000000036,-15.089999999999918,-12.149999999999864,5.879999999999882,0.4839505774526231,-20.25999999999999,-20.759999999999764,-20.509999999999536,0.030000000000001137,0.0,0.030000000000001137,9.509135123758545,5.8039185039112935,4.322832404801275,7.955657106738388
2024-07-05 08:29:49,1163.82,1227.18,59.33,63.86,1195.5,2391.0,63.36000000000013,0.05299874525052394,123.19,4.530000000000001,9.210000000000036,39.690000000000055,24.450000000000045,30.480000000000018,1.2466257158844272,18.420000000000073,54.77999999999997,36.59999999999991,0.01999999999999602,0.01999999999999602,0.0,9.704521392121752,9.409422405230103,11.48941773981608,14.54444292504865
2024-07-05 08:29:50,1156.45,1200.69,59.35,63.89,1178.5700000000002,2357.1400000000003,44.24000000000001,0.03753701516453243,123.24000000000001,4.539999999999999,-7.369999999999891,-26.49000000000001,-16.929999999999836,19.12000000000012,1.129356105767525,-16.579999999999927,-66.18000000000006,-41.37999999999988,0.020000000000003126,0.030000000000001137,0.00999999999999801,9.563209919156039,9.450739124536552,11.442398349996406,16.75852559147124
2024-07-05 08:29:51,1165.66,1198.8,59.39,63.89,1182.23,2364.46,33.13999999999987,0.028031770443964456,123.28,4.5,9.210000000000036,-1.8900000000001,3.6599999999998545,11.100000000000136,3.0327860566159894,16.579999999999927,24.59999999999991,20.58999999999969,0.03999999999999915,0.0,0.03999999999999915,9.58979550949225,8.879045556817912,12.572846932974304,16.61635248783549
2024-07-05 08:29:52,1158.29,1193.14,59.39,63.91,1175.7150000000001,2351.4300000000003,34.850000000000136,0.029641537252104968,123.3,4.519999999999996,-7.370000000000118,-5.6599999999998545,-6.514999999999873,1.7100000000002638,0.26247117997377084,-16.580000000000155,-3.7699999999997544,-10.174999999999727,0.0,0.01999999999999602,0.01999999999999602,9.53540138251905,9.271632542332915,12.976859404339747,16.406444465514085
2024-07-05 08:29:53,1165.66,1187.49,59.44,63.91,1176.575,2353.15,21.829999999999927,0.018553853329746146,123.35,4.469999999999999,7.370000000000118,-5.650000000000091,0.8599999999999,13.02000000000021,15.139517279633074,14.740000000000236,0.009999999999763531,7.374999999999773,0.04999999999999716,0.0,0.04999999999999716,9.538508232359074,8.10250007713957,15.540808537524752,15.288089318158704
2024-07-05 08:29:54,1163.82,1238.57,59.44,63.93,1201.195,2402.39,74.75,0.06222969620900046,123.37,4.490000000000002,-1.8400000000001455,51.07999999999993,24.61999999999989,52.92000000000007,2.149471886698961,-9.210000000000264,56.73000000000002,23.75999999999999,0.0,0.020000000000003126,0.020000000000003126,9.736524197645098,10.553736660541002,20.08574046431948,15.353038135821732
2024-07-05 08:29:55,1165.66,1198.8,59.48,63.98,1182.23,2364.46,33.13999999999987,0.028031770443964456,123.46,4.5,1.8400000000001455,-39.76999999999998,-18.964999999999918,41.61000000000013,2.194041539992553,3.680000000000291,-90.84999999999991,-43.58499999999981,0.03999999999999915,0.04999999999999716,0.00999999999999801,9.575813951273174,10.306079152619004,20.35500110537951,15.966503452540795
2024-07-05 08:29:56,1160.13,1200.69,59.48,63.98,1180.41,2360.82,40.559999999999945,0.03436094235531637,123.46,4.5,-5.529999999999973,1.8900000000001,-1.8199999999999363,7.420000000000073,4.076920836856866,-7.370000000000118,41.66000000000008,17.144999999999982,0.0,0.0,0.0,9.561072334674614,10.397809264457951,20.0396090281223,15.903225852008683
2024-07-05 08:29:57,1165.66,1185.61,59.48,63.98,1175.635,2351.27,19.949999999999818,0.016969552610317202,123.46,4.5,5.529999999999973,-15.080000000000155,-4.775000000000091,20.610000000000127,4.31622946256969,11.059999999999945,-16.970000000000255,-2.9550000000001546,0.0,0.0,0.0,9.52239584057674,10.412306060621157,22.181053401495667,15.753308938124647
2024-07-05 08:29:58,1163.82,1242.38,59.53,63.98,1203.1,2406.2,78.56000000000017,0.06529798016349612,123.50999999999999,4.449999999999996,-1.8400000000001455,56.77000000000021,27.464999999999918,58.610000000000355,2.13398863520888,-7.370000000000118,71.85000000000036,32.24000000000001,0.05000000000000426,0.0,0.05000000000000426,9.740911588204101,12.69440102958994,25.99405451252279,20.034593519709784
2024-07-05 08:29:59,1154.61,1195.03,59.53,64.0,1174.82,2349.64,40.42000000000007,0.03440527056535878,123.53,4.469999999999999,-9.210000000000036,-47.350000000000136,-28.279999999999973,38.1400000000001,1.3486562465114529,-7.369999999999891,-104.12000000000035,-55.74499999999989,0.0,0.020000000000003126,0.020000000000003126,9.510402254428865,11.534524480881185,21.82041658630755,21.2175678978529
2024-07-05 08:30:00,1158.29,1195.03,59.53,64.0,1176.6599999999999,2353.3199999999997,36.74000000000001,0.031223972913820508,123.53,4.469999999999999,3.6800000000000637,0.0,1.8399999999999181,3.6800000000000637,1.9999989130441926,12.8900000000001,47.350000000000136,30.11999999999989,0.0,0.0,0.0,9.525297421474155,11.91890515106341,21.490178687018986,19.85811087440088
2024-07-05 08:30:01,1160.13,1191.26,59.53,64.0,1175.6950000000002,2351.3900000000003,31.12999999999988,0.02647795556970296,123.53,4.469999999999999,1.8400000000001455,-3.769999999999982,-0.9649999999996908,5.610000000000127,5.81346547827611,-1.8399999999999181,-3.769999999999982,-2.804999999999609,0.0,0.0,0.0,9.517485553974861,12.269867868075998,22.187321830270676,19.854192441396314
2024-07-05 08:30:02,1165.66,1200.69,59.57,64.04,1183.1750000000002,2366.3500000000004,35.02999999999997,0.029606778346730776,123.61000000000001,4.470000000000006,5.529999999999973,9.430000000000064,7.480000000000018,3.900000000000091,0.5213903046269756,3.689999999999827,13.200000000000045,8.444999999999709,0.03999999999999915,0.04000000000000625,7.105427357601002e-15,9.57183877055385,11.874669995416557,19.39915281655371,20.01862588940605
2024-07-05 08:30:03,1163.82,1198.8,59.57,64.04,1181.31,2362.62,34.98000000000002,0.029611194326966524,123.61000000000001,4.470000000000006,-1.8400000000001455,-1.8900000000001,-1.8650000000002365,0.049999999999954525,0.026809637099362515,-7.370000000000118,-11.320000000000164,-9.345000000000255,0.0,0.0,0.0,9.55675099460601,3.6880425024720376,3.361703437247317,13.86130432174403
2024-07-05 08:30:04,1163.82,1196.91,59.57,64.04,1180.365,2360.73,33.090000000000146,0.028033701416058966,123.61000000000001,4.470000000000006,0.0,-1.8899999999998727,-0.9449999999999363,1.8899999999998727,1.999997883600123,1.8400000000001455,2.2737367544323206e-13,0.9200000000003001,0.0,0.0,0.0,9.549105982128419,3.1644971954548415,2.14509440351703,3.8239073602795366
2024-07-05 08:30:05,1154.61,1189.37,59.57,64.04,1171.9899999999998,2343.9799999999996,34.75999999999999,0.02965895610913151,123.61000000000001,4.470000000000006,-9.210000000000036,-7.540000000000191,-8.375000000000227,1.6699999999998454,0.1994029612652942,-9.210000000000036,-5.650000000000318,-7.430000000000291,0.0,0.0,0.0,9.481352564668288,4.5683101361489555,1.6926222260150274,5.635417464571816
2024-07-05 08:30:06,1156.45,1196.91,59.62,64.04,1176.68,2353.36,40.460000000000036,0.0343848794622286,123.66,4.420000000000009,1.8400000000001455,7.540000000000191,4.690000000000282,5.7000000000000455,1.2153515532298826,11.050000000000182,15.080000000000382,13.06500000000051,0.04999999999999716,0.0,0.04999999999999716,9.515445499632497,4.436055962230609,2.7979510360261637,6.169771673247065
2024-07-05 08:30:07,1156.45,1200.69,59.62,64.09,1178.5700000000002,2357.1400000000003,44.24000000000001,0.03753701516453243,123.71000000000001,4.470000000000006,0.0,3.7799999999999727,1.8900000000001,3.7799999999999727,1.9999989417993815,-1.8400000000001455,-3.7600000000002183,-2.800000000000182,0.0,0.04999999999999716,0.04999999999999716,9.526877297495131,3.6912491110788874,4.676941308162817,4.894866443530598
2024-07-05 08:30:08,1160.13,1200.69,59.62,64.09,1180.41,2360.82,40.559999999999945,0.03436094235531637,123.71000000000001,4.470000000000006,3.6800000000000637,0.0,1.8399999999999181,3.6800000000000637,1.9999989130441926,3.6800000000000637,-3.7799999999999727,-0.0500000000001819,0.0,0.0,0.0,9.54175079183776,3.492874174664847,4.588411489829523,4.995634344105023
2024-07-05 08:30:09,1165.66,1193.14,59.62,64.09,1179.4,2358.8,27.480000000000018,0.02329998302246908,123.71000000000001,4.470000000000006,5.529999999999973,-7.5499999999999545,-1.009999999999991,13.079999999999927,12.950482227245365,1.849999999999909,-7.5499999999999545,-2.849999999999909,0.0,0.0,0.0,9.533586536790992,3.324718033163212,6.547152052610348,4.998206678399928
2024-07-05 08:30:10,1174.89,1198.8,59.64,64.09,1186.845,2373.69,23.909999999999854,0.020145848851243424,123.73,4.450000000000003,9.230000000000018,5.6599999999998545,7.444999999999936,3.5700000000001637,0.47951638958815374,3.7000000000000455,13.209999999999809,8.454999999999927,0.020000000000003126,0.0,0.020000000000003126,9.592216846421913,3.864052924073505,9.015220463194492,3.211997820671755
2024-07-05 08:30:11,1165.66,1185.61,59.66,64.09,1175.635,2351.27,19.949999999999818,0.016969552610317202,123.75,4.430000000000007,-9.230000000000018,-13.190000000000055,-11.210000000000036,3.9600000000000364,0.3532559898968808,-18.460000000000036,-18.84999999999991,-18.654999999999973,0.01999999999999602,0.0,0.01999999999999602,9.50008073131248,4.13316857871065,10.620643577486312,6.871162929228209
2024-07-05 08:30:12,1158.29,1195.03,59.66,64.09,1176.6599999999999,2353.3199999999997,36.74000000000001,0.031223972913820508,123.75,4.430000000000007,-7.370000000000118,9.420000000000073,1.0249999999998636,16.79000000000019,16.380471823932297,1.8599999999999,22.610000000000127,12.2349999999999,0.0,0.0,0.0,9.508363559528375,4.398023703897145,8.674852736502274,6.815769032178229
2024-07-05 08:30:13,1163.82,1200.69,59.66,64.13,1182.255,2364.51,36.87000000000012,0.031186165394787035,123.78999999999999,4.469999999999999,5.529999999999973,5.660000000000082,5.595000000000255,0.13000000000010914,0.023235027125125308,12.900000000000091,-3.759999999999991,4.570000000000391,0.0,0.03999999999999204,0.03999999999999204,9.550488653764534,4.538211927625393,7.61519861855235,7.310712516574606
2024-07-05 08:30:14,1165.66,1200.69,59.66,64.13,1183.1750000000002,2366.3500000000004,35.02999999999997,0.029606778346730776,123.78999999999999,4.469999999999999,1.8400000000001455,0.0,0.9200000000000728,1.8400000000001455,1.9999978260893194,-3.689999999999827,-5.660000000000082,-4.675000000000182,0.0,0.0,0.0,9.557920594895224,4.691788571540898,7.980695458417251,7.2705407295469175
2024-07-05 08:30:15,1165.66,1193.14,59.66,64.13,1179.4,2358.8,27.480000000000018,0.02329998302246908,123.78999999999999,4.469999999999999,0.0,-7.5499999999999545,-3.775000000000091,7.5499999999999545,1.9999994701987556,-1.8400000000001455,-7.5499999999999545,-4.695000000000164,0.0,0.0,0.0,9.527425401668753,3.319689368004452,7.380875964274244,6.36455359785752
2024-07-05 08:30:16,1163.82,1200.69,59.66,64.13,1182.255,2364.51,36.87000000000012,0.031186165394787035,123.78999999999999,4.469999999999999,-1.8400000000001455,7.5499999999999545,2.855000000000018,9.3900000000001,3.288965573041845,-1.8400000000001455,15.099999999999909,6.630000000000109,0.0,0.0,0.0,9.550488653764534,2.6907838077484616,4.054771263585674,3.4219080934473993
2024-07-05 08:30:17,1169.35,1198.8,59.71,64.13,1184.0749999999998,2368.1499999999996,29.450000000000045,0.024871735299814887,123.84,4.419999999999995,5.529999999999973,-1.8900000000001,1.819999999999709,7.420000000000073,4.076920836857375,7.370000000000118,-9.440000000000055,-1.0350000000003092,0.05000000000000426,0.0,0.05000000000000426,9.561329057159808,1.754079530705493,4.388895077351501,3.4230114665307108
2024-07-05 08:30:18,1167.51,1198.8,59.71,64.13,1183.155,2366.31,31.289999999999964,0.02644623905874862,123.84,4.419999999999995,-1.8399999999999181,0.0,-0.9199999999998454,1.8399999999999181,1.9999978260895666,-7.369999999999891,1.8900000000001,-2.7399999999995543,0.0,0.0,0.0,9.553900116651324,1.8025384878109962,3.8836812433566323,2.6098299753048892
2024-07-05 08:30:19,1165.66,1193.14,59.71,64.13,1179.4,2358.8,27.480000000000018,0.02329998302246908,123.84,4.419999999999995,-1.849999999999909,-5.6599999999998545,-3.7549999999998818,3.8099999999999454,1.0146468669382684,-0.009999999999990905,-5.6599999999998545,-2.8350000000000364,0.0,0.0,0.0,9.523578734467227,2.158496583281965,3.8904794049063205,3.074506057889561
2024-07-05 08:30:20,1167.51,1195.03,59.71,64.13,1181.27,2362.54,27.519999999999982,0.02329696003174805,123.84,4.419999999999995,1.849999999999909,1.8899999999998727,1.8699999999998909,0.03999999999996362,0.021390362892835864,3.699999999999818,7.549999999999727,5.624999999999773,0.0,0.0,0.0,9.53867886354426,1.8022742577199231,3.8827142568054493,2.7021921656313412
2024-07-05 08:30:21,1163.82,1202.58,59.71,64.18,1183.1999999999998,2366.3999999999996,38.75999999999999,0.032758620661968704,123.89000000000001,4.470000000000006,-3.6900000000000546,7.5499999999999545,1.9299999999998363,11.240000000000009,5.823831179362582,-5.539999999999964,5.660000000000082,0.05999999999994543,0.0,0.05000000000001137,0.05000000000001137,9.550407542574801,1.879531191558113,4.667842113868022,2.5150556653877905
2024-07-05 08:30:22,1165.66,1200.69,59.71,64.18,1183.1750000000002,2366.3500000000004,35.02999999999997,0.029606778346730776,123.89000000000001,4.470000000000006,1.8400000000001455,-1.8899999999998727,-0.024999999999636202,3.730000000000018,149.19403224088214,5.5300000000002,-9.439999999999827,-1.9549999999994725,0.0,0.0,0.0,9.550205750664253,1.6911201908912468,4.89597079239653,2.345572957722587
2024-07-05 08:30:23,1154.61,1198.8,59.71,64.18,1176.705,2353.41,44.190000000000055,0.0375540173301261,123.89000000000001,4.470000000000006,-11.050000000000182,-1.8900000000001,-6.470000000000255,9.160000000000082,1.4157648507318192,-12.890000000000327,-2.2737367544323206e-13,-6.4450000000006185,0.0,0.0,0.0,9.49798200421356,2.7539993645678718,7.250505499618644,3.70347303216863
2024-07-05 08:30:24,1163.82,1193.14,59.71,64.18,1178.48,2356.96,29.320000000000164,0.024879505782975236,123.89000000000001,4.470000000000006,9.210000000000036,-5.6599999999998545,1.775000000000091,14.86999999999989,8.37746006903609,20.26000000000022,-3.7699999999997544,8.245000000000346,0.0,0.0,0.0,9.512309229862707,2.8939233749428,6.833756653554457,3.607792607675868
2024-07-05 08:30:25,1154.61,1198.8,59.71,64.18,1176.705,2353.41,44.190000000000055,0.0375540173301261,123.89000000000001,4.470000000000006,-9.210000000000036,5.6599999999998545,-1.775000000000091,14.86999999999989,8.37746006903609,-18.420000000000073,11.319999999999709,-3.550000000000182,0.0,0.0,0.0,9.49798200421356,3.3069256871058608,6.342891296561813,3.4539770555116314
2024-07-05 08:30:26,1169.35,1196.91,59.75,64.18,1183.13,2366.26,27.560000000000173,0.023294143481025775,123.93,4.430000000000007,14.740000000000009,-1.8899999999998727,6.425000000000182,16.62999999999988,2.5883264453965706,23.950000000000045,-7.549999999999727,8.200000000000273,0.03999999999999915,0.0,0.03999999999999915,9.546760190859677,3.288250674757178,7.920421074665105,4.728700138516036
2024-07-05 08:30:27,1161.98,1196.91,59.75,64.18,1179.4450000000002,2358.8900000000003,34.930000000000064,0.029615624272759163,123.93,4.430000000000007,-7.369999999999891,0.0,-3.6849999999999454,7.369999999999891,1.999999457259306,-22.1099999999999,1.8899999999998727,-10.110000000000127,0.0,0.0,0.0,9.51702566354373,2.6458519421995135,7.9237913904897255,5.005981921661471
2024-07-05 08:30:28,1154.61,1196.91,59.75,64.2,1175.76,2351.52,42.30000000000018,0.03597672991428816,123.95,4.450000000000003,-7.370000000000118,0.0,-3.685000000000173,7.370000000000118,1.9999994572592443,-2.2737367544323206e-13,0.0,-2.2737367544323206e-13,0.0,0.01999999999999602,0.01999999999999602,9.485760310723999,2.865827541922369,7.469755685429048,4.317456427110873
2024-07-05 08:30:29,1160.13,1200.69,59.75,64.2,1180.41,2360.82,40.559999999999945,0.03436094235531637,123.95,4.450000000000003,5.520000000000209,3.7799999999999727,4.650000000000091,1.7400000000002365,0.3741934679154268,12.890000000000327,3.7799999999999727,8.335000000000264,0.0,0.0,0.0,9.523275437488703,2.9566513998171833,6.740472535364231,4.807993864388878
2024-07-05 08:30:30,1160.13,1200.69,59.75,64.2,1180.41,2360.82,40.559999999999945,0.03436094235531637,123.95,4.450000000000003,0.0,0.0,0.0,0.0,0.0,-5.520000000000209,-3.7799999999999727,-4.650000000000091,0.0,0.0,0.0,9.523275437488703,2.6587553479101715,6.055371169465945,4.672156086861929
2024-07-05 08:30:31,1163.82,1200.69,59.75,64.2,1182.255,2364.51,36.87000000000012,0.031186165394787035,123.95,4.450000000000003,3.689999999999827,0.0,1.8450000000000273,3.689999999999827,1.9999989159896243,3.689999999999827,0.0,1.8450000000000273,0.0,0.0,0.0,9.538160471656633,2.4039119160320372,3.035182037374357,3.60665530651329
2024-07-05 08:30:32,1165.66,1195.03,59.75,64.2,1180.345,2360.69,29.36999999999989,0.024882555502939677,123.95,4.450000000000003,1.8400000000001455,-5.660000000000082,-1.9100000000000819,7.500000000000227,3.926699514816959,-1.8499999999996817,-5.660000000000082,-3.755000000000109,0.0,0.0,0.0,9.522751032490916,2.4178177143947233,5.179958494042269,3.2439116048376944
2024-07-05 08:30:33,1165.66,1191.26,59.75,64.2,1178.46,2356.92,25.59999999999991,0.02172326593883258,123.95,4.450000000000003,0.0,-3.769999999999982,-1.884999999999991,3.769999999999982,1.9999989389926054,-1.8400000000001455,1.8900000000001,0.02500000000009095,0.0,0.0,0.0,9.507543287555118,1.342103759044397,6.792434762292569,2.7735288893394126
2024-07-05 08:30:34,1158.29,1196.91,59.75,64.2,1177.6,2355.2,38.62000000000012,0.032795516276498474,123.95,4.450000000000003,-7.370000000000118,5.650000000000091,-0.8600000000001273,13.02000000000021,15.139517279629072,-7.370000000000118,9.420000000000073,1.0249999999998636,0.0,0.0,0.0,9.500605006045944,1.8255663504898225,6.41100070191861,1.5625083999774576
2024-07-05 08:30:35,1165.66,1193.14,59.75,64.2,1179.4,2358.8,27.480000000000018,0.02329998302246908,123.95,4.450000000000003,7.370000000000118,-3.769999999999982,1.800000000000182,11.1400000000001,6.188885450618624,14.740000000000236,-9.420000000000073,2.6600000000003092,0.0,0.0,0.0,9.515126990600026,1.7988141927504622,5.809472437321747,1.8961098333167123
2024-07-05 08:30:36,1161.98,1208.24,59.8,64.27,1185.1100000000001,2370.2200000000003,46.25999999999999,0.03903435120871955,124.07,4.469999999999999,-3.6800000000000637,15.099999999999909,5.710000000000036,18.779999999999973,3.2889661490426803,-11.050000000000182,18.86999999999989,3.9099999999998545,0.04999999999999716,0.06999999999999318,0.01999999999999602,9.551946404836414,2.9391869624168105,8.728309114599503,3.2463371667158065
2024-07-05 08:30:37,1165.66,1202.58,59.8,64.27,1184.12,2368.24,36.919999999999845,0.03117927234471217,124.07,4.469999999999999,3.6800000000000637,-5.660000000000082,-0.9900000000002365,9.340000000000146,9.43433390471112,7.360000000000127,-20.75999999999999,-6.700000000000273,0.0,0.0,0.0,9.543967038414063,3.4343441877658867,8.49243663503004,3.0930122857823417
2024-07-05 08:30:38,1165.66,1189.37,59.8,64.27,1177.5149999999999,2355.0299999999997,23.70999999999981,0.020135624582161744,124.07,4.469999999999999,0.0,-13.210000000000036,-6.605000000000018,13.210000000000036,1.9999996971991374,-3.6800000000000637,-7.5499999999999545,-5.614999999999782,0.0,0.0,0.0,9.490730962434666,3.625490311673904,9.038596129930852,4.500311655874568
2024-07-05 08:30:39,1165.66,1200.69,59.8,64.27,1183.1750000000002,2366.3500000000004,35.02999999999997,0.029606778346730776,124.07,4.469999999999999,0.0,11.320000000000164,5.660000000000309,11.320000000000164,1.9999996466430916,0.0,24.5300000000002,12.265000000000327,0.0,0.0,0.0,9.536350370465462,3.253070472652345,8.7780607197718,5.154359805058354
2024-07-05 08:30:40,1165.66,1200.69,59.8,64.27,1183.1750000000002,2366.3500000000004,35.02999999999997,0.029606778346730776,124.07,4.469999999999999,0.0,0.0,0.0,0.0,0.0,0.0,-11.320000000000164,-5.660000000000309,0.0,0.0,0.0,9.536350370465462,2.9634089323013524,8.01840694901431,5.157414565458273
2024-07-05 08:30:41,1165.66,1193.14,59.8,64.27,1179.4,2358.8,27.480000000000018,0.02329998302246908,124.07,4.469999999999999,0.0,-7.5499999999999545,-3.775000000000091,7.5499999999999545,1.9999994701987556,0.0,-7.5499999999999545,-3.775000000000091,0.0,0.0,0.0,9.50592399850146,2.8619586824485204,5.72391736488222,4.5926988253097125
2024-07-05 08:30:42,1165.66,1189.37,59.8,64.27,1177.5149999999999,2355.0299999999997,23.70999999999981,0.020135624582161744,124.07,4.469999999999999,0.0,-3.770000000000209,-1.8850000000002183,3.770000000000209,1.9999989389924848,0.0,3.7799999999997453,1.8899999999998727,0.0,0.0,0.0,9.490730962434666,2.8613816592762444,5.722763318537717,4.6027239217664695
2024-07-05 08:30:43,1165.66,1196.91,59.8,64.27,1181.285,2362.57,31.25,0.026454242603220858,124.07,4.469999999999999,0.0,7.540000000000191,3.770000000000209,7.540000000000191,1.9999994694961016,0.0,11.3100000000004,5.6550000000004275,0.0,0.0,0.0,9.521117034568253,2.460040650079277,4.920081300141339,3.9118336493263097
2024-07-05 08:30:44,1156.45,1198.8,59.8,64.27,1177.625,2355.25,42.34999999999991,0.0359622120488591,124.07,4.469999999999999,-9.210000000000036,1.8899999999998727,-3.660000000000082,11.099999999999909,3.0327860566157385,-9.210000000000036,-5.650000000000318,-7.430000000000291,0.0,0.0,0.0,9.491617558703817,2.434527674938549,7.176592506196811,3.1325648437024944
2024-07-05 08:30:45,1163.82,1191.26,59.8,64.27,1177.54,2355.08,27.440000000000055,0.023302817718886183,124.07,4.469999999999999,7.369999999999891,-7.539999999999964,-0.08500000000003638,14.909999999999854,175.40970106226365,16.579999999999927,-9.429999999999836,3.5750000000000455,0.0,0.0,0.0,9.490932461586747,1.6638832591383033,7.168656080465849,3.1252571894167067
2024-07-05 08:30:46,1154.61,1198.8,59.8,64.27,1176.705,2353.41,44.190000000000055,0.0375540173301261,124.07,4.469999999999999,-9.210000000000036,7.539999999999964,-0.8350000000000364,16.75,20.059856215740183,-16.579999999999927,15.079999999999927,-0.75,0.0,0.0,0.0,9.484202389907292,1.8004110641851347,9.080392062020266,2.7574249763140863
2024-07-05 08:30:47,1173.04,1196.91,59.84,64.27,1184.975,2369.95,23.87000000000012,0.020143884875087014,124.11,4.429999999999993,18.430000000000064,-1.8899999999998727,8.269999999999982,20.319999999999936,2.4570734634735816,27.6400000000001,-9.429999999999836,9.105000000000018,0.04000000000000625,0.0,0.04000000000000625,9.547780118058334,3.4731729009713277,9.036171755782373,4.625352148755864
2024-07-05 08:30:48,1158.29,1204.46,59.84,64.31,1181.375,2362.75,46.17000000000007,0.03908157863584255,124.15,4.469999999999999,-14.75,7.5499999999999545,-3.599999999999909,22.299999999999955,6.194442723766054,-33.180000000000064,9.439999999999827,-11.86999999999989,0.0,0.04000000000000625,0.04000000000000625,9.51570672963587,3.4841361913739135,10.344151971041377,4.884959825832752
2024-07-05 08:30:49,1156.45,1200.69,59.84,64.31,1178.5700000000002,2357.1400000000003,44.24000000000001,0.03753701516453243,124.15,4.469999999999999,-1.8399999999999181,-3.769999999999982,-2.8049999999998363,1.9300000000000637,0.6880567957017399,12.910000000000082,-11.319999999999936,0.7950000000000728,0.0,0.0,0.0,9.493113093088095,3.3710284039209246,10.628116954569114,4.736738593167197
2024-07-05 08:30:50,1163.82,1198.8,59.84,64.31,1181.31,2362.62,34.98000000000002,0.029611194326966524,124.15,4.469999999999999,7.369999999999891,-1.8900000000001,2.7399999999997817,9.259999999999991,3.379560810379532,9.209999999999809,1.8799999999998818,5.544999999999618,0.0,0.0,0.0,9.515183169430662,3.143900046127787,9.359479152175057,4.86269395500059
2024-07-05 08:30:51,1158.29,1191.26,59.84,64.31,1174.775,2349.55,32.97000000000003,0.02806494858329048,124.15,4.469999999999999,-5.529999999999973,-7.539999999999964,-6.5349999999998545,2.009999999999991,0.3075745512510305,-12.899999999999864,-5.649999999999864,-9.274999999999636,0.0,0.0,0.0,9.462545231876398,3.7914664049733418,9.051106562183408,5.8883310453810935
2024-07-05 08:30:52,1165.66,1195.03,59.84,64.31,1180.345,2360.69,29.36999999999989,0.024882555502939677,124.15,4.469999999999999,7.370000000000118,3.769999999999982,5.569999999999936,3.6000000000001364,0.6463194530845107,12.900000000000091,11.309999999999945,12.10499999999979,0.0,0.0,0.0,9.507410314076438,2.758765575405191,7.306745513564892,4.944172579916555
2024-07-05 08:30:53,1163.82,1200.69,59.84,64.31,1182.255,2364.51,36.87000000000012,0.031186165394787035,124.15,4.469999999999999,-1.8400000000001455,5.660000000000082,1.9100000000000819,7.500000000000227,3.926699514816959,-9.210000000000264,1.8900000000001,-3.6599999999998545,0.0,0.0,0.0,9.522794929337135,2.9478241976144246,5.530364364126508,4.811443910095899
2024-07-05 08:30:54,1152.77,1193.14,59.84,64.31,1172.955,2345.91,40.37000000000012,0.03441734760974016,124.15,4.469999999999999,-11.049999999999955,-7.5499999999999545,-9.300000000000182,3.5,0.3763440455543964,-9.209999999999809,-13.210000000000036,-11.210000000000264,0.0,0.0,0.0,9.447885546130603,4.17955978543675,4.126538500971572,6.424001478829208
2024-07-05 08:30:55,1165.66,1193.14,59.84,64.31,1179.4,2358.8,27.480000000000018,0.02329998302246908,124.15,4.469999999999999,12.8900000000001,0.0,6.445000000000164,12.8900000000001,1.9999996896819368,23.940000000000055,7.5499999999999545,15.745000000000346,0.0,0.0,0.0,9.499798554169967,3.9179752423975023,5.293705696390834,7.153279492652363
2024-07-05 08:30:56,1165.66,1189.37,59.84,64.31,1177.5149999999999,2355.0299999999997,23.70999999999981,0.020135624582161744,124.15,4.469999999999999,0.0,-3.770000000000209,-1.8850000000002183,3.770000000000209,1.9999989389924848,-12.8900000000001,-3.770000000000209,-8.330000000000382,0.0,0.0,0.0,9.484615308218965,3.5366339929430746,6.871630083175436,6.417801999127238
2024-07-05 08:30:57,1163.82,1196.91,59.84,64.31,1180.365,2360.73,33.090000000000146,0.028033701416058966,124.15,4.469999999999999,-1.8400000000001455,7.540000000000191,2.8500000000001364,9.380000000000337,3.2912269153589375,-1.8400000000001455,11.3100000000004,4.735000000000355,0.0,0.0,0.0,9.507571409524193,3.5392612223514264,6.775956021108871,5.986479975745502
2024-07-05 08:30:58,1154.61,1198.8,59.84,64.31,1176.705,2353.41,44.190000000000055,0.0375540173301261,124.15,4.469999999999999,-9.210000000000036,1.8899999999998727,-3.660000000000082,11.099999999999909,3.0327860566157385,-7.369999999999891,-5.650000000000318,-6.510000000000218,0.0,0.0,0.0,9.47809094258485,2.874229461967002,8.563972209203012,6.060916803586883
2024-07-05 08:30:59,1165.66,1196.91,59.84,64.31,1181.285,2362.57,31.25,0.026454242603220858,124.15,4.469999999999999,11.050000000000182,-1.8899999999998727,4.580000000000155,12.940000000000055,2.8253268940333456,20.26000000000022,-3.7799999999997453,8.240000000000236,0.0,0.0,0.0,9.51498180012097,1.917167181035987,7.7376598529530325,4.292667294352235
2024-07-05 08:31:00,1158.29,1185.61,59.84,64.31,1171.9499999999998,2343.8999999999996,27.319999999999936,0.023311574705992887,124.15,4.469999999999999,-7.370000000000118,-11.300000000000182,-9.335000000000264,3.9300000000000637,0.4209962055708353,-18.4200000000003,-9.41000000000031,-13.915000000000418,0.0,0.0,0.0,9.439790499880864,3.672489618779044,7.761032147852586,5.524704743242117
2024-07-05 08:31:01,1163.82,1206.35,59.84,64.35,1185.085,2370.17,42.52999999999997,0.03588772110364425,124.19,4.509999999999991,5.529999999999973,20.74000000000001,13.135000000000218,15.210000000000036,1.1579747881252376,12.900000000000091,32.04000000000019,22.470000000000482,0.0,0.03999999999999204,0.03999999999999204,9.542515423604836,4.976212917474751,7.3410680421857,8.525021554225143
2024-07-05 08:31:02,1165.66,1202.58,59.88,64.35,1184.12,2368.24,36.919999999999845,0.03117927234471217,124.22999999999999,4.469999999999992,1.8400000000001455,-3.769999999999982,-0.9650000000001455,5.610000000000127,5.813465478273371,-3.689999999999827,-24.50999999999999,-14.100000000000364,0.03999999999999915,0.0,0.03999999999999915,9.531675042005352,5.477138166966737,7.202282277167451,8.546251663741439
2024-07-05 08:31:03,1167.51,1200.69,59.88,64.35,1184.1,2368.2,33.180000000000064,0.028021281962654153,124.22999999999999,4.469999999999992,1.849999999999909,-1.8899999999998727,-0.01999999999998181,3.7399999999997817,186.99065046763576,0.009999999999763531,1.8800000000001091,0.9450000000001637,0.0,0.0,0.0,9.531514050297721,5.420817050966206,5.784820654091176,8.225589188623703
2024-07-05 08:31:04,1165.66,1196.91,59.88,64.35,1181.285,2362.57,31.25,0.026454242603220858,124.22999999999999,4.469999999999992,-1.849999999999909,-3.7799999999999727,-2.814999999999827,1.9300000000000637,0.6856125450755371,-3.699999999999818,-1.8900000000001,-2.7949999999998454,0.0,0.0,0.0,9.50885446744865,5.420817050966206,5.784820654091176,8.193386052176628
2024-07-05 08:31:05,1165.66,1200.69,59.88,64.35,1183.1750000000002,2366.3500000000004,35.02999999999997,0.029606778346730776,124.22999999999999,4.469999999999992,0.0,3.7799999999999727,1.8900000000001,3.7799999999999727,1.9999989417993815,1.849999999999909,7.559999999999945,4.704999999999927,0.0,0.0,0.0,9.524068183819788,1.4365261919118866,4.321616595673398,6.319731995899904
2024-07-05 08:31:06,1160.13,1200.69,59.88,64.35,1180.41,2360.82,40.559999999999945,0.03436094235531637,124.22999999999999,4.469999999999992,-5.529999999999973,0.0,-2.7650000000001,5.529999999999973,1.9999992766728736,-5.529999999999973,-3.7799999999999727,-4.6550000000002,0.0,0.0,0.0,9.50181108023979,1.6892846119133282,3.5785150551590053,1.9812906147256863
2024-07-05 08:31:07,1165.66,1198.8,59.88,64.35,1182.23,2364.46,33.13999999999987,0.028031770443964456,124.22999999999999,4.469999999999992,5.529999999999973,-1.8900000000001,1.8199999999999363,7.420000000000073,4.076920836856866,11.059999999999945,-1.8900000000001,4.585000000000036,0.0,0.0,0.0,9.516461325634218,1.4658487302742342,3.573229631579793,2.3313048921151363
2024-07-05 08:31:08,1165.66,1193.14,59.88,64.35,1179.4,2358.8,27.480000000000018,0.02329998302246908,124.22999999999999,4.469999999999992,0.0,-5.6599999999998545,-2.8299999999999272,5.6599999999998545,1.9999992932864687,-5.529999999999973,-3.7699999999997544,-4.649999999999864,0.0,0.0,0.0,9.493680999004422,1.4817936766112176,4.837785650480986,2.551707761480519
2024-07-05 08:31:09,1158.29,1195.03,59.88,64.35,1176.6599999999999,2353.3199999999997,36.74000000000001,0.031223972913820508,124.22999999999999,4.469999999999992,-7.370000000000118,1.8899999999998727,-2.7400000000002365,9.259999999999991,3.379560810378971,-7.370000000000118,7.549999999999727,0.08999999999969077,0.0,0.0,0.0,9.471625135058963,2.551181099029173,4.824717608316559,2.538114457624064
2024-07-05 08:31:10,1158.29,1196.91,59.88,64.35,1177.6,2355.2,38.62000000000012,0.032795516276498474,124.22999999999999,4.469999999999992,0.0,1.8800000000001091,0.9400000000000546,1.8800000000001091,1.999997872342689,7.370000000000118,-0.009999999999763531,3.680000000000291,0.0,0.0,0.0,9.479191745317623,2.218028403795018,5.161910499030385,2.2989997825141657
2024-07-05 08:31:11,1165.66,1195.03,59.88,64.35,1180.345,2360.69,29.36999999999989,0.024882555502939677,124.22999999999999,4.469999999999992,7.370000000000118,-1.8800000000001091,2.7450000000001182,9.250000000000227,3.369761978228725,7.370000000000118,-3.7600000000002183,1.8050000000000637,0.0,0.0,0.0,9.501287857189988,2.209778269429173,4.722668737059638,2.6099176232211554
2024-07-05 08:31:12,1165.66,1196.91,59.88,64.35,1181.285,2362.57,31.25,0.026454242603220858,124.22999999999999,4.469999999999992,0.0,1.8800000000001091,0.9400000000000546,1.8800000000001091,1.999997872342689,-7.370000000000118,3.7600000000002183,-1.8050000000000637,0.0,0.0,0.0,9.50885446744865,1.911088040892175,4.790810996063243,2.4819407728631346
2024-07-05 08:31:13,1154.61,1198.8,59.88,64.35,1176.705,2353.41,44.190000000000055,0.0375540173301261,124.22999999999999,4.469999999999992,-11.050000000000182,1.8899999999998727,-4.580000000000155,12.940000000000055,2.8253268940333456,-11.050000000000182,0.009999999999763531,-5.520000000000209,0.0,0.0,0.0,9.471987366401132,2.1549982598694877,5.937207255941191,3.0138687761747125
2024-07-05 08:31:14,1158.29,1196.91,59.88,64.35,1177.6,2355.2,38.62000000000012,0.032795516276498474,124.22999999999999,4.469999999999992,3.6800000000000637,-1.8899999999998727,0.8949999999999818,5.569999999999936,6.223456733567951,14.730000000000246,-3.7799999999997453,5.475000000000136,0.0,0.0,0.0,9.479191745317623,1.9867077037250842,6.051524601288574,2.779520192407418
2024-07-05 08:31:15,1165.66,1195.03,59.88,64.38,1180.345,2360.69,29.36999999999989,0.024882555502939677,124.25999999999999,4.499999999999993,7.370000000000118,-1.8800000000001091,2.7450000000001182,9.250000000000227,3.369761978228725,3.6900000000000546,0.009999999999763531,1.8500000000001364,0.0,0.030000000000001137,0.030000000000001137,9.498993968300388,1.9835964811526565,6.596377793910916,3.0093217674420734
2024-07-05 08:31:16,1165.66,1206.35,59.88,64.42,1186.005,2372.01,40.68999999999983,0.03430845566898231,124.30000000000001,4.539999999999999,0.0,11.319999999999936,5.660000000000082,11.319999999999936,1.9999996466431318,-7.370000000000118,13.200000000000045,2.9149999999999636,0.0,0.04000000000000625,0.04000000000000625,9.541472167807948,3.663829280963157,6.305971772851537,3.7357907462812667
2024-07-05 08:31:17,1169.35,1195.03,59.93,64.42,1182.19,2364.38,25.680000000000064,0.021722396550704764,124.35,4.490000000000002,3.689999999999827,-11.319999999999936,-3.8150000000000546,15.009999999999764,3.9344681692087495,3.689999999999827,-22.639999999999873,-9.475000000000136,0.04999999999999716,0.0,0.04999999999999716,9.506956095641689,3.7407676351309562,7.841801451197295,4.351392593182195
2024-07-05 08:31:18,1165.66,1200.69,59.93,64.42,1183.1750000000002,2366.3500000000004,35.02999999999997,0.029606778346730776,124.35,4.490000000000002,-3.689999999999827,5.660000000000082,0.9850000000001273,9.349999999999909,9.492376149870609,-7.379999999999654,16.980000000000018,4.800000000000182,0.0,0.0,0.0,9.514877285766971,3.1409365641548317,6.27985429767281,3.446879748410207
2024-07-05 08:31:19,1165.66,1200.69,59.93,64.42,1183.1750000000002,2366.3500000000004,35.02999999999997,0.029606778346730776,124.35,4.490000000000002,0.0,0.0,0.0,0.0,0.0,3.689999999999827,-5.660000000000082,-0.9850000000001273,0.0,0.0,0.0,9.514877285766971,2.0490229379012774,5.788117137722704,3.4956741123852537
2024-07-05 08:31:20,1154.61,1200.69,59.93,64.42,1177.65,2355.3,46.080000000000155,0.039128773371435804,124.35,4.490000000000002,-11.050000000000182,0.0,-5.525000000000091,11.050000000000182,1.9999996380091152,-11.050000000000182,0.0,-5.525000000000091,0.0,0.0,0.0,9.470446244708917,3.032996455659798,7.59484496220957,4.3770158213103
2024-07-05 08:31:21,1156.45,1198.8,59.93,64.42,1177.625,2355.25,42.34999999999991,0.0359622120488591,124.35,4.490000000000002,1.8400000000001455,-1.8900000000001,-0.02500000000009095,3.7300000000002456,149.19403223817753,12.890000000000327,-1.8900000000001,5.5,0.0,0.0,0.0,9.470245199274265,2.881389855615308,7.855496801603331,2.8286843231439467
2024-07-05 08:31:22,1158.29,1200.69,59.93,64.42,1179.49,2358.98,42.40000000000009,0.03594774009449198,124.35,4.490000000000002,1.8399999999999181,1.8900000000001,1.865000000000009,0.0500000000001819,0.0268096370994877,-2.2737367544323206e-13,3.7800000000002,1.8900000000001,0.0,0.0,0.0,9.485243188699291,2.798920774163148,4.936908951965854,2.8946804659582583
2024-07-05 08:31:23,1167.51,1191.26,59.93,64.42,1179.385,2358.77,23.75,0.020137614078407293,124.35,4.490000000000002,9.220000000000027,-9.430000000000064,-0.10500000000001819,18.65000000000009,177.6173560251508,7.380000000000109,-11.320000000000164,-1.9700000000000273,0.0,0.0,0.0,9.484398797873753,2.2611363293796924,8.880060247543407,2.7902813478214337
2024-07-05 08:31:24,1167.51,1193.14,59.93,64.42,1180.325,2360.65,25.63000000000011,0.021714358315112998,124.35,4.490000000000002,0.0,1.8800000000001091,0.9400000000000546,1.8800000000001091,1.999997872342689,-9.220000000000027,11.310000000000173,1.0450000000000728,0.0,0.0,0.0,9.491958106216662,1.204361864241631,10.49380150374497,2.884206996732422
2024-07-05 08:31:25,1165.66,1200.69,59.93,64.42,1183.1750000000002,2366.3500000000004,35.02999999999997,0.029606778346730776,124.35,4.490000000000002,-1.849999999999909,7.5499999999999545,2.8500000000001364,9.399999999999864,3.298244456756125,-1.849999999999909,5.669999999999845,1.9100000000000819,0.0,0.0,0.0,9.514877285766971,2.0288666787253344,8.89271724502694,1.2640065268819634
2024-07-05 08:31:26,1165.66,1195.03,59.93,64.42,1180.345,2360.69,29.36999999999989,0.024882555502939677,124.35,4.490000000000002,0.0,-5.660000000000082,-2.8300000000001546,5.660000000000082,1.9999992932863884,1.849999999999909,-13.210000000000036,-5.680000000000291,0.0,0.0,0.0,9.492118942564383,1.5381742424195373,7.582524645525409,2.180858202635022
2024-07-05 08:31:27,1156.45,1198.8,59.93,64.42,1177.625,2355.25,42.34999999999991,0.0359622120488591,124.35,4.490000000000002,-9.210000000000036,3.769999999999982,-2.7200000000000273,12.980000000000018,4.772057069096625,-9.210000000000036,9.430000000000064,0.11000000000012733,0.0,0.0,0.0,9.470245199274265,2.011089257104748,7.564131146404008,2.4356097799114877
2024-07-05 08:31:28,1165.66,1196.91,59.93,64.42,1181.285,2362.57,31.25,0.026454242603220858,124.35,4.490000000000002,9.210000000000036,-1.8899999999998727,3.660000000000082,11.099999999999909,3.0327860566157385,18.420000000000073,-5.6599999999998545,6.380000000000109,0.0,0.0,0.0,9.499678250907293,2.004938901822933,6.358543858463139,3.0449548436718445
2024-07-05 08:31:29,1167.51,1198.8,59.93,64.42,1183.155,2366.31,31.289999999999964,0.02644623905874862,124.35,4.490000000000002,1.849999999999909,1.8899999999998727,1.8699999999998909,0.03999999999996362,0.021390362892835864,-7.360000000000127,3.7799999999997453,-1.790000000000191,0.0,0.0,0.0,9.514716449419248,2.3025572739986098,5.172670490182016,3.1153057634846277
2024-07-05 08:31:30,1163.82,1195.03,59.93,64.42,1179.425,2358.85,31.210000000000036,0.02646204716157279,124.35,4.490000000000002,-3.6900000000000546,-3.769999999999982,-3.730000000000018,0.07999999999992724,0.021447715429547296,-5.539999999999964,-5.6599999999998545,-5.599999999999909,0.0,0.0,0.0,9.484720470569195,2.062891175036225,5.2379843451464945,3.2939414081006753
2024-07-05 08:31:31,1163.82,1198.8,59.93,64.42,1181.31,2362.62,34.98000000000002,0.029611194326966524,124.35,4.490000000000002,0.0,3.769999999999982,1.884999999999991,3.769999999999982,1.9999989389926054,3.6900000000000546,7.539999999999964,5.615000000000009,0.0,0.0,0.0,9.499879296341945,2.105029691012143,4.825461635947343,3.22377030819507
2024-07-05 08:31:32,1165.66,1206.35,59.93,64.47,1186.005,2372.01,40.68999999999983,0.03430845566898231,124.4,4.539999999999999,1.8400000000001455,7.5499999999999545,4.695000000000164,5.709999999999809,1.2161871744009447,1.8400000000001455,3.7799999999999727,2.810000000000173,0.0,0.04999999999999716,0.04999999999999716,9.533802174165578,2.4856347278000674,4.133398117771792,3.254103947325653
2024-07-05 08:31:33,1154.61,1204.46,59.93,64.47,1179.5349999999999,2359.0699999999997,49.850000000000136,0.04226241693356935,124.4,4.539999999999999,-11.050000000000182,-1.8899999999998727,-6.470000000000255,9.16000000000031,1.4157648507318543,-12.890000000000327,-9.439999999999827,-11.165000000000418,0.0,0.0,0.0,9.481792528281408,2.760978993046727,7.860075063254835,4.589511139544287
2024-07-05 08:31:34,1173.04,1204.46,59.97,64.47,1188.75,2377.5,31.420000000000073,0.026431125109206262,124.44,4.5,18.430000000000064,0.0,9.215000000000146,18.430000000000064,1.99999978296256,29.480000000000246,1.8899999999998727,15.6850000000004,0.03999999999999915,0.0,0.03999999999999915,9.55279645168116,4.175384712819599,7.834140029384217,6.325058695379981
2024-07-05 08:31:35,1163.82,1196.91,59.97,64.47,1180.365,2360.73,33.090000000000146,0.028033701416058966,124.44,4.5,-9.220000000000027,-7.5499999999999545,-8.384999999999991,1.6700000000000728,0.19916515215681843,-27.65000000000009,-7.5499999999999545,-17.600000000000136,0.0,0.0,0.0,9.485414581441542,3.9909845276632905,7.486376292973785,7.458298733625641
2024-07-05 08:31:36,1165.66,1200.69,59.97,64.47,1183.1750000000002,2366.3500000000004,35.02999999999997,0.029606778346730776,124.44,4.5,1.8400000000001455,3.7799999999999727,2.810000000000173,1.9399999999998272,0.6903912133838058,11.060000000000173,11.329999999999927,11.195000000000164,0.0,0.0,0.0,9.507995744873067,3.8558663099293997,7.481355492155147,7.522114563073475
2024-07-05 08:31:37,1167.51,1200.69,59.97,64.47,1184.1,2368.2,33.180000000000064,0.028021281962654153,124.44,4.5,1.849999999999909,0.0,0.9249999999997272,1.849999999999909,1.9999978378406669,0.009999999999763531,-3.7799999999999727,-1.8850000000004457,0.0,0.0,0.0,9.515429046002659,3.6428508753512716,7.56371800108917,7.160853126548648
2024-07-05 08:31:38,1169.35,1200.69,59.97,64.47,1185.02,2370.04,31.340000000000146,0.026446811001969023,124.44,4.5,1.8399999999999181,0.0,0.9200000000000728,1.8399999999999181,1.9999978260890723,-0.009999999999990905,0.0,-0.004999999999654392,0.0,0.0,0.0,9.522822167126147,3.0458631781565058,1.519595340871977,6.300903308256741
2024-07-05 08:31:39,1169.35,1198.8,59.97,64.47,1184.0749999999998,2368.1499999999996,29.450000000000045,0.024871735299814887,124.44,4.5,0.0,-1.8900000000001,-0.9450000000001637,1.8900000000001,1.9999978835998824,-1.8399999999999181,-1.8900000000001,-1.8650000000002365,0.0,0.0,0.0,9.515228145972129,1.7900998575632017,2.1110352910360994,4.371162602786599
2024-07-05 08:31:40,1163.82,1196.91,59.97,64.47,1180.365,2360.73,33.090000000000146,0.028033701416058966,124.44,4.5,-5.529999999999973,-1.8899999999998727,-3.709999999999809,3.6400000000001,0.9811318110157617,-5.529999999999973,2.2737367544323206e-13,-2.7649999999996453,0.0,0.0,0.0,9.485414581441542,1.7900998575632017,2.1110352910360994,2.462480964393408
2024-07-05 08:31:41,1158.29,1193.14,59.97,64.47,1175.7150000000001,2351.4300000000003,34.850000000000136,0.029641537252104968,124.44,4.5,-5.529999999999973,-3.769999999999982,-4.649999999999864,1.759999999999991,0.37849454225924734,0.0,-1.8800000000001091,-0.9400000000000546,0.0,0.0,0.0,9.448047175763042,3.8699273249047055,2.0561784941974466,2.590913448959515
2024-07-05 08:31:42,1158.29,1200.69,59.97,64.47,1179.49,2358.98,42.40000000000009,0.03594774009449198,124.44,4.5,0.0,7.5499999999999545,3.7749999999998636,7.5499999999999545,1.999999470198876,5.529999999999973,11.319999999999936,8.424999999999727,0.0,0.0,0.0,9.478383080373007,3.74860407352419,4.990824581168924,3.432427348102103
2024-07-05 08:31:43,1167.51,1200.69,59.97,64.47,1184.1,2368.2,33.180000000000064,0.028021281962654153,124.44,4.5,9.220000000000027,0.0,4.6099999999999,9.220000000000027,1.999999566160664,9.220000000000027,-7.5499999999999545,0.8350000000000364,0.0,0.0,0.0,9.515429046002659,3.5130175775310017,4.788562414754562,4.231225295348727
2024-07-05 08:31:44,1158.29,1198.8,59.97,64.47,1178.545,2357.09,40.50999999999999,0.03437289196901866,124.44,4.5,-9.220000000000027,-1.8900000000001,-5.554999999999836,7.329999999999927,1.3195317156558826,-18.440000000000055,-1.8900000000001,-10.164999999999736,0.0,0.0,0.0,9.470789059218989,3.043202671535213,4.3530138984386015,4.889559540490179
2024-07-05 08:31:45,1158.29,1200.69,59.97,64.47,1179.49,2358.98,42.40000000000009,0.03594774009449198,124.44,4.5,0.0,1.8900000000001,0.9449999999999363,1.8900000000001,1.9999978836003638,9.220000000000027,3.7800000000002,6.499999999999773,0.0,0.0,0.0,9.478383080373007,3.0163442277098595,4.357289294963072,4.709648341436834
2024-07-05 08:31:46,1165.66,1198.8,59.97,64.47,1182.23,2364.46,33.13999999999987,0.028031770443964456,124.44,4.5,7.370000000000118,-1.8900000000001,2.740000000000009,9.260000000000218,3.3795608103793344,7.370000000000118,-3.7800000000002,1.7950000000000728,0.0,0.0,0.0,9.500401723719047,2.315594955954619,4.778616954726588,4.070390951739052
2024-07-05 08:31:47,1165.66,1187.49,59.97,64.47,1176.575,2353.15,21.829999999999927,0.018553853329746146,124.44,4.5,0.0,-11.309999999999945,-5.654999999999973,11.309999999999945,1.9999996463307432,-7.370000000000118,-9.419999999999845,-8.394999999999982,0.0,0.0,0.0,9.454958136813259,2.9880566427095827,8.096855562500835,4.7641979912677055
2024-07-05 08:31:48,1163.82,1191.26,59.97,64.47,1177.54,2355.08,27.440000000000055,0.023302817718886183,124.44,4.5,-1.8400000000001455,3.769999999999982,0.9649999999999181,5.610000000000127,5.813465478274741,-1.8400000000001455,15.079999999999927,6.619999999999891,0.0,0.0,0.0,9.4627128779917,2.168834364362018,8.66662737170582,3.9862946454068657
2024-07-05 08:31:49,1165.66,1195.03,59.97,64.47,1180.345,2360.69,29.36999999999989,0.024882555502939677,124.44,4.5,1.8400000000001455,3.769999999999982,2.8050000000000637,1.9299999999998363,0.688056795701603,3.680000000000291,0.0,1.8400000000001455,0.0,0.0,0.0,9.48525386141712,2.2480975290317713,7.645660860906699,3.48320613802858
2024-07-05 08:31:50,1156.45,1191.26,59.97,64.47,1173.855,2347.71,34.809999999999945,0.029654429184478078,124.44,4.5,-9.210000000000036,-3.769999999999982,-6.490000000000009,5.440000000000055,0.8382125056683423,-11.050000000000182,-7.539999999999964,-9.295000000000073,0.0,0.0,0.0,9.433100213491642,3.2693948216810385,5.1080691068151864,4.584084695988941
2024-07-05 08:31:51,1163.82,1202.58,59.97,64.51,1183.1999999999998,2366.3999999999996,38.75999999999999,0.032758620661968704,124.48,4.540000000000006,7.369999999999891,11.319999999999936,9.3449999999998,3.9500000000000455,0.4226858830726856,16.579999999999927,15.089999999999918,15.834999999999809,0.0,0.04000000000000625,0.04000000000000625,9.505141311816022,3.588287544224262,6.568795171110149,6.5199543710059125
2024-07-05 08:31:52,1154.61,1196.91,59.97,64.51,1175.76,2351.52,42.30000000000018,0.03597672991428816,124.48,4.540000000000006,-9.210000000000036,-5.669999999999845,-7.439999999999827,3.540000000000191,0.47580638766046846,-16.579999999999927,-16.98999999999978,-16.784999999999627,0.0,0.0,0.0,9.445372674764037,3.703081487090774,6.229721502603518,6.954659049874301
2024-07-05 08:31:53,1165.66,1200.69,59.97,64.51,1183.1750000000002,2366.3500000000004,35.02999999999997,0.029606778346730776,124.48,4.540000000000006,11.050000000000182,3.7799999999999727,7.415000000000191,7.270000000000209,0.9804449116055441,20.26000000000022,9.449999999999818,14.855000000000018,0.0,0.0,0.0,9.50494047634206,4.2863688012161365,4.837533462416651,7.766954518986135
2024-07-05 08:31:54,1165.66,1200.69,59.97,64.51,1183.1750000000002,2366.3500000000004,35.02999999999997,0.029606778346730776,124.48,4.540000000000006,0.0,0.0,0.0,0.0,0.0,-11.050000000000182,-3.7799999999999727,-7.415000000000191,0.0,0.0,0.0,9.50494047634206,4.636820839760956,3.3004742083525587,7.716592026276829
2024-07-05 08:31:55,1163.82,1200.69,59.97,64.51,1182.255,2364.51,36.87000000000012,0.031186165394787035,124.48,4.540000000000006,-1.8400000000001455,0.0,-0.9200000000000728,1.8400000000001455,1.9999978260893194,-1.8400000000001455,0.0,-0.9200000000000728,0.0,0.0,0.0,9.497549730900147,3.241065796932859,3.048699722832722,6.789684271009891
2024-07-05 08:31:56,1165.66,1191.26,59.97,64.51,1178.46,2356.92,25.59999999999991,0.02172326593883258,124.48,4.540000000000006,1.8400000000001455,-9.430000000000064,-3.7950000000000728,11.27000000000021,2.9696961871683283,3.680000000000291,-9.430000000000064,-2.875,0.0,0.0,0.0,9.467062905952258,3.3166002924749027,6.023763773588824,5.502061659051119
2024-07-05 08:31:57,1158.29,1200.69,60.02,64.51,1179.49,2358.98,42.40000000000009,0.03594774009449198,124.53,4.490000000000002,-7.370000000000118,9.430000000000064,1.0299999999999727,16.800000000000182,16.310663776055197,-9.210000000000264,18.860000000000127,4.8250000000000455,0.05000000000000426,0.0,0.05000000000000426,9.47153288788619,2.1956986359806976,6.054290214385229,4.138507279201147
2024-07-05 08:31:58,1171.2,1193.14,60.02,64.51,1182.17,2364.34,21.940000000000055,0.018559090470440767,124.53,4.490000000000002,12.910000000000082,-7.5499999999999545,2.6800000000000637,20.460000000000036,7.634325509579866,20.2800000000002,-16.980000000000018,1.650000000000091,0.0,0.0,0.0,9.493053806367513,2.0214938783104524,8.404526756456937,2.4129711975073898
2024-07-05 08:31:59,1171.2,1195.03,60.02,64.51,1183.115,2366.23,23.829999999999927,0.020141744445686328,124.53,4.490000000000002,0.0,1.8899999999998727,0.9449999999999363,1.8899999999998727,1.999997883600123,-12.910000000000082,9.439999999999827,-1.7350000000001273,0.0,0.0,0.0,9.500642339190216,2.0062919777655375,8.989820354156196,2.4690094167500107
2024-07-05 08:32:00,1163.82,1196.91,60.02,64.51,1180.365,2360.73,33.090000000000146,0.028033701416058966,124.53,4.490000000000002,-7.380000000000109,1.8800000000001091,-2.75,9.260000000000218,3.367271502810442,-7.380000000000109,-0.009999999999763531,-3.6949999999999363,0.0,0.0,0.0,9.478559307166472,1.909518918483132,8.422123841407279,2.7561943871940846
2024-07-05 08:32:01,1167.51,1200.69,60.02,64.51,1184.1,2368.2,33.180000000000064,0.028021281962654153,124.53,4.490000000000002,3.6900000000000546,3.7799999999999727,3.7349999999999,0.08999999999991815,0.024096379090640285,11.070000000000164,1.8999999999998636,6.4849999999999,0.0,0.0,0.0,9.508552079751448,1.9065630071017363,8.253942694252283,2.4640987196133097
2024-07-05 08:32:02,1156.45,1200.69,60.02,64.51,1178.5700000000002,2357.1400000000003,44.24000000000001,0.03753701516453243,124.53,4.490000000000002,-11.059999999999945,0.0,-5.529999999999745,11.059999999999945,1.9999996383364949,-14.75,-3.7799999999999727,-9.264999999999645,0.0,0.0,0.0,9.464145109900064,2.211095316816513,8.910428160307458,3.8729759229821186
2024-07-05 08:32:03,1165.66,1196.91,60.02,64.51,1181.285,2362.57,31.25,0.026454242603220858,124.53,4.490000000000002,9.210000000000036,-3.7799999999999727,2.714999999999918,12.990000000000009,4.784528624483158,20.269999999999982,-3.7799999999999727,8.244999999999663,0.0,0.0,0.0,9.485947085152597,2.1958329854629857,7.305133126781487,3.8794725801323797
2024-07-05 08:32:04,1163.82,1193.14,60.02,64.51,1178.48,2356.96,29.320000000000164,0.024879505782975236,124.53,4.490000000000002,-1.8400000000001455,-3.769999999999982,-2.8050000000000637,1.9299999999998363,0.688056795701603,-11.050000000000182,0.009999999999990905,-5.519999999999982,0.0,0.0,0.0,9.463422392488377,2.312020220509358,5.822149946540316,3.9697679403208324
2024-07-05 08:32:05,1165.66,1196.91,60.02,64.51,1181.285,2362.57,31.25,0.026454242603220858,124.53,4.490000000000002,1.8400000000001455,3.769999999999982,2.8050000000000637,1.9299999999998363,0.688056795701603,3.680000000000291,7.539999999999964,5.610000000000127,0.0,0.0,0.0,9.485947085152597,2.3291666964914324,5.967450879563193,4.1069794253196825
2024-07-05 08:32:06,1167.51,1198.8,60.02,64.51,1183.155,2366.31,31.289999999999964,0.02644623905874862,124.53,4.490000000000002,1.849999999999909,1.8899999999998727,1.8699999999998909,0.03999999999996362,0.021390362892835864,0.009999999999763531,-1.8800000000001091,-0.9350000000001728,0.0,0.0,0.0,9.500963546928743,2.004473122804174,6.079157013928792,3.7751314546647623
2024-07-05 08:32:07,1169.35,1208.24,60.02,64.55,1188.795,2377.59,38.8900000000001,0.032713798398619015,124.57,4.529999999999994,1.8399999999999181,9.440000000000055,5.6400000000001,7.600000000000136,1.347517491574913,-0.009999999999990905,7.550000000000182,3.770000000000209,0.0,0.03999999999999204,0.03999999999999204,9.543188492067205,3.8444407915914476,3.7243657178102105,3.0620111854793044
2024-07-05 08:32:08,1165.66,1193.14,60.02,64.55,1179.4,2358.8,27.480000000000018,0.02329998302246908,124.57,4.529999999999994,-3.689999999999827,-15.099999999999909,-9.394999999999982,11.410000000000082,1.2144756557237306,-5.529999999999745,-24.539999999999964,-15.035000000000082,0.0,0.0,0.0,9.467769049789124,4.09020262334898,4.345253732522419,5.886381103870211
2024-07-05 08:32:09,1158.29,1206.35,60.02,64.55,1182.32,2364.64,48.059999999999945,0.04064889366614034,124.57,4.529999999999994,-7.370000000000118,13.209999999999809,2.9199999999998454,20.579999999999927,7.047942791800762,-3.680000000000291,28.309999999999718,12.314999999999827,0.0,0.0,0.0,9.491209685388057,3.5344472693836657,8.205128274439085,5.852730772895676
2024-07-05 08:32:10,1163.82,1204.46,60.02,64.55,1184.1399999999999,2368.2799999999997,40.6400000000001,0.03432026615575847,124.57,4.529999999999994,5.529999999999973,-1.8899999999998727,1.8199999999999363,7.419999999999845,4.076920836856741,12.900000000000091,-15.099999999999682,-1.099999999999909,0.0,0.0,0.0,9.505819944562736,3.4186558030980123,8.093359623790349,5.783189431446966
2024-07-05 08:32:11,1165.66,1200.69,60.02,64.55,1183.1750000000002,2366.3500000000004,35.02999999999997,0.029606778346730776,124.57,4.529999999999994,1.8400000000001455,-3.769999999999982,-0.9649999999996908,5.610000000000127,5.81346547827611,-3.689999999999827,-1.8800000000001091,-2.784999999999627,0.0,0.0,0.0,9.498073296154185,3.4180721905857507,7.55735734235187,5.762932630180556
2024-07-05 08:32:12,1158.29,1202.58,60.02,64.55,1180.435,2360.87,44.289999999999964,0.03752006672326718,124.57,4.529999999999994,-7.370000000000118,1.8899999999998727,-2.7400000000002365,9.259999999999991,3.379560810378971,-9.210000000000264,5.6599999999998545,-1.7750000000005457,0.0,0.0,0.0,9.476077631242855,1.9503634276844732,8.080510503674848,4.862245623166285
2024-07-05 08:32:13,1165.66,1200.69,60.02,64.55,1183.1750000000002,2366.3500000000004,35.02999999999997,0.029606778346730776,124.57,4.529999999999994,7.370000000000118,-1.8899999999998727,2.7400000000002365,9.259999999999991,3.379560810378971,14.740000000000236,-3.7799999999997453,5.480000000000473,0.0,0.0,0.0,9.498073296154185,1.3952123494480029,5.7297163978681995,2.496752891257002
2024-07-05 08:32:14,1156.45,1200.69,60.02,64.55,1178.5700000000002,2357.1400000000003,44.24000000000001,0.03753701516453243,124.57,4.529999999999994,-9.210000000000036,0.0,-4.605000000000018,9.210000000000036,1.9999995656895622,-16.580000000000155,1.8899999999998727,-7.345000000000255,0.0,0.0,0.0,9.461106129396276,2.3186186620591975,4.638817737311951,3.068075536879849
2024-07-05 08:32:15,1167.51,1200.69,60.02,64.55,1184.1,2368.2,33.180000000000064,0.028021281962654153,124.57,4.529999999999994,11.059999999999945,0.0,5.529999999999745,11.059999999999945,1.9999996383364949,20.269999999999982,0.0,10.134999999999764,0.0,0.0,0.0,9.50549883996549,2.309002490264839,5.448608079133579,4.115003948965279
2024-07-05 08:32:16,1165.66,1196.91,60.02,64.55,1181.285,2362.57,31.25,0.026454242603220858,124.57,4.529999999999994,-1.849999999999909,-3.7799999999999727,-2.814999999999827,1.9300000000000637,0.6856125450755371,-12.909999999999854,-3.7799999999999727,-8.344999999999573,0.0,0.0,0.0,9.482901103934326,2.198302185789675,6.23116120799323,4.301509328131201
2024-07-05 08:32:17,1165.66,1193.14,60.02,64.55,1179.4,2358.8,27.480000000000018,0.02329998302246908,124.57,4.529999999999994,0.0,-3.769999999999982,-1.884999999999991,3.769999999999982,1.9999989389926054,1.849999999999909,0.009999999999990905,0.9299999999998363,0.0,0.0,0.0,9.467769049789124,2.3674126171934753,6.252705814285506,4.199932439932747
2024-07-05 08:32:18,1154.61,1193.14,60.02,64.55,1173.875,2347.75,38.5300000000002,0.03282291552948762,124.57,4.529999999999994,-11.050000000000182,0.0,-5.525000000000091,11.050000000000182,1.9999996380091152,-11.050000000000182,3.769999999999982,-3.6400000000001,0.0,0.0,0.0,9.423416477294563,3.7698531138547304,6.552543780853366,4.372985250375213
2024-07-05 08:32:19,1158.29,1198.8,60.02,64.55,1178.545,2357.09,40.50999999999999,0.03437289196901866,124.57,4.529999999999994,3.6800000000000637,5.6599999999998545,4.670000000000073,1.9799999999997908,0.42398277859036004,14.730000000000246,5.6599999999998545,10.195000000000164,0.0,0.0,0.0,9.460905439022996,3.77132171791803,5.326016334935535,4.857796568404185
2024-07-05 08:32:20,1165.66,1200.69,60.06,64.55,1183.1750000000002,2366.3500000000004,35.02999999999997,0.029606778346730776,124.61,4.489999999999995,7.370000000000118,1.8900000000001,4.630000000000109,5.480000000000018,1.1835850575410003,3.6900000000000546,-3.7699999999997544,-0.03999999999996362,0.03999999999999915,0.0,0.03999999999999915,9.495024400168331,3.498457517255291,5.302518269652651,4.611880039636813
2024-07-05 08:32:21,1165.66,1198.8,60.06,64.55,1182.23,2364.46,33.13999999999987,0.028031770443964456,124.61,4.489999999999995,0.0,-1.8900000000001,-0.9450000000001637,1.8900000000001,1.9999978835998824,-7.370000000000118,-3.7800000000002,-5.575000000000273,0.0,0.0,0.0,9.4874407392068,3.6573914884847407,5.069829385689446,4.416986246299706
2024-07-05 08:32:22,1169.35,1198.8,60.06,64.55,1184.0749999999998,2368.1499999999996,29.450000000000045,0.024871735299814887,124.61,4.489999999999995,3.689999999999827,0.0,1.8449999999998,3.689999999999827,1.9999989159898708,3.689999999999827,1.8900000000001,2.7899999999999636,0.0,0.0,0.0,9.502246934417405,4.20029165654526,4.374153632418522,4.2923580349268065
2024-07-05 08:32:23,1158.29,1200.69,60.06,64.55,1179.49,2358.98,42.40000000000009,0.03594774009449198,124.61,4.489999999999995,-11.059999999999945,1.8900000000001,-4.584999999999809,12.950000000000045,2.8244268649015747,-14.749999999999773,1.8900000000001,-6.429999999999609,0.0,0.0,0.0,9.465452134937388,2.3843882863426353,5.321346634076769,3.945232249183803
2024-07-05 08:32:24,1167.51,1189.37,60.06,64.55,1178.44,2356.88,21.8599999999999,0.018549947372331173,124.61,4.489999999999995,9.220000000000027,-11.320000000000164,-1.0499999999999545,20.54000000000019,19.56188613153805,20.279999999999973,-13.210000000000264,3.5349999999998545,0.0,0.0,0.0,9.457025844980132,2.417190000816643,7.537501575455933,3.4589185448633644
2024-07-05 08:32:25,1171.2,1198.8,60.06,64.55,1185.0,2370.0,27.59999999999991,0.02329113922085128,124.61,4.489999999999995,3.6900000000000546,9.430000000000064,6.559999999999945,5.740000000000009,0.8749998666158827,-5.529999999999973,20.750000000000227,7.6099999999999,0.0,0.0,0.0,9.509670094617848,2.837920893902617,7.6154645294952825,4.146964251111806
2024-07-05 08:32:26,1167.51,1198.8,60.06,64.55,1183.155,2366.31,31.289999999999964,0.02644623905874862,124.61,4.489999999999995,-3.6900000000000546,0.0,-1.8450000000000273,3.6900000000000546,1.9999989159897475,-7.380000000000109,-9.430000000000064,-8.404999999999973,0.0,0.0,0.0,9.494863899407239,2.8986302799856483,7.523200781582326,4.236603887549462
2024-07-05 08:32:27,1158.29,1195.03,60.06,64.55,1176.6599999999999,2353.3199999999997,36.74000000000001,0.031223972913820508,124.61,4.489999999999995,-9.220000000000027,-3.769999999999982,-6.495000000000118,5.4500000000000455,0.8391068761960077,-5.529999999999973,-3.769999999999982,-4.650000000000091,0.0,0.0,0.0,9.442741277243067,3.4386160006672624,7.957840159239256,4.99376936792237
2024-07-05 08:32:28,1165.66,1189.37,60.06,64.55,1177.5149999999999,2355.0299999999997,23.70999999999981,0.020135624582161744,124.61,4.489999999999995,7.370000000000118,-5.660000000000082,0.8550000000000182,13.0300000000002,15.239748257604287,16.590000000000146,-1.8900000000001,7.350000000000136,0.0,0.0,0.0,9.449602684779691,3.694586242063343,5.983046882651063,4.734871962366057
2024-07-05 08:32:29,1158.29,1204.46,60.06,64.58,1181.375,2362.75,46.17000000000007,0.03908157863584255,124.64,4.519999999999996,-7.370000000000118,15.090000000000146,3.8600000000001273,22.460000000000264,5.818651342318181,-14.740000000000236,20.750000000000227,3.005000000000109,0.0,0.030000000000001137,0.030000000000001137,9.478297420745367,3.5857380690794844,8.743178483823918,5.062865542358449
2024-07-05 08:32:30,1156.45,1204.46,60.06,64.58,1180.455,2360.91,48.00999999999999,0.040670758274842525,124.64,4.519999999999996,-1.8399999999999181,0.0,-0.9200000000000728,1.8399999999999181,1.9999978260890723,5.5300000000002,-15.090000000000146,-4.7800000000002,0.0,0.0,0.0,9.470916162781482,2.7037649676039948,10.178844728160534,3.8057413863793568
2024-07-05 08:32:31,1167.51,1200.69,60.06,64.58,1184.1,2368.2,33.180000000000064,0.028021281962654153,124.64,4.519999999999996,11.059999999999945,-3.769999999999982,3.644999999999982,14.829999999999927,4.068585989413995,12.899999999999864,-3.769999999999982,4.565000000000055,0.0,0.0,0.0,9.500160385910137,3.0098284834925497,9.93747805029029,4.235843186427073
2024-07-05 08:32:32,1158.29,1200.69,60.06,64.58,1179.49,2358.98,42.40000000000009,0.03594774009449198,124.64,4.519999999999996,-9.220000000000027,0.0,-4.6099999999999,9.220000000000027,1.999999566160664,-20.279999999999973,3.769999999999982,-8.254999999999882,0.0,0.0,0.0,9.463173865025883,2.43002726323075,10.140726305349213,3.514732208860299
2024-07-05 08:32:33,1158.29,1202.58,60.06,64.58,1180.435,2360.87,44.289999999999964,0.03752006672326718,124.64,4.519999999999996,0.0,1.8899999999998727,0.9449999999999363,1.8899999999998727,1.999997883600123,9.220000000000027,1.8899999999998727,5.554999999999836,0.0,0.0,0.0,9.470755700651832,1.7678213993632241,5.775486992453504,3.5168121217943926
2024-07-05 08:32:34,1165.66,1200.69,60.06,64.58,1183.1750000000002,2366.3500000000004,35.02999999999997,0.029606778346730776,124.64,4.519999999999996,7.370000000000118,-1.8899999999998727,2.7400000000002365,9.259999999999991,3.379560810378971,7.370000000000118,-3.7799999999997453,1.7950000000003001,0.0,0.0,0.0,9.49273901241384,1.9891687962684412,6.2817967175004705,3.283943894161416
2024-07-05 08:32:35,1165.66,1191.26,60.06,64.58,1178.46,2356.92,25.59999999999991,0.02172326593883258,124.64,4.519999999999996,0.0,-9.430000000000064,-4.7150000000001455,9.430000000000064,1.999999575821887,-7.370000000000118,-7.540000000000191,-7.455000000000382,0.0,0.0,0.0,9.454910065348924,2.4137331045595483,7.528070802005013,4.0116695402289055
2024-07-05 08:32:36,1152.77,1200.69,60.06,64.58,1176.73,2353.46,47.92000000000007,0.040723020539356565,124.64,4.519999999999996,-12.8900000000001,9.430000000000064,-1.7300000000000182,22.320000000000164,12.901726646400743,-12.8900000000001,18.860000000000127,2.9850000000001273,0.0,0.0,0.0,9.441030091134227,2.3984177075818676,8.865944394141039,3.317132421233813
2024-07-05 08:32:37,1163.82,1198.8,60.06,64.58,1181.31,2362.62,34.98000000000002,0.029611194326966524,124.64,4.519999999999996,11.049999999999955,-1.8900000000001,4.579999999999927,12.940000000000055,2.825326894033486,23.940000000000055,-11.320000000000164,6.309999999999945,0.0,0.0,0.0,9.477775918824005,2.502400347674875,8.785233633774384,3.6721475324393644
2024-07-05 08:32:38,1156.45,1200.69,60.06,64.58,1178.5700000000002,2357.1400000000003,44.24000000000001,0.03753701516453243,124.64,4.519999999999996,-7.369999999999891,1.8900000000001,-2.7399999999997817,9.259999999999991,3.379560810379532,-18.419999999999845,3.7800000000002,-7.319999999999709,0.0,0.0,0.0,9.455792607062,2.563694599604659,8.775686867704477,3.889732638627013
2024-07-05 08:32:39,1163.82,1198.8,60.06,64.58,1181.31,2362.62,34.98000000000002,0.029611194326966524,124.64,4.519999999999996,7.369999999999891,-1.8900000000001,2.7399999999997817,9.259999999999991,3.379560810379532,14.739999999999782,-3.7800000000002,5.479999999999563,0.0,0.0,0.0,9.477775918824005,1.995038846749731,8.77930976785765,3.889732638626922
2024-07-05 08:32:40,1163.82,1198.8,60.06,64.58,1181.31,2362.62,34.98000000000002,0.029611194326966524,124.64,4.519999999999996,0.0,0.0,0.0,0.0,0.0,-7.369999999999891,1.8900000000001,-2.7399999999997817,0.0,0.0,0.0,9.477775918824005,2.107576807625838,6.2173788689447,3.0561413579871095
2024-07-05 08:32:41,1165.66,1195.03,60.06,64.58,1180.345,2360.69,29.36999999999989,0.024882555502939677,124.64,4.519999999999996,1.8400000000001455,-3.769999999999982,-0.9649999999999181,5.610000000000127,5.813465478274741,1.8400000000001455,-3.769999999999982,-0.9649999999999181,0.0,0.0,0.0,9.470033621068408,1.1930444250089305,5.351523147665555,2.9287019308900675
2024-07-05 08:32:42,1152.77,1200.69,60.06,64.58,1176.73,2353.46,47.92000000000007,0.040723020539356565,124.64,4.519999999999996,-12.8900000000001,5.660000000000082,-3.615000000000009,18.550000000000182,5.131395537649958,-14.730000000000246,9.430000000000064,-2.650000000000091,0.0,0.0,0.0,9.441030091134227,1.980339617348858,7.576570464266843,2.49095212719944
2024-07-05 08:32:43,1163.82,1198.8,60.06,64.58,1181.31,2362.62,34.98000000000002,0.029611194326966524,124.64,4.519999999999996,11.049999999999955,-1.8900000000001,4.579999999999927,12.940000000000055,2.825326894033486,23.940000000000055,-7.550000000000182,8.194999999999936,0.0,0.0,0.0,9.477775918824005,1.9848312270930242,6.858752073081563,3.200856525994189
2024-07-05 08:32:44,1156.45,1198.8,60.06,64.58,1177.625,2355.25,42.34999999999991,0.0359622120488591,124.64,4.519999999999996,-7.369999999999891,0.0,-3.6849999999999454,7.369999999999891,1.999999457259306,-18.419999999999845,1.8900000000001,-8.264999999999873,0.0,0.0,0.0,9.44821077143605,2.147572466772863,7.245940242646254,3.385233743776009
2024-07-05 08:32:45,1167.51,1198.8,60.06,64.58,1183.155,2366.31,31.289999999999964,0.02644623905874862,124.64,4.519999999999996,11.059999999999945,0.0,5.529999999999973,11.059999999999945,1.9999996383364125,18.429999999999836,0.0,9.214999999999918,0.0,0.0,0.0,9.49257855028419,2.644958884376519,7.787886105998248,4.428746154387227
2024-07-05 08:32:46,1165.66,1200.69,60.06,64.58,1183.1750000000002,2366.3500000000004,35.02999999999997,0.029606778346730776,124.64,4.519999999999996,-1.849999999999909,1.8900000000001,0.020000000000209184,3.740000000000009,186.9906504655214,-12.909999999999854,1.8900000000001,-5.5099999999997635,0.0,0.0,0.0,9.49273901241384,3.053206101796056,6.7045007271235475,4.376167558492208
2024-07-05 08:32:47,1154.61,1189.37,60.06,64.58,1171.9899999999998,2343.9799999999996,34.75999999999999,0.02965895610913151,124.64,4.519999999999996,-11.050000000000182,-11.320000000000164,-11.1850000000004,0.2699999999999818,0.02413947034962019,-9.200000000000273,-13.210000000000264,-11.20500000000061,0.0,0.0,0.0,9.403000566407247,4.744588232928311,4.047217562721289,6.814463111647299
2024-07-05 08:32:48,1165.66,1196.91,60.06,64.58,1181.285,2362.57,31.25,0.026454242603220858,124.64,4.519999999999996,11.050000000000182,7.540000000000191,9.2950000000003,3.509999999999991,0.37762233699597,22.100000000000364,18.860000000000355,20.4800000000007,0.0,0.0,0.0,9.477575341161945,4.742151937679965,4.524575118174036,7.994711533257687
2024-07-05 08:32:49,1165.66,1198.8,60.06,64.58,1182.23,2364.46,33.13999999999987,0.028031770443964456,124.64,4.519999999999996,0.0,1.8899999999998727,0.9449999999999363,1.8899999999998727,1.999997883600123,-11.050000000000182,-5.650000000000318,-8.350000000000364,0.0,0.0,0.0,9.485157176787892,4.747247360317916,1.8152492941741791,7.725515678581174
2024-07-05 08:32:50,1165.66,1198.8,60.11,64.58,1182.23,2364.46,33.13999999999987,0.028031770443964456,124.69,4.469999999999999,0.0,0.0,0.0,0.0,0.0,0.0,-1.8899999999998727,-0.9449999999999363,0.04999999999999716,0.0,0.04999999999999716,9.481353681278742,4.627962024481694,1.5201743321079575,7.283947247200766
2024-07-05 08:32:51,1171.2,1196.91,60.11,64.58,1184.055,2368.11,25.710000000000036,0.021713518357075065,124.69,4.469999999999999,5.539999999999964,-1.8899999999998727,1.8250000000000455,7.429999999999836,4.071230645900825,5.539999999999964,-1.8899999999998727,1.8250000000000455,0.0,0.0,0.0,9.495989979180449,4.784331980542877,3.519353633836694,7.341151476437717
2024-07-05 08:32:52,1165.66,1193.14,60.11,64.58,1179.4,2358.8,27.480000000000018,0.02329998302246908,124.69,4.469999999999999,-5.539999999999964,-3.769999999999982,-4.654999999999973,1.7699999999999818,0.38023622336493423,-11.079999999999927,-1.8800000000001091,-6.480000000000018,0.0,0.0,0.0,9.458657394669522,1.6935207409565924,3.3886767328854748,5.032595751697243
2024-07-05 08:32:53,1158.29,1206.35,60.11,64.62,1182.32,2364.64,48.059999999999945,0.04064889366614034,124.73,4.510000000000005,-7.370000000000118,13.209999999999809,2.9199999999998454,20.579999999999927,7.047942791800762,-1.8300000000001546,16.97999999999979,7.574999999999818,0.0,0.04000000000000625,0.04000000000000625,9.479034638987937,1.671838808034743,8.791716555940559,2.924244774296391
2024-07-05 08:32:54,1165.66,1202.58,60.11,64.62,1184.12,2368.24,36.919999999999845,0.03117927234471217,124.73,4.510000000000005,7.370000000000118,-3.769999999999982,1.7999999999999545,11.1400000000001,6.188885450619407,14.740000000000236,-16.97999999999979,-1.1199999999998909,0.0,0.0,0.0,9.49346581020231,1.9189580506234276,8.914046219310237,3.0021504792397984
2024-07-05 08:32:55,1169.35,1195.03,60.11,64.62,1182.19,2364.38,25.680000000000064,0.021722396550704764,124.73,4.510000000000005,3.689999999999827,-7.5499999999999545,-1.9299999999998363,11.239999999999782,5.823831179362465,-3.680000000000291,-3.7799999999999727,-3.729999999999791,0.0,0.0,0.0,9.477992387733567,1.920057290825569,9.735276061827866,3.1816124056835657
2024-07-05 08:32:56,1158.29,1202.58,60.11,64.62,1180.435,2360.87,44.289999999999964,0.03752006672326718,124.73,4.510000000000005,-11.059999999999945,7.5499999999999545,-1.7550000000001091,18.6099999999999,10.603982561832582,-14.749999999999773,15.099999999999909,0.17499999999972715,0.0,0.0,0.0,9.46392199579955,1.828310695710493,9.911179546350622,3.066735642340169
2024-07-05 08:32:57,1163.82,1200.69,60.11,64.62,1182.255,2364.51,36.87000000000012,0.031186165394787035,124.73,4.510000000000005,5.529999999999973,-1.8899999999998727,1.8200000000001637,7.419999999999845,4.076920836856232,16.589999999999918,-9.439999999999827,3.575000000000273,0.0,0.0,0.0,9.478513513360753,1.303712966895657,8.578037654382213,2.25019554705804
2024-07-05 08:32:58,1160.13,1198.8,60.11,64.62,1179.4650000000001,2358.9300000000003,38.669999999999845,0.03278605127512371,124.73,4.510000000000005,-3.689999999999827,-1.8900000000001,-2.7899999999999636,1.7999999999997272,0.6451610590819683,-9.2199999999998,-2.2737367544323206e-13,-4.610000000000127,0.0,0.0,0.0,9.456145197978474,1.8027569165168604,6.759765528477979,2.2085753326522646
2024-07-05 08:32:59,1154.61,1198.8,60.11,64.62,1176.705,2353.41,44.190000000000055,0.0375540173301261,124.73,4.510000000000005,-5.520000000000209,0.0,-2.7600000000002183,5.520000000000209,1.9999992753624989,-1.830000000000382,1.8900000000001,0.02999999999974534,0.0,0.0,0.0,9.434017402116432,2.2909113907010474,7.6054322691086655,1.9054251494090135
2024-07-05 08:33:00,1163.82,1200.69,60.11,64.62,1182.255,2364.51,36.87000000000012,0.031186165394787035,124.73,4.510000000000005,9.210000000000036,1.8900000000001,5.550000000000182,7.319999999999936,1.3189186812758587,14.730000000000246,1.8900000000001,8.3100000000004,0.0,0.0,0.0,9.478513513360753,2.3050965272725192,3.7803597712386563,3.6261474046156774
2024-07-05 08:33:01,1165.66,1187.49,60.11,64.62,1176.575,2353.15,21.829999999999927,0.018553853329746146,124.73,4.510000000000005,1.8400000000001455,-13.200000000000045,-5.680000000000064,15.040000000000191,2.647886857766402,-7.369999999999891,-15.090000000000146,-11.230000000000246,0.0,0.0,0.0,9.432975150862061,2.8078871060000106,8.306845369934393,4.4384422943191595
2024-07-05 08:33:02,1167.51,1200.69,60.11,64.62,1184.1,2368.2,33.180000000000064,0.028021281962654153,124.73,4.510000000000005,1.849999999999909,13.200000000000045,7.524999999999864,11.350000000000136,1.508305447401315,0.009999999999763531,26.40000000000009,13.204999999999927,0.0,0.0,0.0,9.493305463855483,3.3394198598023173,8.339209794698794,5.796796960391184
2024-07-05 08:33:03,1169.35,1193.14,60.11,64.62,1181.245,2362.49,23.79000000000019,0.02013976777032743,124.73,4.510000000000005,1.8399999999999181,-7.5499999999999545,-2.855000000000018,9.389999999999873,3.2889655730417653,-0.009999999999990905,-20.75,-10.379999999999882,0.0,0.0,0.0,9.470416022846019,3.3866583825422008,9.280820006874396,5.805718517117461
2024-07-05 08:33:04,1156.45,1200.69,60.11,64.62,1178.5700000000002,2357.1400000000003,44.24000000000001,0.03753701516453243,124.73,4.510000000000005,-12.899999999999864,7.5499999999999545,-2.674999999999727,20.449999999999818,7.644856955194373,-14.739999999999782,15.099999999999909,0.18000000000029104,0.0,0.0,0.0,9.448969698957994,2.988041582716745,9.297288314341971,5.7944268482741075
2024-07-05 08:33:05,1165.66,1200.69,60.11,64.62,1183.1750000000002,2366.3500000000004,35.02999999999997,0.029606778346730776,124.73,4.510000000000005,9.210000000000036,0.0,4.605000000000018,9.210000000000036,1.9999995656895622,22.1099999999999,-7.5499999999999545,7.279999999999745,0.0,0.0,0.0,9.485889445314765,3.143633645965322,9.089539592300563,5.595342259415359
2024-07-05 08:33:06,1152.77,1200.69,60.11,64.62,1176.73,2353.46,47.92000000000007,0.040723020539356565,124.73,4.510000000000005,-12.8900000000001,0.0,-6.445000000000164,12.8900000000001,1.9999996896819368,-22.100000000000136,0.0,-11.050000000000182,0.0,0.0,0.0,9.434217835049965,3.0927322063258784,9.545945212497237,5.802402950502466
2024-07-05 08:33:07,1163.82,1196.91,60.11,64.62,1180.365,2360.73,33.090000000000146,0.028033701416058966,124.73,4.510000000000005,11.049999999999955,-3.7799999999999727,3.634999999999991,14.829999999999927,4.079778795108988,23.940000000000055,-3.7799999999999727,10.080000000000155,0.0,0.0,0.0,9.463360783585658,2.4748853508885635,9.554633954265269,4.7030277481639695
2024-07-05 08:33:08,1158.29,1198.8,60.11,64.62,1178.545,2357.09,40.50999999999999,0.03437289196901866,124.73,4.510000000000005,-5.529999999999973,1.8899999999998727,-1.8199999999999363,7.419999999999845,4.076920836856741,-16.579999999999927,5.669999999999845,-5.454999999999927,0.0,0.0,0.0,9.44876926602446,2.434185181953323,6.190482210619756,4.608885440103733
2024-07-05 08:33:09,1165.66,1198.8,60.11,64.62,1182.23,2364.46,33.13999999999987,0.028031770443964456,124.73,4.510000000000005,7.370000000000118,0.0,3.6849999999999454,7.370000000000118,1.9999994572593676,12.900000000000091,-1.8899999999998727,5.504999999999882,0.0,0.0,0.0,9.478313080427219,2.6352547315285593,6.348934556285814,4.747888478050055
2024-07-05 08:33:10,1163.82,1193.14,60.11,64.62,1178.48,2356.96,29.320000000000164,0.024879505782975236,124.73,4.510000000000005,-1.8400000000001455,-5.6599999999998545,-3.75,3.819999999999709,1.018666395022217,-9.210000000000264,-5.6599999999998545,-7.434999999999945,0.0,0.0,0.0,9.448248140397274,2.095349016283511,7.425101346109664,4.508236074120374
2024-07-05 08:33:11,1163.82,1185.61,60.11,64.62,1174.715,2349.43,21.789999999999964,0.018549179998085308,124.73,4.510000000000005,0.0,-7.5300000000002,-3.7650000000001,7.5300000000002,1.9999994687916416,1.8400000000001455,-1.8700000000003456,-0.015000000000100044,0.0,0.0,0.0,9.418062940607207,2.7859616831606138,6.808263361533524,3.7924441327460583
2024-07-05 08:33:12,1165.66,1191.26,60.11,64.62,1178.46,2356.92,25.59999999999991,0.02172326593883258,124.73,4.510000000000005,1.8400000000001455,5.650000000000091,3.7450000000001182,3.8099999999999454,1.0173562036431565,1.8400000000001455,13.180000000000291,7.510000000000218,0.0,0.0,0.0,9.448087794050446,2.657168135447543,7.20278210138276,3.8219291594691116
2024-07-05 08:33:13,1163.82,1198.8,60.11,64.62,1181.31,2362.62,34.98000000000002,0.029611194326966524,124.73,4.510000000000005,-1.8400000000001455,7.539999999999964,2.849999999999909,9.38000000000011,3.29122691535912,-3.680000000000291,1.8899999999998727,-0.8950000000002092,0.0,0.0,0.0,9.470937148473205,2.9446824956248894,5.39770136261723,3.950804664875275
2024-07-05 08:33:14,1154.61,1198.8,60.11,64.62,1176.705,2353.41,44.190000000000055,0.0375540173301261,124.73,4.510000000000005,-9.210000000000036,0.0,-4.605000000000018,9.210000000000036,1.9999995656895622,-7.369999999999891,-7.539999999999964,-7.454999999999927,0.0,0.0,0.0,9.434017402116432,2.4415451050586316,8.753115445371462,4.046175663512432
2024-07-05 08:33:15,1154.61,1198.8,60.11,64.62,1176.705,2353.41,44.190000000000055,0.0375540173301261,124.73,4.510000000000005,0.0,0.0,0.0,0.0,0.0,9.210000000000036,0.0,4.605000000000018,0.0,0.0,0.0,9.434017402116432,2.4711722926648743,10.346064469159321,3.7715596906320226
2024-07-05 08:33:16,1165.66,1198.8,60.11,64.62,1182.23,2364.46,33.13999999999987,0.028031770443964456,124.73,4.510000000000005,11.050000000000182,0.0,5.525000000000091,11.050000000000182,1.9999996380091152,11.050000000000182,0.0,5.525000000000091,0.0,0.0,0.0,9.478313080427219,2.576869709558444,7.915968039349383,3.9555066047221232
2024-07-05 08:33:17,1163.82,1198.8,60.11,64.62,1181.31,2362.62,34.98000000000002,0.029611194326966524,124.73,4.510000000000005,-1.8400000000001455,0.0,-0.9200000000000728,1.8400000000001455,1.9999978260893194,-12.890000000000327,0.0,-6.445000000000164,0.0,0.0,0.0,9.470937148473205,2.71632242195987,5.432644843904339,3.8430472934899256
2024-07-05 08:33:18,1165.66,1198.8,60.11,64.62,1182.23,2364.46,33.13999999999987,0.028031770443964456,124.73,4.510000000000005,1.8400000000001455,0.0,0.9200000000000728,1.8400000000001455,1.9999978260893194,3.680000000000291,0.0,1.8400000000001455,0.0,0.0,0.0,9.478313080427219,2.8827708025513807,5.765541605088002,3.6488069968142147
2024-07-05 08:33:19,1154.61,1196.91,60.11,64.62,1175.76,2351.52,42.30000000000018,0.03597672991428816,124.73,4.510000000000005,-11.050000000000182,-1.8899999999998727,-6.470000000000027,9.16000000000031,1.415764850731904,-12.890000000000327,-1.8899999999998727,-7.3900000000001,0.0,0.0,0.0,9.426441037228885,3.157272557135634,5.295120395231912,4.298276398744085
2024-07-05 08:33:20,1163.82,1212.03,60.11,64.67,1187.925,2375.85,48.210000000000036,0.0405833701280945,124.78,4.560000000000002,9.210000000000036,15.11999999999989,12.164999999999964,5.9099999999998545,0.48581993540320073,20.26000000000022,17.009999999999764,18.63499999999999,0.0,0.04999999999999716,0.04999999999999716,9.52015539733807,4.317572234491399,6.679579328071564,7.0158547234104125
2024-07-05 08:33:21,1165.66,1204.46,60.11,64.67,1185.06,2370.12,38.799999999999955,0.03274095823608846,124.78,4.560000000000002,1.8400000000001455,-7.569999999999936,-2.865000000000009,9.410000000000082,3.2844665673764344,-7.369999999999891,-22.689999999999827,-15.029999999999973,0.0,0.0,0.0,9.497194987199912,4.552240657088926,6.022315169434475,7.038241435188196
2024-07-05 08:33:22,1152.77,1196.91,60.11,64.67,1174.8400000000001,2349.6800000000003,44.1400000000001,0.037571073475902265,124.78,4.560000000000002,-12.8900000000001,-7.5499999999999545,-10.2199999999998,5.3400000000001455,0.5225048412422123,-14.730000000000246,0.01999999999998181,-7.354999999999791,0.0,0.0,0.0,9.415290836550003,5.727619051582174,5.6931467572864065,8.587475909718702
2024-07-05 08:33:23,1173.04,1193.14,60.15,64.67,1183.0900000000001,2366.1800000000003,20.100000000000136,0.016989409075396398,124.82,4.520000000000003,20.269999999999982,-3.769999999999982,8.25,24.039999999999964,2.9139390407346575,33.16000000000008,3.7799999999999727,18.4699999999998,0.03999999999999915,0.0,0.03999999999999915,9.478368775209352,5.780341685406493,10.942613947316211,9.623140469721871
2024-07-05 08:33:24,1163.82,1198.8,60.15,64.67,1181.31,2362.62,34.98000000000002,0.029611194326966524,124.82,4.520000000000003,-9.220000000000027,5.6599999999998545,-1.7800000000002,14.879999999999882,8.359545865422666,-29.49000000000001,9.429999999999836,-10.0300000000002,0.0,0.0,0.0,9.464108240152955,4.909401694713212,10.831337867502754,9.023777618048829
2024-07-05 08:33:25,1173.04,1200.69,60.15,64.67,1186.865,2373.73,27.65000000000009,0.02329666809342547,124.82,4.520000000000003,9.220000000000027,1.8900000000001,5.555000000000064,7.329999999999927,1.3195317156558286,18.440000000000055,-3.7699999999997544,7.335000000000264,0.0,0.0,0.0,9.508612325680081,4.628449524414422,9.441963778790887,7.323264811544054
2024-07-05 08:33:26,1165.66,1202.58,60.15,64.67,1184.12,2368.24,36.919999999999845,0.03117927234471217,124.82,4.520000000000003,-7.379999999999882,1.8899999999998727,-2.7450000000001182,9.269999999999754,3.3770479500733717,-16.59999999999991,-2.2737367544323206e-13,-8.300000000000182,0.0,0.0,0.0,9.486620657854345,4.502285530711177,9.194102457553916,7.3125855550550325
2024-07-05 08:33:27,1158.29,1202.58,60.15,64.67,1180.435,2360.87,44.289999999999964,0.03752006672326718,124.82,4.520000000000003,-7.370000000000118,0.0,-3.6849999999999454,7.370000000000118,1.9999994572593676,0.009999999999763531,-1.8899999999998727,-0.9399999999998272,0.0,0.0,0.0,9.457098145672985,2.5249539599876516,9.2406531154458,5.406994775288817
2024-07-05 08:33:28,1169.35,1200.69,60.15,64.67,1185.02,2370.04,31.340000000000146,0.026446811001969023,124.82,4.520000000000003,11.059999999999945,-1.8899999999998727,4.585000000000036,12.949999999999818,2.824426864901385,18.430000000000064,-1.8899999999998727,8.269999999999982,0.0,0.0,0.0,9.493831040748029,2.654988229740262,6.2730080503693655,4.342174570419822
2024-07-05 08:33:29,1169.35,1200.69,60.15,64.67,1185.02,2370.04,31.340000000000146,0.026446811001969023,124.82,4.520000000000003,0.0,0.0,0.0,0.0,0.0,-11.059999999999945,1.8899999999998727,-4.585000000000036,0.0,0.0,0.0,9.493831040748029,2.3762538795472032,6.488641614390385,4.190515481417572
2024-07-05 08:33:30,1169.35,1189.37,60.15,64.67,1179.36,2358.72,20.019999999999982,0.01697530862758163,124.82,4.520000000000003,0.0,-11.320000000000164,-5.660000000000082,11.320000000000164,1.999999646643172,0.0,-11.320000000000164,-5.660000000000082,0.0,0.0,0.0,9.448485743883307,2.693771519645893,8.896410512111004,3.9656988665303765
2024-07-05 08:33:31,1158.29,1200.69,60.15,64.67,1179.49,2358.98,42.40000000000009,0.03594774009449198,124.82,4.520000000000003,-11.059999999999945,11.320000000000164,0.13000000000010914,22.38000000000011,172.15252190353397,-11.059999999999945,22.640000000000327,5.790000000000191,0.0,0.0,0.0,9.449527243634616,2.9098367651898824,9.822948640810445,3.948625393728848
2024-07-05 08:33:32,1165.66,1200.69,60.15,64.67,1183.1750000000002,2366.3500000000004,35.02999999999997,0.029606778346730776,124.82,4.520000000000003,7.370000000000118,0.0,3.685000000000173,7.370000000000118,1.9999994572592443,18.430000000000064,-11.320000000000164,3.5550000000000637,0.0,0.0,0.0,9.479049755815979,2.8301183720921324,8.089022190598826,4.035852759950567
2024-07-05 08:33:33,1167.51,1198.8,60.15,64.67,1183.155,2366.31,31.289999999999964,0.02644623905874862,124.82,4.520000000000003,1.849999999999909,-1.8900000000001,-0.020000000000209184,3.740000000000009,186.9906504655214,-5.520000000000209,-1.8900000000001,-3.705000000000382,0.0,0.0,0.0,9.478889525085007,2.504832828763581,8.090113101805208,3.351733879651036
2024-07-05 08:33:34,1163.82,1200.69,60.15,64.67,1182.255,2364.51,36.87000000000012,0.031186165394787035,124.82,4.520000000000003,-3.6900000000000546,1.8900000000001,-0.8999999999998636,5.580000000000155,6.199993111119877,-5.539999999999964,3.7800000000002,-0.8799999999996544,0.0,0.0,0.0,9.471679142191324,1.9192140318498383,8.348471117516102,3.350861083363582
2024-07-05 08:33:35,1165.66,1200.69,60.15,64.67,1183.1750000000002,2366.3500000000004,35.02999999999997,0.029606778346730776,124.82,4.520000000000003,1.8400000000001455,0.0,0.9200000000000728,1.8400000000001455,1.9999978260893194,5.5300000000002,-1.8900000000001,1.8199999999999363,0.0,0.0,0.0,9.479049755815979,1.5927884354340658,4.05295941257746,1.756564829432785
2024-07-05 08:33:36,1158.29,1191.26,60.15,64.67,1174.775,2349.55,32.97000000000003,0.02806494858329048,124.82,4.520000000000003,-7.370000000000118,-9.430000000000064,-8.400000000000091,2.0599999999999454,0.24523806604307824,-9.210000000000264,-9.430000000000064,-9.320000000000164,0.0,0.0,0.0,9.411752848808263,3.6728626437764396,2.149446440365508,4.509705644496184
2024-07-05 08:33:37,1152.77,1193.14,60.15,64.67,1172.955,2345.91,40.37000000000012,0.03441734760974016,124.82,4.520000000000003,-5.519999999999982,1.8800000000001091,-1.8200000000001637,7.400000000000091,4.065931831905271,1.8500000000001364,11.310000000000173,6.579999999999927,0.0,0.0,0.0,9.397171852289922,4.983384392161612,3.526737869476582,3.6959274884662254
2024-07-05 08:33:38,1169.35,1200.69,60.15,64.67,1185.02,2370.04,31.340000000000146,0.026446811001969023,124.82,4.520000000000003,16.579999999999927,7.5499999999999545,12.065000000000055,9.029999999999973,0.7484458559099939,22.09999999999991,5.669999999999845,13.885000000000218,0.0,0.0,0.0,9.493831040748029,5.3999124992949135,3.512546085106906,7.4228933038270775
2024-07-05 08:33:39,1165.66,1195.03,60.15,64.67,1180.345,2360.69,29.36999999999989,0.024882555502939677,124.82,4.520000000000003,-3.689999999999827,-5.660000000000082,-4.6749999999999545,1.9700000000002547,0.4213902841946502,-20.269999999999754,-13.210000000000036,-16.74000000000001,0.0,0.0,0.0,9.456377107383616,5.233309660247498,4.2143184502360755,7.7686715402313675
2024-07-05 08:33:40,1165.66,1196.91,60.15,64.67,1181.285,2362.57,31.25,0.026454242603220858,124.82,4.520000000000003,0.0,1.8800000000001091,0.9400000000000546,1.8800000000001091,1.999997872342689,3.689999999999827,7.540000000000191,5.615000000000009,0.0,0.0,0.0,9.463907951739243,4.939291953310512,4.280619114100236,7.7695146244794975
2024-07-05 08:33:41,1165.66,1193.14,60.15,64.67,1179.4,2358.8,27.480000000000018,0.02329998302246908,124.82,4.520000000000003,0.0,-3.769999999999982,-1.884999999999991,3.769999999999982,1.9999989389926054,0.0,-5.650000000000091,-2.8250000000000455,0.0,0.0,0.0,9.44880620534525,4.380772477548051,4.959714709537266,6.536263267341703
2024-07-05 08:33:42,1167.51,1200.69,60.15,64.67,1184.1,2368.2,33.180000000000064,0.028021281962654153,124.82,4.520000000000003,1.849999999999909,7.5499999999999545,4.699999999999818,5.7000000000000455,1.2127656994116098,1.849999999999909,11.319999999999936,6.584999999999809,0.0,0.0,0.0,9.486460427123374,2.4257035062127765,2.1705367999644607,6.5020087280778
2024-07-05 08:33:43,1165.66,1198.8,60.15,64.67,1182.23,2364.46,33.13999999999987,0.028031770443964456,124.82,4.520000000000003,-1.849999999999909,-1.8900000000001,-1.8699999999998909,0.040000000000190994,0.021390362892957454,-3.699999999999818,-9.440000000000055,-6.569999999999709,0.0,0.0,0.0,9.47147885377761,1.8082609048613993,2.4685279014019192,3.5469187332104775
2024-07-05 08:33:44,1169.35,1200.69,60.15,64.67,1185.02,2370.04,31.340000000000146,0.026446811001969023,124.82,4.520000000000003,3.689999999999827,1.8900000000001,2.7899999999999636,1.7999999999997272,0.6451610590819683,5.539999999999736,3.7800000000002,4.6599999999998545,0.0,0.0,0.0,9.493831040748029,2.2375365918918715,2.3191636423503397,2.8912237893320363
2024-07-05 08:33:45,1156.45,1196.91,60.15,64.67,1176.68,2353.36,40.460000000000036,0.0343848794622286,124.82,4.520000000000003,-12.899999999999864,-3.7799999999999727,-8.339999999999918,9.11999999999989,1.0935250487380015,-16.58999999999969,-5.670000000000073,-11.129999999999882,0.0,0.0,0.0,9.427014825933226,3.4396482378362387,4.713215462929712,5.0556557438179155
2024-07-05 08:33:46,1165.66,1196.91,60.15,64.67,1181.285,2362.57,31.25,0.026454242603220858,124.82,4.520000000000003,9.210000000000036,0.0,4.605000000000018,9.210000000000036,1.9999995656895622,22.1099999999999,3.7799999999999727,12.944999999999936,0.0,0.0,0.0,9.463907951739243,3.2520408976598203,3.79810215765713,5.554772272559799
2024-07-05 08:33:47,1165.66,1198.8,60.15,64.67,1182.23,2364.46,33.13999999999987,0.028031770443964456,124.82,4.520000000000003,0.0,1.8899999999998727,0.9449999999999363,1.8899999999998727,1.999997883600123,-9.210000000000036,1.8899999999998727,-3.660000000000082,0.0,0.0,0.0,9.47147885377761,3.030438087150136,3.7999710525212973,5.055597640239932
2024-07-05 08:33:48,1158.29,1198.8,60.15,64.67,1178.545,2357.09,40.50999999999999,0.03437289196901866,124.82,4.520000000000003,-7.370000000000118,0.0,-3.6849999999999454,7.370000000000118,1.9999994572593676,-7.370000000000118,-1.8899999999998727,-4.629999999999882,0.0,0.0,0.0,9.44195634159625,3.245628983732757,4.756873973525019,5.251241043791416
2024-07-05 08:33:49,1165.66,1195.03,60.15,64.67,1180.345,2360.69,29.36999999999989,0.024882555502939677,124.82,4.520000000000003,7.370000000000118,-3.769999999999982,1.7999999999999545,11.1400000000001,6.188885450619407,14.740000000000236,-3.769999999999982,5.4849999999999,0.0,0.0,0.0,9.456377107383616,2.220086146986494,5.2291519388903085,5.1015377583626265
2024-07-05 08:33:50,1154.61,1202.58,60.15,64.69,1178.5949999999998,2357.1899999999996,47.97000000000003,0.04070100412720148,124.84,4.539999999999999,-11.050000000000182,7.5499999999999545,-1.7500000000002274,18.600000000000136,10.62856535510421,-18.4200000000003,11.319999999999936,-3.550000000000182,0.0,0.01999999999999602,0.01999999999999602,9.440844205055717,1.6305060564265335,7.702539840857722,3.2112042133754355
2024-07-05 08:33:51,1154.61,1200.69,60.15,64.69,1177.65,2355.3,46.080000000000155,0.039128773371435804,124.84,4.539999999999999,0.0,-1.8899999999998727,-0.944999999999709,1.8899999999998727,1.9999978836006043,11.050000000000182,-9.439999999999827,0.8050000000005184,0.0,0.0,0.0,9.433274515914174,1.8246116025170758,8.048088592951828,2.1808902998546063
2024-07-05 08:33:52,1158.29,1193.14,60.15,64.69,1175.7150000000001,2351.4300000000003,34.850000000000136,0.029641537252104968,124.84,4.539999999999999,3.6800000000000637,-7.5499999999999545,-1.9349999999999454,11.230000000000018,5.803614571775588,3.6800000000000637,-5.660000000000082,-0.9900000000002365,0.0,0.0,0.0,9.417774676243395,1.6844361074359175,7.745468352527212,2.001869751007784
2024-07-05 08:33:53,1158.29,1204.46,60.15,64.69,1181.375,2362.75,46.17000000000007,0.03908157863584255,124.84,4.539999999999999,0.0,11.319999999999936,5.6599999999998545,11.319999999999936,1.9999996466432122,-3.6800000000000637,18.86999999999989,7.5949999999998,0.0,0.0,0.0,9.463112708562058,2.2292891243704362,8.278479328958953,3.2161145035585426
2024-07-05 08:33:54,1160.13,1202.58,60.15,64.69,1181.355,2362.71,42.44999999999982,0.03593331383374727,124.84,4.539999999999999,1.8400000000001455,-1.8800000000001091,-0.01999999999998181,3.7200000000002547,185.99070046515862,1.8400000000001455,-13.200000000000045,-5.679999999999836,0.0,0.0,0.0,9.462952503500862,2.4466906220519897,5.236676426895177,3.143713170758367
2024-07-05 08:33:55,1160.13,1200.69,60.15,64.69,1180.41,2360.82,40.559999999999945,0.03436094235531637,124.84,4.539999999999999,0.0,-1.8899999999998727,-0.9449999999999363,1.8899999999998727,1.999997883600123,-1.8400000000001455,-0.009999999999763531,-0.9249999999999545,0.0,0.0,0.0,9.455382814359318,2.5167176043486967,4.675240100786242,3.037574278927076
2024-07-05 08:33:56,1165.66,1200.69,60.15,64.69,1183.1750000000002,2366.3500000000004,35.02999999999997,0.029606778346730776,124.84,4.539999999999999,5.529999999999973,0.0,2.7650000000001,5.529999999999973,1.9999992766728736,5.529999999999973,1.8899999999998727,3.7100000000000364,0.0,0.0,0.0,9.477531164069761,2.806796216336995,4.884456981077782,3.0908473757207147
2024-07-05 08:33:57,1163.82,1189.37,60.15,64.69,1176.5949999999998,2353.1899999999996,25.549999999999955,0.02171520359876147,124.84,4.539999999999999,-1.8400000000001455,-11.320000000000164,-6.580000000000382,9.480000000000018,1.4407292643267786,-7.370000000000118,-11.320000000000164,-9.345000000000482,0.0,0.0,0.0,9.424823698936047,2.44314244366659,8.014313445330169,4.574816116523265
2024-07-05 08:33:58,1165.66,1198.8,60.15,64.69,1182.23,2364.46,33.13999999999987,0.028031770443964456,124.84,4.539999999999999,1.8400000000001455,9.430000000000064,5.635000000000218,7.589999999999918,1.3469385364793411,3.680000000000291,20.750000000000227,12.2150000000006,0.0,0.0,0.0,9.469961474928217,2.5405033950077436,6.681701130700128,4.567331551354905
2024-07-05 08:33:59,1165.66,1200.69,60.15,64.69,1183.1750000000002,2366.3500000000004,35.02999999999997,0.029606778346730776,124.84,4.539999999999999,0.0,1.8900000000001,0.9450000000001637,1.8900000000001,1.9999978835998824,-1.8400000000001455,-7.539999999999964,-4.690000000000055,0.0,0.0,0.0,9.477531164069761,2.7684756636184416,5.413000092370202,4.577620014811415
2024-07-05 08:34:00,1163.82,1200.69,60.15,64.69,1182.255,2364.51,36.87000000000012,0.031186165394787035,124.84,4.539999999999999,-1.8400000000001455,0.0,-0.9200000000000728,1.8400000000001455,1.9999978260893194,-1.8400000000001455,-1.8900000000001,-1.8650000000002365,0.0,0.0,0.0,9.470161731254713,2.7736357006732346,4.434634145000029,4.575846096625425
2024-07-05 08:34:01,1173.04,1198.8,60.2,64.69,1185.92,2371.84,25.75999999999999,0.021721532631440953,124.89,4.489999999999995,9.220000000000027,-1.8900000000001,3.6649999999999636,11.110000000000127,3.0313770719299225,11.060000000000173,-1.8900000000001,4.585000000000036,0.05000000000000426,0.0,0.05000000000000426,9.495716154250012,3.393849215868502,5.293226804133761,4.709412649152967
2024-07-05 08:34:02,1167.51,1198.8,60.2,64.69,1183.155,2366.31,31.289999999999964,0.02644623905874862,124.89,4.489999999999995,-5.529999999999973,0.0,-2.7650000000001,5.529999999999973,1.9999992766728736,-14.75,1.8900000000001,-6.430000000000064,0.0,0.0,0.0,9.473576671682467,1.5105404662092077,4.265134230009653,3.3898148917014206
2024-07-05 08:34:03,1158.29,1200.69,60.2,64.69,1179.49,2358.98,42.40000000000009,0.03594774009449198,124.89,4.489999999999995,-9.220000000000027,1.8900000000001,-3.6649999999999636,11.110000000000127,3.0313770719299225,-3.6900000000000546,1.8900000000001,-0.8999999999998636,0.0,0.0,0.0,9.444230847592035,2.305112253243558,6.219626194555459,2.9473538979905567
2024-07-05 08:34:04,1163.82,1193.14,60.2,64.69,1178.48,2356.96,29.320000000000164,0.024879505782975236,124.89,4.489999999999995,5.529999999999973,-7.5499999999999545,-1.009999999999991,13.079999999999927,12.950482227245365,14.75,-9.440000000000055,2.6549999999999727,0.0,0.0,0.0,9.436143730994125,2.9731275620211846,6.560089176223157,2.8269935443859735
2024-07-05 08:34:05,1171.2,1198.8,60.2,64.69,1185.0,2370.0,27.59999999999991,0.02329113922085128,124.89,4.489999999999995,7.380000000000109,5.6599999999998545,6.519999999999982,1.7200000000002547,0.26380364052095384,1.8500000000001364,13.209999999999809,7.529999999999973,0.0,0.0,0.0,9.488349671804391,3.299792417721457,6.548066890312006,4.3741619197281665
2024-07-05 08:34:06,1165.66,1200.69,60.2,64.69,1183.1750000000002,2366.3500000000004,35.02999999999997,0.029606778346730776,124.89,4.489999999999995,-5.539999999999964,1.8900000000001,-1.824999999999818,7.430000000000064,4.071230645901457,-12.920000000000073,-3.7699999999997544,-8.3449999999998,0.0,0.0,0.0,9.4737368126052,2.7525965014963565,5.87421228761782,4.075278211361758
2024-07-05 08:34:07,1169.35,1198.8,60.2,64.69,1184.0749999999998,2368.1499999999996,29.450000000000045,0.024871735299814887,124.89,4.489999999999995,3.689999999999827,-1.8900000000001,0.8999999999996362,5.579999999999927,6.199993111121191,9.22999999999979,-3.7800000000002,2.7249999999994543,0.0,0.0,0.0,9.480943154128086,2.888211817033243,6.072433614293375,3.9030138995396335
2024-07-05 08:34:08,1165.66,1196.91,60.2,64.69,1181.285,2362.57,31.25,0.026454242603220858,124.89,4.489999999999995,-3.689999999999827,-1.8899999999998727,-2.7899999999997362,1.7999999999999545,0.6451610590821023,-7.379999999999654,2.2737367544323206e-13,-3.6899999999993724,0.0,0.0,0.0,9.45860349540713,2.5872683471282536,2.827711088495383,3.701716493736284
2024-07-05 08:34:09,1158.29,1193.14,60.2,64.69,1175.7150000000001,2351.4300000000003,34.850000000000136,0.029641537252104968,124.89,4.489999999999995,-7.370000000000118,-3.769999999999982,-5.569999999999936,3.6000000000001364,0.6463194530845107,-3.680000000000291,-1.8800000000001091,-2.7800000000002,0.0,0.0,0.0,9.414004248426583,3.694123712066153,3.2812314761382058,4.5806926332159765
2024-07-05 08:34:10,1165.66,1200.69,60.2,64.69,1183.1750000000002,2366.3500000000004,35.02999999999997,0.029606778346730776,124.89,4.489999999999995,7.370000000000118,7.5499999999999545,7.460000000000036,0.1799999999998363,0.024128683092647762,14.740000000000236,11.319999999999936,13.029999999999973,0.0,0.0,0.0,9.4737368126052,3.382055587959527,2.6103103263787975,4.948108224362046
2024-07-05 08:34:11,1156.45,1200.69,60.2,64.69,1178.5700000000002,2357.1400000000003,44.24000000000001,0.03753701516453243,124.89,4.489999999999995,-9.210000000000036,0.0,-4.605000000000018,9.210000000000036,1.9999995656895622,-16.580000000000155,-7.5499999999999545,-12.065000000000055,0.0,0.0,0.0,9.436864365146416,3.433406471719379,5.706564640832496,5.2970609775609985
2024-07-05 08:34:12,1158.29,1195.03,60.2,64.69,1176.6599999999999,2353.3199999999997,36.74000000000001,0.031223972913820508,124.89,4.489999999999995,1.8399999999999181,-5.660000000000082,-1.9100000000003092,7.5,3.9266995148163724,11.049999999999955,-5.660000000000082,2.694999999999709,0.0,0.0,0.0,9.421570907025615,3.125330782499601,4.80574343884479,5.203803416732801
2024-07-05 08:34:13,1158.29,1198.8,60.2,64.69,1178.545,2357.09,40.50999999999999,0.03437289196901866,124.89,4.489999999999995,0.0,3.769999999999982,1.8850000000002183,3.769999999999982,1.9999989389923643,-1.8399999999999181,9.430000000000064,3.7950000000005275,0.0,0.0,0.0,9.436664188993001,2.872234757125095,4.037119022273139,5.328750557119419
2024-07-05 08:34:14,1158.29,1196.91,60.2,64.69,1177.6,2355.2,38.62000000000012,0.032795516276498474,124.89,4.489999999999995,0.0,-1.8899999999998727,-0.9450000000001637,1.8899999999998727,1.999997883599642,0.0,-5.6599999999998545,-2.830000000000382,0.0,0.0,0.0,9.429097530393966,2.5108589167930413,3.561835201128744,4.589153789098905
2024-07-05 08:34:15,1165.66,1187.49,60.2,64.69,1176.575,2353.15,21.829999999999927,0.018553853329746146,124.89,4.489999999999995,7.370000000000118,-9.420000000000073,-1.0249999999998636,16.79000000000019,16.380471823932297,7.370000000000118,-7.5300000000002,-0.07999999999969987,0.0,0.0,0.0,9.42089030810401,0.9705217669036537,8.597759591893722,2.325886927604281
2024-07-05 08:34:16,1158.29,1187.49,60.2,64.69,1172.8899999999999,2345.7799999999997,29.200000000000045,0.02489577025561159,124.89,4.489999999999995,-7.370000000000118,0.0,-3.685000000000173,7.370000000000118,1.9999994572592443,-14.740000000000236,9.420000000000073,-2.6600000000003092,0.0,0.0,0.0,9.391384343090845,2.1473687387195293,7.753370234936574,2.016911004482024
2024-07-05 08:34:17,1156.45,1195.03,60.2,64.69,1175.74,2351.48,38.57999999999993,0.03281337707927479,124.89,4.489999999999995,-1.8399999999999181,7.539999999999964,2.8500000000001364,9.379999999999882,3.291226915358778,5.5300000000002,7.539999999999964,6.535000000000309,0.0,0.0,0.0,9.414204424579996,2.164650664663767,7.9926885339039835,2.5994864877511428
2024-07-05 08:34:18,1165.66,1198.8,60.2,64.69,1182.23,2364.46,33.13999999999987,0.028031770443964456,124.89,4.489999999999995,9.210000000000036,3.769999999999982,6.490000000000009,5.440000000000055,0.8382125056683423,11.049999999999955,-3.769999999999982,3.6399999999998727,0.0,0.0,0.0,9.466170154006164,3.4048854606332473,7.058929097249822,3.9701898569212797
2024-07-05 08:34:19,1152.77,1189.37,60.2,64.69,1171.07,2342.14,36.59999999999991,0.03125346902298448,124.89,4.489999999999995,-12.8900000000001,-9.430000000000064,-11.160000000000082,3.4600000000000364,0.31003581451292084,-22.100000000000136,-13.200000000000045,-17.65000000000009,0.0,0.0,0.0,9.376811519122334,4.264420241958814,6.650947300948908,6.724765237538109
2024-07-05 08:34:20,1167.51,1198.8,60.2,64.69,1183.155,2366.31,31.289999999999964,0.02644623905874862,124.89,4.489999999999995,14.740000000000009,9.430000000000064,12.085000000000036,5.309999999999945,0.43938763430800953,27.63000000000011,18.860000000000127,23.24500000000012,0.0,0.0,0.0,9.473576671682467,5.451607102500274,3.8267767115419042,9.024347206308128
2024-07-05 08:34:21,1158.29,1195.03,60.2,64.69,1176.6599999999999,2353.3199999999997,36.74000000000001,0.031223972913820508,124.89,4.489999999999995,-9.220000000000027,-3.769999999999982,-6.495000000000118,5.4500000000000455,0.8391068761960077,-23.960000000000036,-13.200000000000045,-18.580000000000155,0.0,0.0,0.0,9.421570907025615,4.978273295032455,2.9691412900028564,9.489176334118854
2024-07-05 08:34:22,1154.61,1196.91,60.2,64.69,1175.76,2351.52,42.30000000000018,0.03597672991428816,124.89,4.489999999999995,-3.6800000000000637,1.8800000000001091,-0.8999999999998636,5.560000000000173,6.177770913589002,5.539999999999964,5.650000000000091,5.595000000000255,0.0,0.0,0.0,9.414364565502726,4.976241051238717,4.211897434648737,9.430109622904766
2024-07-05 08:34:23,1163.82,1185.61,60.2,64.69,1174.715,2349.43,21.789999999999964,0.018549179998085308,124.89,4.489999999999995,9.210000000000036,-11.300000000000182,-1.0450000000000728,20.51000000000022,19.62677547676872,12.8900000000001,-13.180000000000291,-0.14500000000020918,0.0,0.0,0.0,9.405997202290036,4.395265350354813,7.733985389176833,8.708972815435871
2024-07-05 08:34:24,1165.66,1193.14,60.2,64.69,1179.4,2358.8,27.480000000000018,0.02329998302246908,124.89,4.489999999999995,1.8400000000001455,7.5300000000002,4.685000000000173,5.690000000000055,1.2145141484494548,-7.369999999999891,18.830000000000382,5.730000000000246,0.0,0.0,0.0,9.443510213439746,3.395557023528448,7.964047337880465,7.039277661805997
2024-07-05 08:34:25,1154.61,1196.91,60.2,64.69,1175.76,2351.52,42.30000000000018,0.03597672991428816,124.89,4.489999999999995,-11.050000000000182,3.769999999999982,-3.6400000000001,14.820000000000164,4.071427452904479,-12.890000000000327,-3.7600000000002183,-8.325000000000273,0.0,0.0,0.0,9.414364565502726,1.7824575731361898,9.176160417080853,4.133662722090541
2024-07-05 08:34:26,1165.66,1196.91,60.2,64.69,1181.285,2362.57,31.25,0.026454242603220858,124.89,4.489999999999995,11.050000000000182,0.0,5.525000000000091,11.050000000000182,1.9999996380091152,22.100000000000364,-3.769999999999982,9.165000000000191,0.0,0.0,0.0,9.45860349540713,2.8142658900737842,9.11282228511023,3.9795838350260637
2024-07-05 08:34:27,1165.66,1191.26,60.2,64.69,1178.46,2356.92,25.59999999999991,0.02172326593883258,124.89,4.489999999999995,0.0,-5.650000000000091,-2.8250000000000455,5.650000000000091,1.9999992920356486,-11.050000000000182,-5.650000000000091,-8.350000000000136,0.0,0.0,0.0,9.435983590071395,2.6806142020130457,7.833704742968123,4.2819125399756786
2024-07-05 08:34:28,1165.66,1196.91,60.2,64.69,1181.285,2362.57,31.25,0.026454242603220858,124.89,4.489999999999995,0.0,5.650000000000091,2.8250000000000455,5.650000000000091,1.9999992920356486,0.0,11.300000000000182,5.650000000000091,0.0,0.0,0.0,9.45860349540713,2.297195572875118,6.475077605712614,4.273544196565762
2024-07-05 08:34:29,1163.82,1189.37,60.2,64.69,1176.5949999999998,2353.1899999999996,25.549999999999955,0.02171520359876147,124.89,4.489999999999995,-1.8400000000001455,-7.540000000000191,-4.690000000000282,5.7000000000000455,1.2153515532298826,-1.8400000000001455,-13.190000000000282,-7.515000000000327,0.0,0.0,0.0,9.421050449026739,2.5736175900929665,6.828195222751117,4.476577096398672
2024-07-05 08:34:30,1167.51,1193.14,60.2,64.69,1180.325,2360.65,25.63000000000011,0.021714358315112998,124.89,4.489999999999995,3.6900000000000546,3.770000000000209,3.7300000000002456,0.08000000000015461,0.021447715429606946,5.5300000000002,11.3100000000004,8.420000000000528,0.0,0.0,0.0,9.450916731116049,2.033051893100203,3.098415724204852,4.422330550739227
2024-07-05 08:34:31,1165.66,1195.03,60.2,64.69,1180.345,2360.69,29.36999999999989,0.024882555502939677,124.89,4.489999999999995,-1.849999999999909,1.8899999999998727,0.01999999999998181,3.7399999999997817,186.99065046763576,-5.539999999999964,-1.8800000000003365,-3.7100000000002638,0.0,0.0,0.0,9.45107687203878,1.8743985702186634,2.667714377514912,3.594924547191676
2024-07-05 08:34:32,1165.66,1200.69,60.2,64.69,1183.1750000000002,2366.3500000000004,35.02999999999997,0.029606778346730776,124.89,4.489999999999995,0.0,5.660000000000082,2.8300000000001546,5.660000000000082,1.9999992932863884,1.849999999999909,3.770000000000209,2.810000000000173,0.0,0.0,0.0,9.4737368126052,2.3955896977654882,4.004682259555635,3.4442952835088603
2024-07-05 08:34:33,1167.51,1015.16,60.2,65.44,1091.335,2182.67,152.35000000000002,0.13959966450301725,125.64,5.239999999999995,1.849999999999909,-185.5300000000001,-91.84000000000015,187.38,2.0402874342303163,1.849999999999909,-191.19000000000017,-94.6700000000003,0.0,0.75,0.75,8.686206552959197,39.7701250940954,55.34578285651041,41.41347425657509
2024-07-05 08:34:34,1158.29,1035.25,60.2,66.56,1096.77,2193.54,123.03999999999996,0.11218395824814317,126.76,6.359999999999999,-9.220000000000027,20.090000000000032,5.434999999999945,29.31000000000006,5.392823294788787,-11.069999999999936,205.62000000000012,97.27500000000009,0.0,1.1200000000000045,1.1200000000000045,8.652335053231816,47.83006350612516,59.97833675586544,42.46069035001679
2024-07-05 08:34:35,1136.24,914.1,59.97,67.69,1025.17,2050.34,222.14,0.21668601284012792,127.66,7.719999999999999,-22.049999999999955,-121.14999999999998,-71.59999999999991,99.10000000000002,1.3840781929598038,-12.829999999999927,-141.24,-77.03499999999985,-0.23000000000000398,1.1299999999999955,1.3599999999999994,8.030471502189634,66.85609409395603,81.59683897063663,46.861709635906415
2024-07-05 08:34:36,1038.16,541.75,58.82,68.98,789.955,1579.91,496.4100000000001,0.6284028829130738,127.80000000000001,10.160000000000004,-98.07999999999993,-372.35,-235.21500000000003,274.2700000000001,1.1660395758517121,-76.02999999999997,-251.20000000000005,-163.61500000000012,-1.1499999999999986,1.2900000000000063,2.440000000000005,6.18118148528027,149.21684042861833,175.77661997546775,98.03560517740485
2024-07-05 08:34:37,1020.2,712.96,57.79,70.27,866.58,1733.16,307.24,0.35454314621322536,128.06,12.479999999999997,-17.960000000000036,171.21000000000004,76.625,189.17000000000007,2.468776476753326,80.11999999999989,543.5600000000001,311.84000000000003,-1.0300000000000011,1.289999999999992,2.319999999999993,6.766984173301701,138.62715753956584,149.9174530533387,116.98471360609472
2024-07-05 08:34:38,963.18,581.43,56.7,71.49,772.305,1544.61,381.75,0.4942995312806475,128.19,14.789999999999992,-57.020000000000095,-131.5300000000001,-94.27500000000009,74.50999999999999,0.7903473795773274,-39.06000000000006,-302.7400000000001,-170.9000000000001,-1.0899999999999963,1.2199999999999989,2.309999999999995,6.024689866411656,144.39793243845105,143.61612211029797,117.13809534049972
2024-07-05 08:34:39,847.68,439.38,55.55,72.76,643.53,1287.06,408.29999999999995,0.6344692545266433,128.31,17.210000000000008,-115.5,-142.04999999999995,-128.77499999999998,26.549999999999955,0.20617355693128636,-58.479999999999905,-10.519999999999868,-34.499999999999886,-1.1500000000000057,1.2700000000000102,2.420000000000016,5.015431338045114,140.16275444104002,103.8658469854264,112.59387592138394
2024-07-05 08:34:40,746.83,302.26,54.37,74.05,524.5450000000001,1049.0900000000001,444.57000000000005,0.8475345283101839,128.42,19.68,-100.84999999999991,-137.12,-118.9849999999999,36.270000000000095,0.3048283371447812,14.650000000000091,4.92999999999995,9.790000000000077,-1.1799999999999997,1.289999999999992,2.4699999999999918,4.08460516987537,135.24387780043517,70.7015284841849,112.58398553968499
2024-07-05 08:34:41,630.1,48.51,53.17,75.34,339.305,678.61,581.59,1.7140625640233345,128.51,22.17,-116.73000000000002,-253.75,-185.24000000000007,137.01999999999998,0.7396890480474567,-15.88000000000011,-116.63,-66.25500000000017,-1.1999999999999957,1.2900000000000063,2.490000000000002,2.640300345184808,207.37973643174215,101.14321850722375,98.99036594537876
2024-07-05 08:34:42,521.37,84.65,51.97,75.34,303.01,606.02,436.72,1.4412725605053545,127.31,23.370000000000005,-108.73000000000002,36.14000000000001,-36.295000000000016,144.87000000000003,3.9914587686607303,8.0,289.89,148.94500000000005,-1.2000000000000028,0.0,1.2000000000000028,2.380095810383349,199.13160313596285,77.32562143300247,54.16909201749648
2024-07-05 08:34:43,417.11,89.01,50.77,75.34,253.06,506.12,328.1,1.296530461959494,126.11000000000001,24.57,-104.25999999999999,4.359999999999999,-49.94999999999999,108.61999999999999,2.1745745310395495,4.470000000000027,-31.78000000000001,-13.654999999999973,-1.1999999999999957,0.0,1.1999999999999957,2.006660835725471,164.84496060692425,91.65937993462539,61.12189454279049
2024-07-05 08:34:44,314.16,83.2,49.54,75.45,198.68,397.36,230.96000000000004,1.1624723114431634,124.99000000000001,25.910000000000004,-102.94999999999999,-5.810000000000002,-54.379999999999995,97.13999999999999,1.7863184665995133,1.3100000000000023,-10.170000000000002,-4.430000000000007,-1.230000000000004,0.10999999999999943,1.3400000000000034,1.5895671526556752,124.12726750194024,132.24752387095953,62.574949560507065
2024-07-05 08:34:45,215.61,71.59,48.34,75.45,143.60000000000002,287.20000000000005,144.02,1.002924784102195,123.79,27.11,-98.55000000000001,-11.61,-55.079999999999984,86.94000000000001,1.5784313438919517,4.399999999999977,-5.799999999999997,-0.6999999999999886,-1.1999999999999957,0.0,1.1999999999999957,1.160029072138064,78.61143256548668,171.8054656290073,61.427516879652615
2024-07-05 08:34:46,118.45,41.33,47.12,75.45,79.89,159.78,77.12,0.9653273129887682,122.57,28.330000000000005,-97.16000000000001,-30.260000000000005,-63.71000000000002,66.9,1.0500706160717215,1.3900000000000006,-18.650000000000006,-8.630000000000038,-1.220000000000006,0.0,1.220000000000006,0.6517908080950412,87.95004076177538,143.3761552002285,10.038127066340904
2024-07-05 08:34:47,107.05,15.63,47.12,75.45,61.339999999999996,122.67999999999999,91.42,1.4903814559768267,122.57,28.330000000000005,-11.400000000000006,-25.699999999999996,-18.550000000000004,14.29999999999999,0.7708894463132366,85.76,4.560000000000009,45.16000000000002,0.0,0.0,0.0,0.5004487190956293,80.2683012153481,104.99371162122051,17.379457126159213
2024-07-05 08:34:48,101.36,5.68,47.12,75.45,53.519999999999996,107.03999999999999,95.68,1.787742866447256,122.57,28.330000000000005,-5.689999999999998,-9.950000000000001,-7.82,4.260000000000003,0.5447569635860664,5.710000000000008,15.749999999999995,10.730000000000004,0.0,0.0,0.0,0.43664844222364,62.096409558023346,62.906134835960295,24.959805087380133
2024-07-05 08:34:49,92.85,-2.81,47.12,75.45,45.019999999999996,90.03999999999999,95.66,2.1248333601769582,122.57,28.330000000000005,-8.510000000000005,-8.49,-8.5,0.020000000000004903,0.0023529408996545887,-2.8200000000000074,1.4600000000000009,-0.6799999999999997,0.0,0.0,0.0,0.3673003151888691,39.5684442453543,25.344265623608404,26.683310701635364
2024-07-05 08:34:50,84.36,-7.05,47.12,75.45,38.655,77.31,91.41,2.364765169712452,122.57,28.330000000000005,-8.489999999999995,-4.24,-6.364999999999995,4.249999999999995,0.6677139563685847,0.020000000000010232,4.25,2.135000000000005,0.0,0.0,0.0,0.31537080594459654,16.018047633768276,7.6463076056368,24.363351678289455
