time,force_left,force_right,dis_left,dis_right,force_avg,force_sum,force_diff,force_diff_ratio,total_delta_dis,dis_diff,left_force_rate,right_force_rate,force_rate,force_rate_diff,force_rate_ratio,left_force_acc,right_force_acc,force_acc,left_dis_rate,right_dis_rate,dis_rate_diff,stiffness_ratio,force_std_5s,force_diff_std_5s,force_rate_std_5s
2024-07-03 07:53:45,380.16,331.4,0.75,22.89,355.78,711.56,48.76000000000005,0.1370509861795184,23.64,22.14,0.0,0.0,0.0,0.0,0.0,0.0,0.0,0.0,0.0,0.0,0.0,15.049914761001912,0.0,0.0,0.0
2024-07-03 07:53:46,405.24,324.81,1.65,22.86,365.025,730.05,80.43,0.22034107192564603,24.509999999999998,21.21,25.079999999999984,-6.589999999999975,9.245000000000005,31.66999999999996,3.425635108097873,25.079999999999984,-6.589999999999975,9.245000000000005,0.8999999999999999,-0.030000000000001137,0.930000000000001,14.892900249167676,0.0,0.0,0.0
2024-07-03 07:53:47,399.96,335.36,2.32,22.98,367.65999999999997,735.3199999999999,64.59999999999997,0.17570581467740345,25.3,20.66,-5.28000000000003,10.550000000000011,2.634999999999991,15.830000000000041,6.0075878529078715,-30.360000000000014,17.139999999999986,-6.610000000000014,0.6699999999999999,0.120000000000001,0.5499999999999989,14.532015235888723,0.0,0.0,0.0
2024-07-03 07:53:48,394.68,326.13,2.32,22.98,360.405,720.81,68.55000000000001,0.19020268811419744,25.3,20.66,-5.279999999999973,-9.230000000000018,-7.2549999999999955,3.9500000000000455,0.5444520269535522,5.684341886080802e-14,-19.78000000000003,-9.889999999999986,0.0,0.0,0.0,14.245256353942434,0.0,0.0,0.0
2024-07-03 07:53:49,435.58,335.36,2.54,23.06,385.47,770.94,100.21999999999997,0.25999429200717483,25.599999999999998,20.52,40.89999999999998,9.230000000000018,25.065000000000055,31.66999999999996,1.2635148109509307,46.17999999999995,18.460000000000036,32.32000000000005,0.2200000000000002,0.0799999999999983,0.1400000000000019,15.057421286819483,11.344298457815732,19.18907684074456,12.216825283190413
2024-07-03 07:53:50,403.92,327.45,2.6,23.03,365.685,731.37,76.47000000000003,0.20911440116735885,25.630000000000003,20.43,-31.659999999999968,-7.910000000000025,-19.785000000000025,23.749999999999943,1.2004042860548712,-72.55999999999995,-17.140000000000043,-44.85000000000008,0.06000000000000005,-0.029999999999997584,0.08999999999999764,14.267849618889986,9.66444993261387,13.881841736599643,16.919861997073173
2024-07-03 07:53:51,399.96,340.63,2.6,23.15,370.29499999999996,740.5899999999999,59.329999999999984,0.1602236050710282,25.75,20.549999999999997,-3.9600000000000364,13.180000000000007,4.609999999999957,17.140000000000043,3.7180035318864797,27.699999999999932,21.090000000000032,24.394999999999982,0.0,0.11999999999999744,0.11999999999999744,14.380387791052899,9.427615419606392,16.0212586896286,16.545212449527533
2024-07-03 07:53:52,403.92,328.77,2.77,23.15,366.345,732.69,75.15000000000003,0.20513450380069476,25.919999999999998,20.38,3.9600000000000364,-11.860000000000014,-3.949999999999932,15.82000000000005,4.005062277199505,7.920000000000073,-25.04000000000002,-8.559999999999889,0.16999999999999993,0.0,0.16999999999999993,14.133680010274693,9.52368363607276,15.173393819445922,16.649656377835573
2024-07-03 07:53:53,401.28,340.63,2.77,23.2,370.955,741.91,60.64999999999998,0.1634969196708578,25.97,20.43,-2.640000000000043,11.860000000000014,4.609999999999957,14.500000000000057,3.145335543311204,-6.60000000000008,23.720000000000027,8.559999999999889,0.0,0.05000000000000071,0.05000000000000071,14.283980967116635,8.015386765465529,16.490002425712373,16.244588714399654
2024-07-03 07:53:54,406.56,328.77,2.94,23.2,367.66499999999996,735.3299999999999,77.79000000000002,0.21157847439495617,26.14,20.259999999999998,5.28000000000003,-11.860000000000014,-3.2900000000000205,17.140000000000043,5.209724860265981,7.920000000000073,-23.720000000000027,-7.899999999999977,0.16999999999999993,0.0,0.16999999999999993,14.065225169654735,2.3468553427937806,9.086590119511307,9.96209591401327
2024-07-03 07:53:55,406.56,341.95,2.94,23.26,374.255,748.51,64.61000000000001,0.17263630366291355,26.200000000000003,20.32,0.0,13.180000000000007,6.590000000000032,13.180000000000007,1.9999996965099007,-5.28000000000003,25.04000000000002,9.880000000000052,0.0,0.060000000000002274,0.060000000000002274,14.284541439521316,3.0768604128234167,8.462120301673835,4.941404658596567
2024-07-03 07:53:56,409.2,334.04,3.08,23.26,371.62,743.24,75.15999999999997,0.20224960927224142,26.340000000000003,20.18,2.6399999999999864,-7.909999999999968,-2.634999999999991,10.549999999999955,4.003793546947417,2.6399999999999864,-21.089999999999975,-9.225000000000023,0.14000000000000012,0.0,0.14000000000000012,14.108579570668958,3.174570049628757,7.550643681170512,4.942137695370287
2024-07-03 07:53:57,405.24,320.86,3.08,23.31,363.05,726.1,84.38,0.2324197762500488,26.39,20.229999999999997,-3.9599999999999795,-13.180000000000007,-8.569999999999993,9.220000000000027,1.0758458487927873,-6.599999999999966,-5.270000000000039,-5.935000000000002,0.0,0.04999999999999716,0.04999999999999716,13.757104442701612,4.306703205469338,9.732254106834658,6.199214063088969
2024-07-03 07:53:58,410.52,335.36,3.19,23.31,372.94,745.88,75.15999999999997,0.20153375824118144,26.5,20.119999999999997,5.279999999999973,14.5,9.889999999999986,9.220000000000027,0.9322547085687899,9.239999999999952,27.680000000000007,18.45999999999998,0.10999999999999988,0.0,0.10999999999999988,14.073207016105394,4.557509462414745,7.1219695309654245,7.610262479047623
2024-07-03 07:53:59,409.2,341.95,3.19,23.31,375.575,751.15,67.25,0.17905877606587559,26.5,20.119999999999997,-1.3199999999999932,6.589999999999975,2.634999999999991,7.909999999999968,3.001896393967211,-6.599999999999966,-7.910000000000025,-7.2549999999999955,0.0,0.0,0.0,14.172640974617321,4.941796990974039,7.775015755611036,7.349454571599175
2024-07-03 07:54:00,413.15,338.0,3.27,23.4,375.575,751.15,75.14999999999998,0.20009318990855832,26.669999999999998,20.13,3.9499999999999886,-3.9499999999999886,0.0,7.899999999999977,7899999.999999978,5.269999999999982,-10.539999999999964,-2.634999999999991,0.08000000000000007,0.08999999999999986,0.009999999999999787,14.082301684203161,5.157136560146538,6.067095680801476,6.796965683303097
2024-07-03 07:54:01,411.83,327.45,3.27,23.37,369.64,739.28,84.38,0.22827615997111741,26.64,20.1,-1.3199999999999932,-10.550000000000011,-5.935000000000002,9.230000000000018,1.5551808668608504,-5.269999999999982,-6.600000000000023,-5.935000000000002,0.0,-0.029999999999997584,0.029999999999997584,13.87537485452797,5.2450755475970094,7.253463310722676,7.291096796778929
2024-07-03 07:54:02,413.15,339.32,3.39,23.45,376.235,752.47,73.82999999999998,0.1962337363715929,26.84,20.06,1.3199999999999932,11.870000000000005,6.595000000000027,10.550000000000011,1.5996964973924899,2.6399999999999864,22.420000000000016,12.53000000000003,0.1200000000000001,0.0799999999999983,0.04000000000000181,14.01769694419907,2.742691652373658,6.110346144041261,6.097227443682913
2024-07-03 07:54:03,410.52,328.77,3.39,23.43,369.645,739.29,81.75,0.2211581376153928,26.82,20.04,-2.6299999999999955,-10.550000000000011,-6.590000000000032,7.920000000000016,1.2018207584490468,-3.9499999999999886,-22.420000000000016,-13.18500000000006,0.0,-0.019999999999999574,0.019999999999999574,13.782437964860627,3.3806182866452406,6.785404925278957,5.632898232704036
2024-07-03 07:54:04,414.47,340.63,3.5,23.51,377.55,755.1,73.84000000000003,0.19557674428399757,27.01,20.01,3.9500000000000455,11.860000000000014,7.90500000000003,7.909999999999968,1.0006323844867242,6.580000000000041,22.410000000000025,14.495000000000061,0.10999999999999988,0.08000000000000185,0.029999999999998028,13.978155720912412,3.797590354422164,4.933644697381428,6.779661680349571
2024-07-03 07:54:05,415.79,332.72,3.5,23.48,374.255,748.51,83.07,0.22196096185231737,26.98,19.98,1.3199999999999932,-7.909999999999968,-3.295000000000016,9.229999999999961,2.8012131104057074,-2.6300000000000523,-19.769999999999982,-11.200000000000045,0.0,-0.030000000000001137,0.030000000000001137,13.871571020327242,3.681278650143216,5.141179825682026,6.984696127964366
2024-07-03 07:54:06,417.11,343.27,3.55,23.57,380.19,760.38,73.84000000000003,0.19421867962277112,27.12,20.02,1.3199999999999932,10.549999999999955,5.935000000000002,9.229999999999961,1.555180866860841,0.0,18.459999999999923,9.230000000000018,0.04999999999999982,0.08999999999999986,0.040000000000000036,14.018804792816931,3.9541671057253387,4.71894373774469,6.580879500492346
2024-07-03 07:54:07,417.11,332.72,3.55,23.57,374.915,749.83,84.38999999999999,0.22509102003096426,27.12,20.02,0.0,-10.549999999999955,-5.274999999999977,10.549999999999955,1.9999996208531523,-1.3199999999999932,-21.09999999999991,-11.20999999999998,0.0,0.0,0.0,13.824298900283964,3.943135490951367,5.140921123689771,6.698423695168906
2024-07-03 07:54:08,417.11,345.91,3.64,23.62,381.51,763.02,71.19999999999999,0.1866268244957489,27.26,19.98,0.0,13.189999999999998,6.59499999999997,13.189999999999998,1.999999696740009,0.0,23.739999999999952,11.869999999999948,0.0900000000000003,0.05000000000000071,0.03999999999999959,13.995230594452288,3.1765417516538896,6.014754359074012,6.1590234615562265
2024-07-03 07:54:09,411.83,334.04,3.64,23.62,372.935,745.87,77.78999999999996,0.2085886274857853,27.26,19.98,-5.28000000000003,-11.870000000000005,-8.574999999999989,6.589999999999975,0.7685130299110151,-5.28000000000003,-25.060000000000002,-15.169999999999959,0.0,0.0,0.0,13.68066714304229,3.8287422869658245,5.7032858949906995,6.831395904205808
2024-07-03 07:54:10,427.67,345.91,3.72,23.68,386.79,773.58,81.75999999999999,0.2113808521125653,27.4,19.96,15.840000000000032,11.870000000000005,13.855000000000018,3.9700000000000273,0.286539134858238,21.12000000000006,23.74000000000001,22.430000000000007,0.08000000000000007,0.05999999999999872,0.02000000000000135,14.11642284246632,5.511638368035464,5.439469643264853,9.227815017651793
2024-07-03 07:54:11,417.11,338.0,3.72,23.65,377.555,755.11,79.11000000000001,0.20953238545501351,27.369999999999997,19.93,-10.560000000000002,-7.910000000000025,-9.235000000000014,2.6499999999999773,0.28695178267982574,-26.400000000000034,-19.78000000000003,-23.090000000000032,0.0,-0.030000000000001137,0.030000000000001137,13.794482506595452,5.527392468424926,4.971755223258677,10.255582382293072
2024-07-03 07:54:12,446.13,344.59,3.72,23.71,395.36,790.72,101.54000000000002,0.2568292182900921,27.43,19.990000000000002,29.019999999999982,6.589999999999975,17.805000000000007,22.430000000000007,1.2597584240517592,39.579999999999984,14.5,27.04000000000002,0.0,0.060000000000002274,0.060000000000002274,14.413415442456602,8.662585497413625,11.447635126959636,12.526864332305998
2024-07-03 07:54:13,418.43,338.0,3.78,23.68,378.21500000000003,756.4300000000001,80.43,0.21265682161559743,27.46,19.9,-27.69999999999999,-6.589999999999975,-17.144999999999982,21.110000000000014,1.2312626870071361,-56.71999999999997,-13.17999999999995,-34.94999999999999,0.05999999999999961,-0.030000000000001137,0.09000000000000075,13.773306126245226,8.909909791911518,9.846457738699742,15.488499927365469
2024-07-03 07:54:14,440.86,347.23,3.78,23.73,394.045,788.09,93.63,0.2376124548272089,27.51,19.95,22.430000000000007,9.230000000000018,15.829999999999984,13.199999999999989,0.83385970727355,50.129999999999995,15.819999999999993,32.974999999999966,0.0,0.05000000000000071,0.05000000000000071,14.323699951882952,8.427747771498666,9.846457738699733,16.199365573997024
2024-07-03 07:54:15,419.75,340.63,3.84,23.71,380.19,760.38,79.12,0.20810647253187495,27.55,19.87,-21.110000000000014,-6.600000000000023,-13.855000000000018,14.509999999999991,1.0472752762702777,-43.54000000000002,-15.830000000000041,-29.685000000000002,0.06000000000000005,-0.019999999999999574,0.07999999999999963,13.799999499092577,8.856005448282021,10.278693010300474,16.80842199613039
2024-07-03 07:54:16,438.22,347.23,3.84,23.76,392.725,785.45,90.99000000000001,0.23168884020195088,27.6,19.92,18.470000000000027,6.600000000000023,12.535000000000025,11.870000000000005,0.9469484685322308,39.58000000000004,13.200000000000045,26.390000000000043,0.0,0.05000000000000071,0.05000000000000071,14.229166151117168,8.211612661347385,9.402221545996449,17.063260385987203
2024-07-03 07:54:17,418.43,340.63,3.89,23.76,379.53,759.06,77.80000000000001,0.2049903823018197,27.650000000000002,19.87,-19.79000000000002,-6.600000000000023,-13.19500000000005,13.189999999999998,0.9996209928290228,-38.26000000000005,-13.200000000000045,-25.730000000000075,0.050000000000000266,0.0,0.050000000000000266,13.726220118400716,7.755054319603503,7.345408770109375,15.950058150364228
2024-07-03 07:54:18,438.22,345.91,3.89,23.76,392.06500000000005,784.1300000000001,92.31,0.23544565254372193,27.650000000000002,19.87,19.79000000000002,5.28000000000003,12.535000000000082,14.509999999999991,1.15755874291513,39.58000000000004,11.880000000000052,25.730000000000132,0.0,0.0,0.0,14.179565490793292,7.2060958569811495,7.657398383263059,14.93775334513196
2024-07-03 07:54:19,419.75,343.27,3.95,23.73,381.51,763.02,76.48000000000002,0.20046656653700679,27.68,19.78,-18.470000000000027,-2.640000000000043,-10.555000000000064,15.829999999999984,1.499763003338407,-38.26000000000005,-7.920000000000073,-23.090000000000146,0.06000000000000005,-0.030000000000001137,0.09000000000000119,13.782875224607109,6.607171671751931,7.657398383263059,13.786807824873803
2024-07-03 07:54:20,419.75,335.36,3.95,23.73,377.555,755.11,84.38999999999999,0.2235171028763568,27.68,19.78,0.0,-7.909999999999968,-3.954999999999984,7.909999999999968,1.9999994943111266,18.470000000000027,-5.269999999999925,6.60000000000008,0.0,0.0,0.0,13.639992281792185,7.186745264721805,7.2849591625485255,12.389732442631736
2024-07-03 07:54:21,422.39,341.95,4.03,23.76,382.16999999999996,764.3399999999999,80.44,0.21048224557008074,27.790000000000003,19.73,2.6399999999999864,6.589999999999975,4.614999999999952,3.9499999999999886,0.8559044732601422,2.6399999999999864,14.499999999999943,8.569999999999936,0.08000000000000007,0.030000000000001137,0.049999999999998934,13.75206859474384,5.608706847393751,6.366885423815925,10.692297695070083
2024-07-03 07:54:22,419.75,338.0,4.03,23.76,378.875,757.75,81.75,0.21577037224474993,27.790000000000003,19.73,-2.6399999999999864,-3.9499999999999886,-3.294999999999959,1.3100000000000023,0.39757195824827324,-5.279999999999973,-10.539999999999964,-7.909999999999911,0.0,0.0,0.0,13.633500768855674,5.704181580209518,5.89930758648841,8.891649453279221
2024-07-03 07:54:23,421.07,345.91,4.03,23.82,383.49,766.98,75.15999999999997,0.19598946466403427,27.85,19.79,1.3199999999999932,7.910000000000025,4.615000000000009,6.590000000000032,1.4279520199453952,3.9599999999999795,11.860000000000014,7.909999999999968,0.0,0.05999999999999872,0.05999999999999872,13.769837925679068,2.4403252856948154,3.798372019694723,6.438116960726961
2024-07-03 07:54:24,421.07,339.32,4.03,23.79,380.195,760.39,81.75,0.2150212385354325,27.82,19.759999999999998,0.0,-6.590000000000032,-3.295000000000016,6.590000000000032,1.999999393019911,-1.3199999999999932,-14.500000000000057,-7.910000000000025,0.0,-0.030000000000001137,0.030000000000001137,13.666246812859567,2.4044973487199996,3.4124873626139367,4.461128780925281
2024-07-03 07:54:25,417.11,345.91,4.03,23.82,381.51,763.02,71.19999999999999,0.1866268244957489,27.85,19.79,-3.9599999999999795,6.590000000000032,1.3149999999999977,10.550000000000011,8.022807587218589,-3.9599999999999795,13.180000000000064,4.610000000000014,0.0,0.030000000000001137,0.030000000000001137,13.698742775628624,1.7808165262040383,4.700164890724563,3.9658328255235267
2024-07-03 07:54:26,421.07,345.91,4.12,23.79,383.49,766.98,75.15999999999997,0.19598946466403427,27.91,19.669999999999998,3.9599999999999795,0.0,1.9800000000000182,3.9599999999999795,1.9999989898994714,7.919999999999959,-6.590000000000032,0.6650000000000205,0.08999999999999986,-0.030000000000001137,0.120000000000001,13.740235982076818,2.0318236882174148,4.624286972063893,3.4753927835569947
2024-07-03 07:54:27,422.39,335.36,4.12,23.79,378.875,757.75,87.02999999999997,0.22970636692918142,27.91,19.669999999999998,1.3199999999999932,-10.550000000000011,-4.615000000000009,11.870000000000005,2.5720471133158975,-2.6399999999999864,-10.550000000000011,-6.595000000000027,0.0,0.0,0.0,13.574883067901,2.0318236882174148,6.284039306051462,3.8439270284437153
2024-07-03 07:54:28,422.39,347.23,4.12,23.88,384.81,769.62,75.15999999999997,0.19531716900465892,28.0,19.759999999999998,0.0,11.870000000000005,5.935000000000002,11.870000000000005,1.9999996630160635,-1.3199999999999932,22.420000000000016,10.550000000000011,0.0,0.08999999999999986,0.08999999999999986,13.743213794885222,2.4046345876247863,6.284039306051462,4.262646478421606
2024-07-03 07:54:29,418.43,341.95,4.12,23.88,380.19,760.38,76.48000000000002,0.20116257607732302,28.0,19.759999999999998,-3.9599999999999795,-5.28000000000003,-4.6200000000000045,1.32000000000005,0.28571422387139067,-3.9599999999999795,-17.150000000000034,-10.555000000000007,0.0,0.0,0.0,13.578213800778078,2.4054573369738663,5.943111979426242,4.5693672975588315
2024-07-03 07:54:30,422.39,335.36,4.12,23.85,378.875,757.75,87.02999999999997,0.22970636692918142,27.970000000000002,19.73,3.9599999999999795,-6.589999999999975,-1.3149999999999977,10.549999999999955,8.022807587218544,7.919999999999959,-1.3099999999999454,3.305000000000007,0.0,-0.029999999999997584,0.029999999999997584,13.545762833544408,2.7429924352796395,6.283619180058539,4.531220310247572
2024-07-03 07:54:31,421.07,347.23,4.12,23.85,384.15,768.3,73.83999999999997,0.19221658156392918,27.970000000000002,19.73,-1.3199999999999932,11.870000000000005,5.274999999999977,13.189999999999998,2.5004734596258946,-5.279999999999973,18.45999999999998,6.589999999999975,0.0,0.0,0.0,13.734357749933578,2.889807519541977,6.5681253033114055,5.180120172351218
2024-07-03 07:54:32,421.07,338.0,4.12,23.85,379.53499999999997,759.0699999999999,83.07,0.21887309413131043,27.970000000000002,19.73,0.0,-9.230000000000018,-4.615000000000009,9.230000000000018,1.9999995666306465,1.3199999999999932,-21.100000000000023,-9.889999999999986,0.0,0.0,0.0,13.569359543462294,2.7588870038480064,5.6723037647854895,5.180120172351218
2024-07-03 07:54:33,422.39,352.5,4.12,23.88,387.445,774.89,69.88999999999999,0.18038689315803041,28.0,19.759999999999998,1.3199999999999932,14.5,7.910000000000025,13.180000000000007,1.66624504851516,1.3199999999999932,23.730000000000018,12.525000000000034,0.0,0.029999999999997584,0.029999999999997584,13.837320934381394,3.653110660793273,6.939284545253903,5.77444651027266
2024-07-03 07:54:34,422.39,344.59,4.12,23.88,383.49,766.98,77.80000000000001,0.20287360764850818,28.0,19.759999999999998,0.0,-7.910000000000025,-3.954999999999984,7.910000000000025,1.999999494311141,-1.3199999999999932,-22.410000000000025,-11.865000000000009,0.0,0.0,0.0,13.696070939426038,3.5316239182565257,6.888978879340513,5.632166545832967
2024-07-03 07:54:35,415.79,335.36,4.12,23.85,375.57500000000005,751.1500000000001,80.43,0.21415163359075648,27.970000000000002,19.73,-6.599999999999966,-9.229999999999961,-7.914999999999964,2.6299999999999955,0.3322804381199709,-6.599999999999966,-1.3199999999999363,-3.9599999999999795,0.0,-0.029999999999997584,0.029999999999997584,13.427779283954978,4.578205707479888,5.238972227450709,6.852065382058167
2024-07-03 07:54:36,418.43,347.23,4.12,23.88,382.83000000000004,765.6600000000001,71.19999999999999,0.18598333415358423,28.0,19.759999999999998,2.6399999999999864,11.870000000000005,7.2549999999999955,9.230000000000018,1.2722258756408198,9.239999999999952,21.099999999999966,15.169999999999959,0.0,0.029999999999997584,0.029999999999997584,13.672499511696447,4.462643555114105,5.74629184779192,7.321921195970356
2024-07-03 07:54:37,421.07,340.63,4.12,23.88,380.85,761.7,80.44,0.2112117626067697,28.0,19.759999999999998,2.6399999999999864,-6.600000000000023,-1.9800000000000182,9.240000000000009,4.666664309765462,0.0,-18.470000000000027,-9.235000000000014,0.0,0.0,0.0,13.601785228507671,4.334539479575814,5.072944904096625,7.019026463833852
2024-07-03 07:54:38,421.07,361.72,4.12,23.88,391.395,782.79,59.349999999999966,0.15163709257492528,28.0,19.759999999999998,0.0,21.090000000000032,10.544999999999959,21.090000000000032,1.9999998103366814,-2.6399999999999864,27.690000000000055,12.524999999999977,0.0,0.0,0.0,13.978392357914558,5.708551261046994,8.93867048279554,7.7929647760014715
2024-07-03 07:54:39,422.39,345.91,4.2,23.88,384.15,768.3,76.47999999999996,0.19908889704779661,28.08,19.68,1.3199999999999932,-15.810000000000002,-7.2450000000000045,17.129999999999995,2.3643889076067737,1.3199999999999932,-36.900000000000034,-17.789999999999964,0.08000000000000007,0.0,0.08000000000000007,13.6805550683563,5.735253917657107,8.81120593335556,8.408367558569244
2024-07-03 07:54:40,422.39,339.32,4.2,23.85,380.855,761.71,83.07,0.21811450494777668,28.05,19.650000000000002,0.0,-6.590000000000032,-3.294999999999959,6.590000000000032,1.9999993930199456,-1.3199999999999932,9.21999999999997,3.9500000000000455,0.0,-0.029999999999997584,0.029999999999997584,13.577717876017187,4.355733864689307,9.384736011204586,7.508725257991518
2024-07-03 07:54:41,419.75,353.82,4.2,23.9,386.78499999999997,773.5699999999999,65.93,0.17045645469587384,28.099999999999998,19.7,-2.6399999999999864,14.5,5.92999999999995,17.139999999999986,2.890387370929639,-2.6399999999999864,21.090000000000032,9.224999999999909,0.0,0.04999999999999716,0.04999999999999716,13.76459025748789,4.444716807626918,10.064314681089822,7.254325778457959
2024-07-03 07:54:42,423.71,345.91,4.2,23.9,384.81,769.62,77.79999999999995,0.20217769755937282,28.099999999999998,19.7,3.9599999999999795,-7.909999999999968,-1.974999999999966,11.869999999999948,6.010123539178032,6.599999999999966,-22.409999999999968,-7.904999999999916,0.0,0.0,0.0,13.69430556248023,3.880330849296392,9.640271261743624,7.253848633656454
2024-07-03 07:54:43,421.07,336.68,4.2,23.88,378.875,757.75,84.38999999999999,0.22273836958696566,28.08,19.68,-2.6399999999999864,-9.230000000000018,-5.935000000000002,6.590000000000032,1.1103620707056374,-6.599999999999966,-1.32000000000005,-3.9600000000000364,0.0,-0.019999999999999574,0.019999999999999574,13.492698949690208,3.1818371265671663,7.305588956408625,5.154772545903442
2024-07-03 07:54:44,422.39,351.18,4.2,23.93,386.78499999999997,773.5699999999999,71.20999999999998,0.18410744939925938,28.13,19.73,1.3199999999999932,14.5,7.909999999999968,13.180000000000007,1.666245048515172,3.9599999999999795,23.730000000000018,13.84499999999997,0.0,0.05000000000000071,0.05000000000000071,13.749910638111956,3.592032154644668,7.855157541386406,6.048268967233491
2024-07-03 07:54:45,419.75,344.59,4.2,23.93,382.16999999999996,764.3399999999999,75.16000000000003,0.19666640448840472,28.13,19.73,-2.6399999999999864,-6.590000000000032,-4.615000000000009,3.9500000000000455,0.855904473260144,-3.9599999999999795,-21.090000000000032,-12.524999999999977,0.0,0.0,0.0,13.585850921228191,3.380715530771749,6.939284545253911,6.281127088349652
2024-07-03 07:54:46,423.71,336.68,4.2,23.9,380.195,760.39,87.02999999999997,0.22890884880414294,28.099999999999998,19.7,3.9599999999999795,-7.909999999999968,-1.974999999999966,11.869999999999948,6.010123539178032,6.599999999999966,-1.3199999999999363,2.640000000000043,0.0,-0.030000000000001137,0.030000000000001137,13.530070692880047,3.249516502497126,6.525585797459074,5.436133276511891
2024-07-03 07:54:47,422.39,351.18,4.2,23.93,386.78499999999997,773.5699999999999,71.20999999999998,0.18410744939925938,28.13,19.73,-1.3199999999999932,14.5,6.589999999999975,15.819999999999993,2.4006066159929342,-5.279999999999973,22.409999999999968,8.56499999999994,0.0,0.030000000000001137,0.030000000000001137,13.749910638111956,3.6816361851765262,7.457325257758286,6.435043706145269
2024-07-03 07:54:48,422.39,341.95,4.2,23.93,382.16999999999996,764.3399999999999,80.44,0.21048224557008074,28.13,19.73,0.0,-9.230000000000018,-4.615000000000009,9.230000000000018,1.9999995666306465,1.3199999999999932,-23.730000000000018,-11.204999999999984,0.0,0.0,0.0,13.585850921228191,2.9987526573562713,6.7614310615430915,6.130290980043268
2024-07-03 07:54:49,419.75,335.36,4.2,23.9,377.555,755.11,84.38999999999999,0.2235171028763568,28.099999999999998,19.7,-2.6399999999999864,-6.589999999999975,-4.614999999999952,3.9499999999999886,0.8559044732601422,-2.6399999999999864,2.640000000000043,5.684341886080802e-14,0.0,-0.030000000000001137,0.030000000000001137,13.436120518287527,3.3807155307717074,6.499033004993856,4.85244319904931
2024-07-03 07:54:50,419.75,351.18,4.2,23.93,385.46500000000003,770.9300000000001,68.57,0.17788904264229163,28.13,19.73,0.0,15.819999999999993,7.910000000000025,15.819999999999993,1.9999997471555242,2.6399999999999864,22.409999999999968,12.524999999999977,0.0,0.030000000000001137,0.030000000000001137,13.702985648667415,3.7751033098447992,8.105826299643955,6.130290980043273
2024-07-03 07:54:51,418.43,343.27,4.2,23.9,380.85,761.7,75.16000000000003,0.19734803676684254,28.099999999999998,19.7,-1.3199999999999932,-7.910000000000025,-4.615000000000009,6.590000000000032,1.4279520199453952,-1.3199999999999932,-23.730000000000018,-12.525000000000034,0.0,-0.030000000000001137,0.030000000000001137,13.55338030059145,3.6883515965809375,6.499033004993885,6.515463721025541
2024-07-03 07:54:52,422.39,335.36,4.2,23.9,378.875,757.75,87.02999999999997,0.22970636692918142,28.099999999999998,19.7,3.9599999999999795,-7.909999999999968,-1.9750000000000227,11.869999999999948,6.01012353917786,5.279999999999973,5.684341886080802e-14,2.6399999999999864,0.0,0.0,0.0,13.483095605583786,3.070416502691648,7.400464174631171,5.427931926618105
2024-07-03 07:54:53,421.07,351.18,4.2,23.96,386.125,772.25,69.88999999999999,0.1810035605542154,28.16,19.76,-1.3199999999999932,15.819999999999993,7.25,17.139999999999986,2.3641376049465355,-5.279999999999973,23.72999999999996,9.225000000000023,0.0,0.060000000000002274,0.060000000000002274,13.711824797165312,3.860460464763396,8.369816007535624,6.294824659988558
2024-07-03 07:54:54,418.43,343.27,4.2,23.96,380.85,761.7,75.16000000000003,0.19734803676684254,28.16,19.76,-2.6399999999999864,-7.910000000000025,-5.274999999999977,5.270000000000039,0.9990519433077001,-1.3199999999999932,-23.730000000000018,-12.524999999999977,0.0,0.0,0.0,13.52450236063557,3.1817852693104856,7.281790301841964,6.441732492117328
2024-07-03 07:54:55,421.07,338.0,4.2,23.93,379.53499999999997,759.0699999999999,83.07,0.21887309413131043,28.13,19.73,2.6399999999999864,-5.269999999999982,-1.3150000000000546,7.909999999999968,6.015204551174973,5.279999999999973,2.640000000000043,3.9599999999999227,0.0,-0.030000000000001137,0.030000000000001137,13.492178688511244,2.8577714219302237,6.876224981775936,5.0070754937388395
2024-07-03 07:54:56,419.75,351.18,4.2,23.99,385.46500000000003,770.9300000000001,68.57,0.17788904264229163,28.189999999999998,19.79,-1.3199999999999932,13.180000000000007,5.930000000000064,14.5,2.4451935168307464,-3.9599999999999795,18.44999999999999,7.245000000000118,0.0,0.05999999999999872,0.05999999999999872,13.673820018665486,3.3927017257638874,8.095071340019159,5.406552274786606
2024-07-03 07:54:57,418.43,345.91,4.2,23.99,382.17,764.34,72.51999999999998,0.1897584839475665,28.189999999999998,19.79,-1.3199999999999932,-5.269999999999982,-3.295000000000016,3.9499999999999886,1.19878567563408,0.0,-18.44999999999999,-9.22500000000008,0.0,0.0,0.0,13.556934602449997,2.8728587678480317,5.745717535695596,5.611770442560907
2024-07-03 07:54:58,422.39,341.95,4.2,23.99,382.16999999999996,764.3399999999999,80.44,0.21048224557008074,28.189999999999998,19.79,3.9599999999999795,-3.9600000000000364,-5.684341886080802e-14,7.920000000000016,7919999.549800164,5.279999999999973,1.3099999999999454,3.294999999999959,0.0,0.0,0.0,13.556934602449996,2.205421161592795,5.867450042394889,4.255830412504737
2024-07-03 07:54:59,419.75,340.63,4.2,23.96,380.19,760.38,79.12,0.20810647253187495,28.16,19.76,-2.6399999999999864,-1.3199999999999932,-1.9799999999999613,1.3199999999999932,0.6666663299665097,-6.599999999999966,2.640000000000043,-1.9799999999999045,0.0,-0.029999999999997584,0.029999999999997584,13.501064861467867,2.31150221717422,5.999594152940664,3.5911150775212244
2024-07-03 07:55:00,421.07,335.36,4.2,23.96,378.21500000000003,756.4300000000001,85.70999999999998,0.22661713515694204,28.16,19.76,1.3199999999999932,-5.269999999999982,-1.974999999999966,6.589999999999975,3.336707171287553,3.9599999999999795,-3.9499999999999886,0.0049999999999954525,0.0,0.0,0.0,13.430929920776636,2.693767343331879,6.7630887913733435,3.656995693188633
2024-07-03 07:55:01,422.39,349.86,4.2,23.99,386.125,772.25,72.52999999999997,0.1878407246672949,28.189999999999998,19.79,1.3199999999999932,14.5,7.909999999999968,13.180000000000007,1.666245048515172,0.0,19.769999999999982,9.884999999999934,0.0,0.029999999999997584,0.029999999999997584,13.697232575479513,2.9334437952688295,5.625453759475747,4.504415333869634
2024-07-03 07:55:02,418.43,339.32,4.2,23.96,378.875,757.75,79.11000000000001,0.20880237490253417,28.16,19.76,-3.9599999999999795,-10.54000000000002,-7.25,6.580000000000041,0.9075860817122702,-5.279999999999973,-25.04000000000002,-15.159999999999968,0.0,-0.029999999999997584,0.029999999999997584,13.454367419944338,3.18183712656718,4.697219390235013,5.495002729753631
2024-07-03 07:55:03,421.07,336.68,4.2,23.96,378.875,757.75,84.38999999999999,0.22273836958696566,28.16,19.76,2.6399999999999864,-2.6399999999999864,0.0,5.279999999999973,5279999.999999973,6.599999999999966,7.900000000000034,7.25,0.0,0.0,0.0,13.454367419944338,3.2492122122141303,5.222443872364716,5.495002729753633
2024-07-03 07:55:04,422.39,351.18,4.2,24.02,386.78499999999997,773.5699999999999,71.20999999999998,0.18410744939925938,28.22,19.82,1.3199999999999932,14.5,7.909999999999968,13.180000000000007,1.666245048515172,-1.3199999999999932,17.139999999999986,7.909999999999968,0.0,0.05999999999999872,0.05999999999999872,13.706059046560629,4.287079425436515,6.629343858935051,6.574582115997927
2024-07-03 07:55:05,421.07,341.95,4.2,24.02,381.51,763.02,79.12,0.20738643755763564,28.22,19.82,-1.3199999999999932,-9.230000000000018,-5.274999999999977,7.910000000000025,1.4995257820804315,-2.6399999999999864,-23.730000000000018,-13.184999999999945,0.0,0.0,0.0,13.519134885927183,3.8321475702275634,5.401242449659148,7.130093267272157
2024-07-03 07:55:06,421.07,368.31,4.2,24.02,394.69,789.38,52.75999999999999,0.13367452903880378,28.22,19.82,0.0,26.360000000000014,13.180000000000007,26.360000000000014,1.9999998482549433,1.3199999999999932,35.59000000000003,18.454999999999984,0.0,0.0,0.0,13.98617951856203,6.7204097717327125,12.418480986014355,8.689027275823221
2024-07-03 07:55:07,417.11,348.54,4.2,23.99,382.82500000000005,765.6500000000001,68.57,0.1791157835065218,28.189999999999998,19.79,-3.9599999999999795,-19.769999999999982,-11.864999999999952,15.810000000000002,1.3324904060269416,-3.9599999999999795,-46.129999999999995,-25.04499999999996,0.0,-0.030000000000001137,0.030000000000001137,13.580169791409375,6.154039933247125,12.079451560397935,10.022023872452092
2024-07-03 07:55:08,421.07,368.31,4.2,24.04,394.69,789.38,52.75999999999999,0.13367452903880378,28.24,19.84,3.9599999999999795,19.769999999999982,11.864999999999952,15.810000000000002,1.3324904060269416,7.919999999999959,39.539999999999964,23.729999999999905,0.0,0.05000000000000071,0.05000000000000071,13.976274292624849,6.321375443683063,11.728718173781843,11.131483840890187
2024-07-03 07:55:09,421.07,376.22,4.2,24.97,398.645,797.29,44.849999999999966,0.11250611418052114,29.169999999999998,20.77,0.0,7.910000000000025,3.954999999999984,7.910000000000025,1.999999494311141,-3.9599999999999795,-11.859999999999957,-7.909999999999968,0.0,0.9299999999999997,0.9299999999999997,13.666266243871572,7.764905504898207,13.898059936552333,10.846711252725381
2024-07-03 07:55:10,427.67,392.03,4.26,25.9,409.85,819.7,35.64000000000004,0.08695864319395241,30.159999999999997,21.64,6.600000000000023,15.809999999999945,11.205000000000041,9.209999999999923,0.8219544112490387,6.600000000000023,7.89999999999992,7.250000000000057,0.05999999999999961,0.9299999999999997,0.8700000000000001,13.589190530862385,9.691921249164038,12.1307143235673,10.438292245381886
2024-07-03 07:55:11,422.39,415.74,4.26,26.79,419.065,838.13,6.649999999999977,0.015868659955212958,31.049999999999997,22.53,-5.28000000000003,23.710000000000036,9.214999999999975,28.990000000000066,3.1459573363041575,-11.880000000000052,7.900000000000091,-1.990000000000066,0.0,0.8900000000000006,0.8900000000000006,13.49645689222361,13.967447422489059,23.0188451056955,9.859495423194817
2024-07-03 07:55:12,425.03,422.32,4.26,27.72,423.67499999999995,847.3499999999999,2.7099999999999795,0.006396412329270237,31.979999999999997,23.46,2.6399999999999864,6.579999999999984,4.609999999999957,3.9399999999999977,0.854663589010075,7.920000000000016,-17.130000000000052,-4.605000000000018,0.0,0.9299999999999997,0.9299999999999997,13.248123413129349,12.5420627290727,22.635115860096736,3.6876855885501008
2024-07-03 07:55:13,422.39,438.12,4.26,28.62,430.255,860.51,15.730000000000018,0.03655971450288853,32.88,24.36,-2.6399999999999864,15.800000000000011,6.580000000000041,18.439999999999998,2.8024311850408354,-5.279999999999973,9.220000000000027,1.9700000000000841,0.0,0.9000000000000021,0.9000000000000021,13.085613957250184,12.34989250965341,18.380045701793104,3.0694026291772416
2024-07-03 07:55:14,425.03,444.7,4.26,29.52,434.865,869.73,19.670000000000016,0.045232428350792976,33.78,25.259999999999998,2.6399999999999864,6.579999999999984,4.610000000000014,3.9399999999999977,0.8546635890100645,5.279999999999973,-9.220000000000027,-1.9700000000000273,0.0,0.8999999999999986,0.8999999999999986,12.873445444835838,9.757135594014894,12.877169720090043,2.9108061598121093
2024-07-03 07:55:15,423.71,446.01,4.26,30.39,434.86,869.72,22.30000000000001,0.05128087188685816,34.65,26.130000000000003,-1.3199999999999932,1.3100000000000023,-0.0049999999999954525,2.6299999999999955,525.8948210362702,-3.9599999999999795,-5.269999999999982,-4.615000000000009,0.0,0.870000000000001,0.870000000000001,12.550071787876718,7.005944261838815,8.423029146334686,3.3770116227220814
2024-07-03 07:55:16,425.03,465.75,4.26,31.26,445.39,890.78,40.72000000000003,0.09142549205993519,35.52,27.0,1.3199999999999932,19.74000000000001,10.529999999999973,18.420000000000016,1.7492875831635786,2.6399999999999864,18.430000000000007,10.534999999999968,0.0,0.870000000000001,0.870000000000001,12.539132529866764,7.93202638043972,13.708016997363382,3.810524898225965
2024-07-03 07:55:17,423.71,481.54,4.26,32.13,452.625,905.25,57.83000000000004,0.12776581026729464,36.39,27.870000000000005,-1.3199999999999932,15.79000000000002,7.235000000000014,17.110000000000014,2.3648925549561057,-2.6399999999999864,-3.9499999999999886,-3.294999999999959,0.0,0.870000000000001,0.870000000000001,12.438169485073661,9.156849485493957,17.68648212618899,3.8779553246524108
2024-07-03 07:55:18,423.71,493.38,4.26,33.0,458.54499999999996,917.0899999999999,69.67000000000002,0.15193710507815572,37.26,28.740000000000002,0.0,11.839999999999975,5.919999999999959,11.839999999999975,1.9999996621622287,1.3199999999999932,-3.9500000000000455,-1.3150000000000546,0.0,0.8699999999999974,0.8699999999999974,12.30662876257035,10.570800939379659,21.820677578847132,3.855510018142861
2024-07-03 07:55:19,422.39,507.84,4.26,33.84,465.115,930.23,85.44999999999999,0.18371800482951955,38.1,29.580000000000005,-1.3199999999999932,14.45999999999998,6.57000000000005,15.779999999999973,2.401826118443491,-1.3199999999999932,2.6200000000000045,0.650000000000091,0.0,0.8400000000000034,0.8400000000000034,12.207742461739043,11.729251148303929,24.614226171058082,3.8218107619294805
2024-07-03 07:55:20,427.67,511.79,4.31,34.68,469.73,939.46,84.12,0.17908159968688056,38.99,30.37,5.28000000000003,3.9500000000000455,4.615000000000009,1.329999999999984,0.28819062011037083,6.600000000000023,-10.509999999999934,-1.955000000000041,0.04999999999999982,0.8399999999999963,0.7899999999999965,12.04744775461791,9.695631361597242,18.800241221856695,2.2108974422166203
2024-07-03 07:55:21,427.67,518.36,4.31,35.52,473.015,946.03,90.69,0.19172753466226752,39.830000000000005,31.210000000000004,0.0,6.569999999999993,3.284999999999968,6.569999999999993,1.9999993911721965,-5.28000000000003,2.6199999999999477,-1.330000000000041,0.0,0.8400000000000034,0.8400000000000034,11.87584705307941,8.2810902060047,13.501919122850618,1.5825493673184772
2024-07-03 07:55:22,443.49,532.82,4.96,36.37,488.15500000000003,976.3100000000001,89.33000000000004,0.18299515485246465,41.33,31.409999999999997,15.819999999999993,14.460000000000036,15.140000000000043,1.3599999999999568,0.08982826355163075,15.819999999999993,7.890000000000043,11.855000000000075,0.6500000000000004,0.8499999999999943,0.19999999999999396,11.81115383955592,11.064455250936964,8.374384753520662,4.664873256584821
2024-07-03 07:55:23,435.58,540.7,5.83,37.18,488.14,976.28,105.12000000000006,0.2153480554444463,43.01,31.35,-7.910000000000025,7.8799999999999955,-0.015000000000043201,15.79000000000002,1052.5964935640657,-23.730000000000018,-6.580000000000041,-15.155000000000086,0.8700000000000001,0.8100000000000023,0.05999999999999783,11.349453351558862,10.704872371961532,8.372267912578968,5.685538013240298
2024-07-03 07:55:24,448.77,556.47,6.67,37.99,502.62,1005.24,107.70000000000005,0.21427718711098415,44.660000000000004,31.32,13.189999999999998,15.769999999999982,14.480000000000018,2.579999999999984,0.1781767832750827,21.100000000000023,7.889999999999986,14.495000000000061,0.8399999999999999,0.8100000000000023,0.029999999999997584,11.254366071330809,13.274600088137637,10.392731594725188,6.8857583097288915
2024-07-03 07:55:25,472.5,573.55,7.51,38.81,523.025,1046.05,101.04999999999995,0.1932030013991625,46.32,31.300000000000004,23.730000000000018,17.079999999999927,20.404999999999973,6.650000000000091,0.3259004986081647,10.54000000000002,1.3099999999999454,5.9249999999999545,0.8399999999999999,0.8200000000000003,0.019999999999999574,11.291558478161518,18.846209632177523,8.361600923268144,8.6309627215045
2024-07-03 07:55:26,504.13,574.86,8.35,39.62,539.495,1078.99,70.73000000000002,0.13110408783936076,47.97,31.269999999999996,31.629999999999995,1.3100000000000591,16.470000000000027,30.319999999999936,1.8409227783289075,7.899999999999977,-15.769999999999868,-3.9349999999999454,0.8399999999999999,0.8099999999999952,0.03000000000000469,11.246507999864333,22.552504461810386,15.17613027092213,7.787763960213502
2024-07-03 07:55:27,513.35,581.43,9.17,40.43,547.39,1094.78,68.07999999999993,0.12437201972200426,49.6,31.259999999999998,9.220000000000027,6.569999999999936,7.894999999999982,2.650000000000091,0.3356554356358026,-22.409999999999968,5.259999999999877,-8.575000000000045,0.8200000000000003,0.8100000000000023,0.00999999999999801,11.036088487175636,24.78130328493588,19.45758027093812,8.029158268461288
2024-07-03 07:55:28,523.88,595.87,9.98,41.22,559.875,1119.75,71.99000000000001,0.12858227259909397,51.2,31.24,10.529999999999973,14.440000000000055,12.485000000000014,3.910000000000082,0.3131757858890102,1.3099999999999454,7.870000000000118,4.590000000000032,0.8100000000000005,0.7899999999999991,0.02000000000000135,10.935058380174642,22.265449523869243,18.88207748104006,4.6454152128738695
2024-07-03 07:55:29,512.03,611.63,10.8,42.01,561.8299999999999,1123.6599999999999,99.60000000000002,0.17727782393735153,52.81,31.209999999999997,-11.850000000000023,15.759999999999991,1.9549999999999272,27.610000000000014,14.122754924422567,-22.379999999999995,1.3199999999999363,-10.530000000000086,0.8200000000000003,0.7899999999999991,0.030000000000001137,10.638704589306862,15.927026009270055,16.53194937083948,7.219563352447318
2024-07-03 07:55:30,509.4,618.19,11.58,42.76,563.7950000000001,1127.5900000000001,108.79000000000008,0.1929602068252465,54.339999999999996,31.18,-2.6299999999999955,6.560000000000059,1.9650000000001455,9.190000000000055,4.676842403642224,9.220000000000027,-9.199999999999932,0.010000000000218279,0.7799999999999994,0.75,0.02999999999999936,10.375321855441264,10.544145650547643,18.91792985503438,6.417005142587931
2024-07-03 07:55:31,518.62,624.75,12.37,43.55,571.685,1143.37,106.13,0.18564419184403266,55.919999999999995,31.18,9.220000000000027,6.559999999999945,7.889999999999873,2.660000000000082,0.3371355719726936,11.850000000000023,-1.1368683772161603e-13,5.924999999999727,0.7899999999999991,0.7899999999999991,0.0,10.223265196293541,8.791071464842114,19.403826169083267,4.497287515825492
2024-07-03 07:55:32,539.69,636.56,13.15,44.31,588.125,1176.25,96.86999999999989,0.16470988282302232,57.46,31.160000000000004,21.07000000000005,11.809999999999945,16.440000000000055,9.260000000000105,0.5632603063710321,11.850000000000023,5.25,8.550000000000182,0.7800000000000011,0.7600000000000051,0.01999999999999602,10.23538095657186,11.562030314782922,14.612606885836598,6.407342077648117
2024-07-03 07:55:33,575.23,650.99,13.94,45.09,613.11,1226.22,75.75999999999999,0.12356673333730205,59.03,31.150000000000006,35.539999999999964,14.430000000000064,24.985000000000014,21.1099999999999,0.844906910349929,14.469999999999914,2.6200000000001182,8.544999999999959,0.7899999999999991,0.7800000000000011,0.00999999999999801,10.386413512003838,21.35271920622658,13.032181321636045,9.970783946109762
2024-07-03 07:55:34,588.39,654.93,14.73,45.85,621.66,1243.32,66.53999999999996,0.10703600021388535,60.58,31.12,13.159999999999968,3.939999999999941,8.549999999999955,9.220000000000027,1.0783624469751614,-22.379999999999995,-10.490000000000123,-16.43500000000006,0.7900000000000009,0.759999999999998,0.030000000000002913,10.261802405714718,25.23913850550281,18.77659101115003,8.913667455093883
2024-07-03 07:55:35,580.49,670.67,15.48,46.58,625.5799999999999,1251.1599999999999,90.17999999999995,0.14415422464887903,62.06,31.099999999999998,-7.899999999999977,15.740000000000009,3.919999999999959,23.639999999999986,6.03061070647692,-21.059999999999945,11.800000000000068,-4.6299999999999955,0.75,0.7299999999999969,0.020000000000003126,10.080244761839433,23.220862548578015,15.95610635462171,8.3929669962416
2024-07-03 07:55:36,572.6,681.16,16.24,47.34,626.88,1253.76,108.55999999999995,0.1731750890550422,63.58,31.100000000000005,-7.889999999999986,10.490000000000009,1.3000000000000682,18.379999999999995,14.138450662729515,0.009999999999990905,-5.25,-2.619999999999891,0.759999999999998,0.7600000000000051,7.105427357601002e-15,9.85970415445574,15.99405295726979,16.700437718814403,9.687428967481523
2024-07-03 07:55:37,576.54,685.09,17.0,48.07,630.815,1261.63,108.55000000000007,0.17207897692337862,65.07,31.07,3.939999999999941,3.9300000000000637,3.935000000000059,0.009999999999877218,0.002541295415141462,11.829999999999927,-6.559999999999945,2.634999999999991,0.7600000000000016,0.7299999999999969,0.03000000000000469,9.694405875297283,6.718227444791549,18.985020937570756,9.557799563707112
2024-07-03 07:55:38,591.02,694.27,17.76,48.8,642.645,1285.29,103.25,0.1606641300240971,66.56,31.039999999999996,14.480000000000018,9.17999999999995,11.829999999999927,5.300000000000068,0.44801348706564786,10.540000000000077,5.249999999999886,7.894999999999868,0.7600000000000016,0.7299999999999969,0.03000000000000469,9.655123052056444,8.034540590472446,17.803632494522002,4.216893999141975
2024-07-03 07:55:39,631.79,708.68,18.49,49.5,670.2349999999999,1340.4699999999998,76.88999999999999,0.11472095591140279,67.99,31.01,40.76999999999998,14.409999999999968,27.589999999999918,26.360000000000014,0.9554185953092242,26.289999999999964,5.230000000000018,15.759999999999991,0.7299999999999969,0.7000000000000028,0.02999999999999403,9.85784659717831,18.591862937853886,13.746291499891862,10.744667281958938
2024-07-03 07:55:40,646.25,719.17,19.24,50.23,682.71,1365.42,72.91999999999996,0.10680962618562835,69.47,30.99,14.460000000000036,10.490000000000009,12.475000000000136,3.9700000000000273,0.31823644743595486,-26.309999999999945,-3.919999999999959,-15.114999999999782,0.75,0.7299999999999969,0.020000000000003126,9.827407372572228,24.667467087237412,17.651992238838076,10.261450555355166
2024-07-03 07:55:41,651.5,728.34,19.97,50.93,689.9200000000001,1379.8400000000001,76.84000000000003,0.11137523174951414,70.9,30.96,5.25,9.170000000000073,7.210000000000036,3.9200000000000728,0.5436892449806946,-9.210000000000036,-1.3199999999999363,-5.2650000000001,0.7300000000000004,0.7000000000000028,0.029999999999997584,9.730888438210318,25.570318975326412,16.806015292150615,9.07527726849153
2024-07-03 07:55:42,639.67,729.65,20.68,51.66,684.66,1369.32,89.98000000000002,0.1314228958440352,72.34,30.979999999999997,-11.830000000000041,1.3099999999999454,-5.260000000000105,13.139999999999986,2.4980983843918896,-17.08000000000004,-7.860000000000127,-12.470000000000141,0.7100000000000009,0.7299999999999969,0.01999999999999602,9.464473189598102,18.975323251526895,12.558902420195794,11.795947609242768
2024-07-03 07:55:43,637.05,730.96,21.41,52.36,684.005,1368.01,93.91000000000008,0.13729431782326995,73.77,30.95,-2.6200000000000045,1.3100000000000591,-0.6549999999999727,3.9300000000000637,5.999990839708989,9.210000000000036,1.1368683772161603e-13,4.605000000000132,0.7300000000000004,0.7000000000000028,0.029999999999997584,9.272129466285355,7.284798727482914,9.228411022489214,12.794378941550859
2024-07-03 07:55:44,651.5,740.13,22.14,53.06,695.815,1391.63,88.63,0.12737581091615469,75.2,30.92,14.450000000000045,9.169999999999959,11.81000000000006,5.280000000000086,0.44707870896878504,17.07000000000005,7.8599999999999,12.465000000000032,0.7300000000000004,0.7000000000000028,0.029999999999997584,9.252858919509855,5.435759606525656,9.060873578193227,7.815292221024192
2024-07-03 07:55:45,679.1,755.84,22.86,53.77,717.47,1434.94,76.74000000000001,0.10695917584434309,76.63,30.910000000000004,27.600000000000023,15.710000000000036,21.654999999999973,11.889999999999986,0.54906485573471,13.149999999999977,6.540000000000077,9.844999999999914,0.7199999999999989,0.7100000000000009,0.00999999999999801,9.362782078001018,13.758795096226125,7.9362554142366015,10.569346361057553
2024-07-03 07:55:46,706.68,766.32,23.57,54.47,736.5,1473.0,59.6400000000001,0.08097759663139512,78.03999999999999,30.9,27.579999999999927,10.480000000000018,19.029999999999973,17.09999999999991,0.8985811403793375,-0.020000000000095497,-5.230000000000018,-2.625,0.7100000000000009,0.6999999999999957,0.010000000000005116,9.437467844214918,22.792763380071694,13.936288960838862,11.88184928788446
2024-07-03 07:55:47,706.68,771.56,24.27,55.14,739.1199999999999,1478.2399999999998,64.88,0.08778006265859392,79.41,30.87,0.0,5.239999999999895,2.619999999999891,5.239999999999895,1.999999236641556,-27.579999999999927,-5.240000000000123,-16.410000000000082,0.6999999999999993,0.6700000000000017,0.029999999999997584,9.30764375635759,24.382401081516477,14.741511116571457,9.806517348172086
2024-07-03 07:55:48,681.73,776.79,24.97,55.84,729.26,1458.52,95.05999999999995,0.13035131485293122,80.81,30.870000000000005,-24.949999999999932,5.230000000000018,-9.8599999999999,30.17999999999995,3.0608516165465156,-24.949999999999932,-0.009999999999877218,-12.47999999999979,0.6999999999999993,0.7000000000000028,3.552713678800501e-15,9.024378059344413,17.669844934235744,15.081044393542465,12.894155846739219
2024-07-03 07:55:49,689.61,791.19,25.67,56.52,740.4000000000001,1480.8000000000002,101.58000000000004,0.13719611002539697,82.19,30.85,7.8799999999999955,14.400000000000091,11.1400000000001,6.5200000000000955,0.5852782239427121,32.82999999999993,9.170000000000073,21.0,0.7000000000000028,0.6799999999999997,0.020000000000003126,9.008395072291094,9.468637705601573,18.33977644356656,12.861756100937352
2024-07-03 07:55:50,706.68,796.43,26.37,57.19,751.555,1503.11,89.75,0.11941907096696973,83.56,30.819999999999997,17.069999999999936,5.239999999999895,11.154999999999859,11.830000000000041,1.0605108865521564,9.18999999999994,-9.160000000000196,0.014999999999758984,0.6999999999999993,0.6699999999999946,0.03000000000000469,8.994195679820539,8.062979908194025,18.754338698018614,10.981815423690163
2024-07-03 07:55:51,742.13,797.73,27.05,57.86,769.9300000000001,1539.8600000000001,55.60000000000002,0.07221435705555786,84.91,30.81,35.450000000000045,1.3000000000000682,18.375000000000114,34.14999999999998,1.8585033002174947,18.38000000000011,-3.939999999999827,7.220000000000255,0.6799999999999997,0.6700000000000017,0.00999999999999801,9.06760088249204,15.511373891436612,20.013105206339155,10.802144115868849
2024-07-03 07:55:52,759.18,802.97,27.72,58.57,781.075,1562.15,43.79000000000008,0.056063758210077544,86.28999999999999,30.85,17.049999999999955,5.240000000000009,11.144999999999982,11.809999999999945,1.0596679174815655,-18.40000000000009,3.939999999999941,-7.230000000000132,0.6699999999999982,0.7100000000000009,0.0400000000000027,9.051744013770497,21.14734303641812,25.756770566202555,10.67193129194522
2024-07-03 07:55:53,744.75,819.98,28.39,59.24,782.365,1564.73,75.23000000000002,0.09615716437192724,87.63,30.85,-14.42999999999995,17.00999999999999,1.2899999999999636,31.43999999999994,24.372074130175736,-31.479999999999905,11.769999999999982,-9.855000000000018,0.6700000000000017,0.6700000000000017,0.0,8.92804965276675,18.507840568254903,23.760026304699227,6.083197555562421
2024-07-03 07:55:54,727.69,838.29,29.07,59.91,782.99,1565.98,110.59999999999991,0.14125340024616725,88.97999999999999,30.839999999999996,-17.059999999999945,18.309999999999945,0.625,35.36999999999989,56.5919094529447,-2.6299999999999955,1.2999999999999545,-0.6649999999999636,0.6799999999999997,0.6699999999999946,0.010000000000005116,8.799617792766716,13.419411592910556,26.624233885691375,7.5093072250375075
2024-07-03 07:55:55,742.13,847.44,29.74,60.56,794.7850000000001,1589.5700000000002,105.31000000000006,0.1325012423076666,90.3,30.820000000000004,14.43999999999994,9.150000000000091,11.795000000000073,5.28999999999985,0.4484950870288029,31.499999999999886,-9.159999999999854,11.170000000000073,0.6699999999999982,0.6500000000000057,0.019999999999992468,8.801605661111788,8.815439155251413,29.53090296621486,7.570697127741989
2024-07-03 07:55:56,760.5,844.83,30.41,61.23,802.665,1605.33,84.33000000000004,0.10506251038096533,91.64,30.819999999999997,18.370000000000005,-2.6100000000000136,7.879999999999882,20.980000000000018,2.662436210350777,3.9300000000000637,-11.760000000000105,-3.915000000000191,0.6700000000000017,0.6699999999999946,7.105427357601002e-15,8.75889340071046,9.524921521983162,26.718123437097848,5.318978520355219
2024-07-03 07:55:57,797.22,855.29,31.06,61.91,826.255,1652.51,58.069999999999936,0.07028096644464357,92.97,30.849999999999998,36.72000000000003,10.459999999999923,23.590000000000032,26.260000000000105,1.113183505163907,18.350000000000023,13.069999999999936,15.71000000000015,0.6499999999999986,0.6799999999999997,0.030000000000001137,8.887329150399816,18.02789560652982,21.647150389831904,9.37433690988331
2024-07-03 07:55:58,799.84,867.05,31.71,62.55,833.4449999999999,1666.8899999999999,67.20999999999992,0.08064119398323673,94.25999999999999,30.839999999999996,2.6200000000000045,11.759999999999991,7.189999999999941,9.139999999999986,1.2712098371057337,-34.10000000000002,1.3000000000000682,-16.40000000000009,0.6500000000000021,0.6400000000000006,0.010000000000001563,8.84197953700425,21.267861199470335,22.967150019103382,8.484662191271998
2024-07-03 07:55:59,777.55,874.9,32.35,63.2,826.2249999999999,1652.4499999999998,97.35000000000002,0.11782504751390357,95.55000000000001,30.85,-22.290000000000077,7.850000000000023,-7.220000000000027,30.1400000000001,4.1745146572694365,-24.910000000000082,-3.909999999999968,-14.409999999999968,0.6400000000000006,0.6500000000000057,0.010000000000005116,8.647043342260142,16.879454967502213,19.841660212794743,11.041693484244194
2024-07-03 07:56:00,776.24,870.97,33.0,63.81,823.605,1647.21,94.73000000000002,0.11501872849846867,96.81,30.810000000000002,-1.3099999999999454,-3.92999999999995,-2.619999999999891,2.6200000000000045,0.9999996183207998,20.980000000000132,-11.779999999999973,4.600000000000136,0.6499999999999986,0.6099999999999994,0.03999999999999915,8.50743716034049,11.64472326849964,17.180527349298725,11.865421610714042
2024-07-03 07:56:01,793.29,856.6,33.64,63.79,824.9449999999999,1649.8899999999999,63.31000000000006,0.07674451014704683,97.43,30.15,17.049999999999955,-14.370000000000005,1.3399999999999181,31.41999999999996,23.44774369571506,18.3599999999999,-10.440000000000055,3.959999999999809,0.6400000000000006,-0.020000000000003126,0.6600000000000037,8.467053182109685,3.8205889598250544,18.481955524240423,11.934120411660011
2024-07-03 07:56:02,831.3,856.6,34.29,63.76,843.95,1687.9,25.300000000000068,0.029978079234577862,98.05,29.47,38.00999999999999,0.0,19.00500000000011,38.00999999999999,1.9999998947645292,20.960000000000036,14.370000000000005,17.66500000000019,0.6499999999999986,-0.030000000000001137,0.6799999999999997,8.60734310446361,8.459143278130343,29.19479234384104,10.13720770232122
2024-07-03 07:56:03,840.48,889.27,34.91,64.38,864.875,1729.75,48.789999999999964,0.05641277634754986,99.28999999999999,29.47,9.180000000000064,32.66999999999996,20.924999999999955,23.489999999999895,1.1225805915134697,-28.829999999999927,32.66999999999996,1.9199999999998454,0.6199999999999974,0.6199999999999974,0.0,8.710595138376522,17.7888715212612,30.692391239523847,12.86725563202971
2024-07-03 07:56:04,828.68,902.34,35.52,64.99,865.51,1731.02,73.66000000000008,0.08510589122586013,100.50999999999999,29.46999999999999,-11.800000000000068,13.07000000000005,0.6349999999999909,24.87000000000012,39.165292653083185,-20.980000000000132,-19.59999999999991,-20.289999999999964,0.6100000000000065,0.6099999999999994,7.105427357601002e-15,8.611182881194082,20.46846739499411,26.109260234637073,11.174151310054832
2024-07-03 07:56:05,809.02,908.87,36.14,65.58,858.9449999999999,1717.8899999999999,99.85000000000002,0.11624725667388805,101.72,29.439999999999998,-19.659999999999968,6.529999999999973,-6.565000000000055,26.18999999999994,3.9893367876105006,-7.8599999999999,-6.540000000000077,-7.2000000000000455,0.6199999999999974,0.5900000000000034,0.02999999999999403,8.444209511952325,17.26748497899846,27.80073146519711,12.191806469920733
2024-07-03 07:56:06,829.99,910.17,36.76,66.2,870.0799999999999,1740.1599999999999,80.17999999999995,0.09215244564620209,102.96000000000001,29.440000000000005,20.970000000000027,1.2999999999999545,11.134999999999991,19.670000000000073,1.7665018620115158,40.629999999999995,-5.230000000000018,17.700000000000045,0.6199999999999974,0.6200000000000045,7.105427357601002e-15,8.450660368583328,10.15122812766697,28.970929049652515,11.822676093000299
2024-07-03 07:56:07,860.13,914.09,37.38,66.79,887.11,1774.22,53.960000000000036,0.060826729423829405,104.17000000000002,29.410000000000004,30.139999999999986,3.9200000000000728,17.030000000000086,26.219999999999914,1.5396358461752162,9.169999999999959,2.6200000000001182,5.8950000000000955,0.6200000000000045,0.5900000000000034,0.030000000000001137,8.515983406777542,10.711852897605539,20.657332112351792,11.432520282072568
2024-07-03 07:56:08,879.77,919.32,37.99,67.41,899.5450000000001,1799.0900000000001,39.55000000000007,0.043966671990876935,105.4,29.419999999999995,19.639999999999986,5.230000000000018,12.43500000000006,14.409999999999968,1.1588258014615278,-10.5,1.3099999999999454,-4.595000000000027,0.6099999999999994,0.6199999999999903,0.009999999999990905,8.534582461721229,16.684389635223177,23.403881088400688,9.64026737181086
2024-07-03 07:56:09,862.75,932.38,38.58,68.0,897.565,1795.13,69.63,0.0775765542578236,106.58,29.42,-17.019999999999982,13.059999999999945,-1.9800000000000182,30.079999999999927,15.191911519236431,-36.65999999999997,7.829999999999927,-14.415000000000077,0.5899999999999963,0.5900000000000034,7.105427357601002e-15,8.421514276397877,17.661552663906516,23.291340236233708,10.126121789708098
2024-07-03 07:56:10,848.34,938.9,39.2,68.59,893.62,1787.24,90.55999999999995,0.10134061446549913,107.79,29.39,-14.409999999999968,6.519999999999982,-3.94500000000005,20.92999999999995,5.305448591774675,2.6100000000000136,-6.539999999999964,-1.9650000000000318,0.6200000000000045,0.5900000000000034,0.030000000000001137,8.29037936459431,11.892580354992022,20.365388039514453,9.32269609608728
2024-07-03 07:56:11,864.06,945.43,39.79,69.15,904.7449999999999,1809.4899999999998,81.37,0.08993694345927646,108.94,29.360000000000007,15.719999999999914,6.529999999999973,11.124999999999886,9.18999999999994,0.826067341477096,30.12999999999988,0.009999999999990905,15.069999999999936,0.5899999999999963,0.5600000000000023,0.02999999999999403,8.30498431884538,6.611568081774559,20.567149292014165,9.321570817196037
2024-07-03 07:56:12,904.65,961.1,40.38,69.74,932.875,1865.75,56.450000000000045,0.06051185843707698,110.12,29.359999999999992,40.59000000000003,15.670000000000073,28.13000000000011,24.91999999999996,0.8858869219378933,24.87000000000012,9.1400000000001,17.005000000000223,0.5900000000000034,0.5899999999999892,1.4210854715202004e-14,8.4714401700741,15.727180293998623,20.198896504512284,12.944961664678715
2024-07-03 07:56:13,917.73,972.84,40.97,70.33,945.2850000000001,1890.5700000000002,55.110000000000014,0.05829987775295295,111.3,29.36,13.080000000000041,11.740000000000009,12.410000000000082,1.3400000000000318,0.10797742884952412,-27.50999999999999,-3.9300000000000637,-15.720000000000027,0.5899999999999963,0.5900000000000034,7.105427357601002e-15,8.493126608327705,22.928038947976745,15.455542048080984,12.943381803068375
2024-07-03 07:56:14,895.48,972.84,41.56,70.89,934.1600000000001,1868.3200000000002,77.36000000000001,0.08281236610129704,112.45,29.33,-22.25,0.0,-11.125,22.25,1.9999998202247353,-35.33000000000004,-11.740000000000009,-23.535000000000082,0.5900000000000034,0.5600000000000023,0.030000000000001137,8.307336520165972,21.859711972026012,15.715678477240468,15.334279164668988
2024-07-03 07:56:15,887.63,980.67,42.15,71.45,934.15,1868.3,93.03999999999996,0.09959856543424654,113.6,29.300000000000004,-7.850000000000023,7.829999999999927,-0.010000000000104592,15.67999999999995,1567.8432156620306,14.399999999999977,7.829999999999927,11.114999999999895,0.5899999999999963,0.5600000000000023,0.02999999999999403,8.22315133606381,15.115759408641491,16.46257057691779,14.699491232692427
2024-07-03 07:56:16,891.56,989.8,42.2,72.01,940.68,1881.36,98.24000000000001,0.10443508939869554,114.21000000000001,29.810000000000002,3.92999999999995,9.129999999999995,6.529999999999973,5.2000000000000455,0.7963245334878306,11.779999999999973,1.3000000000000682,6.540000000000077,0.05000000000000426,0.5600000000000023,0.509999999999998,8.236406547269008,5.349365616587494,20.033817659148223,14.606905729825252
2024-07-03 07:56:17,888.94,998.93,42.2,72.57,943.935,1887.87,109.9899999999999,0.11652285367475201,114.77,30.36999999999999,-2.619999999999891,9.129999999999995,3.2549999999999955,11.749999999999886,3.60982992017511,-6.549999999999841,0.0,-3.2749999999999773,0.0,0.5599999999999881,0.5599999999999881,8.224579522309144,5.28121979280614,21.218762216491275,8.754213699699159
2024-07-03 07:56:18,916.43,1001.54,42.71,73.1,958.9849999999999,1917.9699999999998,85.11000000000001,0.08875008463244986,115.81,30.389999999999993,27.489999999999895,2.6100000000000136,15.049999999999955,24.87999999999988,1.6531560363351443,30.109999999999786,-6.519999999999982,11.794999999999959,0.509999999999998,0.5300000000000011,0.020000000000003126,8.280675172431783,10.202148425695722,12.476612921782815,9.5651208826653
2024-07-03 07:56:19,942.59,1002.85,43.3,73.67,972.72,1945.44,60.25999999999999,0.061949995824132326,116.97,30.370000000000005,26.160000000000082,1.3100000000000591,13.735000000000127,24.850000000000023,1.8092463189481962,-1.3299999999998136,-1.2999999999999545,-1.3149999999998272,0.5899999999999963,0.5700000000000074,0.019999999999988916,8.315978384919395,15.586481081370671,18.59342007270309,6.538616635038385
2024-07-03 07:56:20,937.36,1018.49,43.86,74.2,977.925,1955.85,81.13,0.0829613722085422,118.06,30.340000000000003,-5.230000000000018,15.639999999999986,5.204999999999927,20.870000000000005,4.009605377597486,-31.3900000000001,14.329999999999927,-8.5300000000002,0.5600000000000023,0.5300000000000011,0.030000000000001137,8.283288088401761,16.649751274416214,18.76112816437216,5.296946054095737
2024-07-03 07:56:21,912.5,1031.53,44.42,74.76,972.015,1944.03,119.02999999999997,0.12245695784277302,119.18,30.340000000000003,-24.860000000000014,13.039999999999964,-5.909999999999968,37.89999999999998,6.412858474981676,-19.629999999999995,-2.6000000000000227,-11.114999999999895,0.5600000000000023,0.5600000000000023,0.0,8.155856618930553,13.74510294613767,23.57595978958222,8.535095635082255
2024-07-03 07:56:22,924.28,1035.44,44.98,75.29,979.86,1959.72,111.16000000000008,0.1134447777096272,120.27000000000001,30.31000000000001,11.779999999999973,3.910000000000082,7.845000000000027,7.869999999999891,1.003186615272562,36.639999999999986,-9.129999999999882,13.754999999999995,0.5599999999999952,0.5300000000000011,0.02999999999999403,8.147168802301747,8.159979626195174,23.814868674842604,8.375496253954159
2024-07-03 07:56:23,967.44,1014.58,45.57,75.29,991.01,1982.02,47.139999999999986,0.04756763297285835,120.86000000000001,29.720000000000006,43.16000000000008,-20.860000000000014,11.149999999999977,64.0200000000001,5.741703520923472,31.38000000000011,-24.770000000000095,3.30499999999995,0.5900000000000034,0.0,0.5900000000000034,8.199652422640638,7.647414105429243,31.204658786790162,7.606194021979739
2024-07-03 07:56:24,977.9,1006.76,46.1,75.27,992.3299999999999,1984.6599999999999,28.860000000000014,0.02908306709553974,121.37,29.169999999999995,10.459999999999923,-7.82000000000005,1.3199999999999363,18.279999999999973,13.848474357217045,-32.70000000000016,13.039999999999964,-9.830000000000041,0.5300000000000011,-0.020000000000010232,0.5500000000000114,8.176073097338113,8.757889728691328,39.238011290074326,6.571123001435894
2024-07-03 07:56:25,956.98,1047.17,46.67,75.72,1002.075,2004.15,90.19000000000005,0.09000324318039749,122.39,29.049999999999997,-20.91999999999996,40.41000000000008,9.745000000000118,61.33000000000004,6.293483192048857,-31.37999999999988,48.23000000000013,8.425000000000182,0.5700000000000003,0.45000000000000284,0.11999999999999744,8.187556105992678,11.68573521435073,39.65659125542689,7.086211082094594
2024-07-03 07:56:26,950.44,1058.9,47.23,76.25,1004.6700000000001,2009.3400000000001,108.46000000000004,0.10795584609080014,123.47999999999999,29.020000000000003,-6.539999999999964,11.730000000000018,2.5950000000000273,18.269999999999982,7.040459714658988,14.379999999999995,-28.680000000000064,-7.150000000000091,0.5599999999999952,0.5300000000000011,0.02999999999999403,8.136297310201675,9.88335115231242,37.214114526614786,4.359993405958352
2024-07-03 07:56:27,972.67,1053.69,47.79,76.75,1013.1800000000001,2026.3600000000001,81.0200000000001,0.07996604741510299,124.53999999999999,28.96,22.229999999999905,-5.210000000000036,8.509999999999991,27.43999999999994,3.2244414542371937,28.769999999999868,-16.940000000000055,5.914999999999964,0.5600000000000023,0.5,0.060000000000002274,8.13537812642221,9.183461765582333,32.46882166017119,4.419829465035985
2024-07-03 07:56:28,1001.43,1060.21,48.32,77.26,1030.82,2061.64,58.780000000000086,0.05702256450493541,125.58000000000001,28.940000000000005,28.75999999999999,6.519999999999982,17.639999999999873,22.24000000000001,1.2607709035844255,6.530000000000086,11.730000000000018,9.129999999999882,0.5300000000000011,0.5100000000000051,0.01999999999999602,8.208472621369065,14.469252745042064,30.686759685571246,6.520428091774319
2024-07-03 07:56:29,1000.12,1071.93,48.88,77.79,1036.025,2072.05,71.81000000000006,0.06931299913678439,126.67000000000002,28.910000000000004,-1.3099999999999454,11.720000000000027,5.205000000000155,13.029999999999973,2.5033616708238067,-30.069999999999936,5.2000000000000455,-12.434999999999718,0.5600000000000023,0.5300000000000011,0.030000000000001137,8.178929437286417,15.343511413620485,18.782698687888253,5.712490043754929
2024-07-03 07:56:30,976.6,1077.14,49.42,78.3,1026.8700000000001,2053.7400000000002,100.54000000000008,0.0979091802293288,127.72,28.879999999999995,-23.519999999999982,5.210000000000036,-9.154999999999973,28.730000000000018,3.1381755174030137,-22.210000000000036,-6.509999999999991,-14.360000000000127,0.5399999999999991,0.5099999999999909,0.030000000000008242,8.040009332602496,12.998474718208254,20.404127523616367,9.724599863233397
2024-07-03 07:56:31,990.97,1079.75,49.95,78.8,1035.3600000000001,2070.7200000000003,88.77999999999997,0.08574795232020939,128.75,28.849999999999994,14.370000000000005,2.6099999999999,8.490000000000009,11.760000000000105,1.38515884744891,37.889999999999986,-2.6000000000001364,17.644999999999982,0.5300000000000011,0.5,0.030000000000001137,8.041631005501896,9.306112507373632,15.946879945619438,9.723690528806387
2024-07-03 07:56:32,1032.79,1087.56,50.51,79.31,1060.175,2120.35,54.76999999999998,0.05166128228673445,129.82,28.800000000000004,41.819999999999936,7.809999999999945,24.814999999999827,34.00999999999999,1.370541955650142,27.449999999999932,5.2000000000000455,16.324999999999818,0.5599999999999952,0.5100000000000051,0.04999999999999005,8.16649970600447,13.01842588410335,19.523555772450887,12.92511092795716
2024-07-03 07:56:33,1040.62,1096.68,51.04,79.78,1068.65,2137.3,56.06000000000017,0.05245870953777331,130.82,28.740000000000002,7.829999999999927,9.120000000000118,8.475000000000136,1.290000000000191,0.15221237142038926,-33.99000000000001,1.3100000000001728,-16.33999999999969,0.5300000000000011,0.46999999999999886,0.060000000000002274,8.168857910343542,17.964652585004,20.115195002783334,12.086916687062843
2024-07-03 07:56:34,1005.35,1107.1,51.55,80.29,1056.225,2112.45,101.74999999999989,0.09633364094171815,131.84,28.74000000000001,-35.26999999999987,10.419999999999845,-12.425000000000182,45.68999999999971,3.677263285532053,-43.099999999999795,1.2999999999997272,-20.90000000000032,0.509999999999998,0.5100000000000051,7.105427357601002e-15,8.01141529117555,17.5922608694815,23.35057279811349,15.135030558277704
2024-07-03 07:56:35,1011.88,1113.6,52.11,80.77,1062.74,2125.48,101.71999999999991,0.09571485020257546,132.88,28.659999999999997,6.529999999999973,6.5,6.5150000000001,0.029999999999972715,0.00460475754339443,41.79999999999984,-3.9199999999998454,18.940000000000282,0.5600000000000023,0.47999999999998977,0.0800000000000125,7.99774226371356,12.71766930297722,23.609788859708082,13.221047802651663
2024-07-03 07:56:36,1043.23,1114.91,52.62,81.24,1079.0700000000002,2158.1400000000003,71.68000000000006,0.06642757182904953,133.85999999999999,28.619999999999997,31.350000000000023,1.3100000000001728,16.330000000000155,30.03999999999985,1.839558981043514,24.82000000000005,-5.189999999999827,9.815000000000055,0.509999999999998,0.46999999999999886,0.03999999999999915,8.061183265641843,8.88797403798458,23.36882388996066,13.865350518468729
2024-07-03 07:56:37,1062.82,1130.53,53.15,81.75,1096.675,2193.35,67.71000000000004,0.061741172123244224,134.9,28.6,19.589999999999918,15.61999999999989,17.60499999999979,3.9700000000000273,0.22550410533916324,-11.760000000000105,14.309999999999718,1.2749999999996362,0.5300000000000011,0.5100000000000051,0.01999999999999602,8.129540340033058,15.830376890645478,20.84452997791016,12.029197811990686
2024-07-03 07:56:38,1024.95,1135.73,53.29,82.23,1080.3400000000001,2160.6800000000003,110.77999999999997,0.10254179230377303,135.52,28.940000000000005,-37.86999999999989,5.2000000000000455,-16.33499999999981,43.069999999999936,2.636669566166567,-57.45999999999981,-10.419999999999845,-33.9399999999996,0.14000000000000057,0.480000000000004,0.3400000000000034,7.971812219806581,15.950657118121553,19.60258834950112,15.913294599170824
2024-07-03 07:56:39,1030.17,1130.53,53.29,82.7,1080.35,2160.7,100.3599999999999,0.09289582071282833,135.99,29.410000000000004,5.220000000000027,-5.2000000000000455,0.009999999999763531,10.420000000000073,1041.8958104436006,43.08999999999992,-10.400000000000091,16.344999999999573,0.0,0.46999999999999886,0.46999999999999886,7.944334083797822,12.009684633656233,19.416168520076177,13.86974540141232
2024-07-03 07:56:40,1032.79,1144.84,53.65,83.15,1088.815,2177.63,112.04999999999995,0.1029100443115588,136.8,29.500000000000007,2.619999999999891,14.309999999999945,8.465000000000146,11.690000000000055,1.3809803448339646,-2.6000000000001364,19.50999999999999,8.455000000000382,0.35999999999999943,0.45000000000000284,0.09000000000000341,7.9591739184270915,7.57215870804871,21.366771632607417,13.95629203979332
2024-07-03 07:56:41,1038.01,1155.25,54.13,83.63,1096.63,2193.26,117.24000000000001,0.1069093494552316,137.76,29.499999999999993,5.220000000000027,10.410000000000082,7.815000000000055,5.190000000000055,0.6641074006260547,2.6000000000001364,-3.8999999999998636,-0.650000000000091,0.480000000000004,0.47999999999998977,1.4210854715202004e-14,7.960438385885321,8.15499279582012,19.9258016149915,12.726233535496572
2024-07-03 07:56:42,1071.96,1157.85,54.61,84.08,1114.905,2229.81,85.88999999999987,0.0770379538372883,138.69,29.47,33.950000000000045,2.599999999999909,18.274999999999864,31.350000000000136,1.7154581824646886,28.730000000000018,-7.810000000000173,10.459999999999809,0.4799999999999969,0.45000000000000284,0.02999999999999403,8.03882754316225,14.384730880342442,12.442886722943348,12.913866771807662
2024-07-03 07:56:43,1083.71,1161.75,55.11,84.56,1122.73,2245.46,78.03999999999996,0.06950914283085943,139.67000000000002,29.450000000000003,11.75,3.900000000000091,7.8250000000000455,7.849999999999909,1.003194759975093,-22.200000000000045,1.300000000000182,-10.449999999999818,0.5,0.480000000000004,0.01999999999999602,8.03844771218982,17.741494934189614,16.700599689831492,6.491424728054727
2024-07-03 07:56:44,1056.29,1174.76,55.59,85.01,1115.525,2231.05,118.47000000000003,0.10620111597122332,140.60000000000002,29.42,-27.420000000000073,13.009999999999991,-7.204999999999927,40.430000000000064,5.6113802066093355,-39.17000000000007,9.1099999999999,-15.029999999999973,0.480000000000004,0.45000000000000284,0.030000000000001137,7.934032660497634,14.302355313020024,18.95760718023243,9.115818668665966
2024-07-03 07:56:45,1053.68,1156.55,56.07,85.06,1105.115,2210.23,102.86999999999989,0.09308533492615206,141.13,28.990000000000002,-2.6099999999999,-18.210000000000036,-10.410000000000082,15.600000000000136,1.4985589338560117,24.810000000000173,-31.220000000000027,-3.2050000000001546,0.4799999999999969,0.04999999999999716,0.4299999999999997,7.8304753926842245,10.178971829210994,18.211734403949567,11.868262299089931
2024-07-03 07:56:46,1094.15,1146.14,56.55,85.03,1120.145,2240.29,51.99000000000001,0.046413633907740844,141.57999999999998,28.480000000000004,40.47000000000003,-10.409999999999854,15.029999999999973,50.87999999999988,3.385229315686671,43.07999999999993,7.800000000000182,25.440000000000055,0.4799999999999969,-0.030000000000001137,0.509999999999998,7.911745953441547,6.7431913809315,25.240889841683458,12.949867084259948
2024-07-03 07:56:47,1113.72,1182.56,57.02,85.31,1148.1399999999999,2296.2799999999997,68.83999999999992,0.05995784480990304,142.33,28.29,19.569999999999936,36.419999999999845,27.99499999999989,16.84999999999991,0.601893173713406,-20.90000000000009,46.8299999999997,12.964999999999918,0.47000000000000597,0.28000000000000114,0.19000000000000483,8.06674623714785,15.91975635805598,26.618772886818046,15.891968333092002
2024-07-03 07:56:48,1090.23,1177.36,57.5,85.73,1133.795,2267.59,87.12999999999988,0.07684810739432768,143.23000000000002,28.230000000000004,-23.49000000000001,-5.2000000000000455,-14.3449999999998,18.289999999999964,1.2750086249558448,-43.059999999999945,-41.61999999999989,-42.33999999999969,0.4799999999999969,0.4200000000000017,0.05999999999999517,7.9159044340158875,16.737172849673946,26.416010296787807,18.379290179438296
2024-07-03 07:56:49,1086.32,1190.37,57.98,86.16,1138.3449999999998,2276.6899999999996,104.04999999999995,0.09140462681225404,144.14,28.18,-3.910000000000082,13.009999999999991,4.549999999999727,16.920000000000073,3.7186805013891395,19.579999999999927,18.210000000000036,18.894999999999527,0.4799999999999969,0.4299999999999926,0.05000000000000426,7.897495435704902,16.774285230669562,22.456063323743948,17.60908905934652
2024-07-03 07:56:50,1113.72,1195.57,58.45,86.55,1154.645,2309.29,81.84999999999991,0.07088758876460931,145.0,28.099999999999994,27.40000000000009,5.2000000000000455,16.300000000000182,22.200000000000045,1.3619631066280178,31.310000000000173,-7.809999999999945,11.750000000000455,0.47000000000000597,0.39000000000000057,0.0800000000000054,7.9630689105995245,13.335448248928655,19.584609263398615,15.899278835846545
2024-07-03 07:56:51,1135.89,1202.07,58.93,86.97,1168.98,2337.96,66.17999999999984,0.056613457837932535,145.9,28.04,22.170000000000073,6.5,14.335000000000036,15.670000000000073,1.0931286297085039,-5.230000000000018,1.2999999999999545,-1.9650000000001455,0.4799999999999969,0.4200000000000017,0.05999999999999517,8.012200082164496,13.930966136627058,15.290842030444253,15.846232438658662
2024-07-03 07:56:52,1113.72,1209.87,59.41,87.36,1161.795,2323.59,96.14999999999986,0.0827598672031124,146.76999999999998,27.950000000000003,-22.170000000000073,7.7999999999999545,-7.184999999999945,29.970000000000027,4.171189398581887,-44.340000000000146,1.2999999999999545,-21.519999999999982,0.4799999999999969,0.39000000000000057,0.0899999999999963,7.915752484051562,15.066094218471116,14.44308554291638,13.341628180248437
2024-07-03 07:56:53,1108.5,1217.66,59.89,87.76,1163.08,2326.16,109.16000000000008,0.09385424898213866,147.65,27.870000000000005,-5.220000000000027,7.790000000000191,1.2849999999998545,13.010000000000218,10.124505739685567,16.950000000000045,-0.009999999999763531,8.4699999999998,0.480000000000004,0.4000000000000057,0.0799999999999983,7.877277291721792,11.793568904273476,17.501593356034807,9.664858121048713
2024-07-03 07:56:54,1129.37,1220.26,60.39,88.15,1174.815,2349.63,90.8900000000001,0.07736537235448536,148.54000000000002,27.760000000000005,20.86999999999989,2.599999999999909,11.735000000000127,18.269999999999982,1.5568809921703275,26.089999999999918,-5.190000000000282,10.450000000000273,0.5,0.39000000000000057,0.10999999999999943,7.909081675581784,7.628748750603941,16.069198175391385,9.951830484890772
2024-07-03 07:56:55,1165.87,1222.86,60.9,88.54,1194.3649999999998,2388.7299999999996,56.99000000000001,0.047715731750582344,149.44,27.640000000000008,36.5,2.599999999999909,19.549999999999727,33.90000000000009,1.7340152565721385,15.63000000000011,0.0,7.8149999999996,0.509999999999998,0.39000000000000057,0.11999999999999744,7.992271092128806,13.22028772379158,21.651404804307763,10.760398691498326
2024-07-03 07:56:56,1134.58,1242.35,61.4,88.93,1188.465,2376.93,107.76999999999998,0.0906799947068866,150.33,27.53000000000001,-31.289999999999964,19.49000000000001,-5.899999999999864,50.77999999999997,8.606778202241177,-67.78999999999996,16.8900000000001,-25.44999999999959,0.5,0.39000000000000057,0.10999999999999943,7.905707391035006,14.675592151590749,21.13722356412968,11.533268508969936
2024-07-03 07:56:57,1129.37,1250.15,61.91,89.33,1189.76,2379.52,120.7800000000002,0.10151627210402427,151.24,27.42,-5.210000000000036,7.800000000000182,1.2950000000000728,13.010000000000218,10.046324288552277,26.079999999999927,-11.689999999999827,7.194999999999936,0.509999999999998,0.3999999999999915,0.11000000000000654,7.866701878691471,12.88846994409466,24.836512838963543,10.020513085665717
2024-07-03 07:56:58,1161.96,1244.95,62.41,89.69,1203.455,2406.91,82.99000000000001,0.06895978655707129,152.1,27.28,32.590000000000146,-5.2000000000000455,13.694999999999936,37.79000000000019,2.7594010398393083,37.80000000000018,-13.000000000000227,12.399999999999864,0.5,0.35999999999999943,0.14000000000000057,7.912261617933849,10.403609710087679,24.418365629173493,10.221602736361717
2024-07-03 07:56:59,1188.02,1257.94,62.92,90.09,1222.98,2445.96,69.92000000000007,0.057171826148283894,153.01,27.17,26.059999999999945,12.990000000000009,19.52500000000009,13.069999999999936,0.6693981731422126,-6.5300000000002,18.190000000000055,5.830000000000155,0.5100000000000051,0.4000000000000057,0.10999999999999943,7.992810875153188,14.225807094848102,26.355774509583313,11.440003605768561
2024-07-03 07:57:00,1151.53,1261.83,63.08,90.45,1206.6799999999998,2413.3599999999997,110.29999999999995,0.09140782967198605,153.53,27.370000000000005,-36.49000000000001,3.8899999999998727,-16.300000000000182,40.37999999999988,2.477300461515274,-62.549999999999955,-9.100000000000136,-35.82500000000027,0.1599999999999966,0.35999999999999943,0.20000000000000284,7.859571368074177,14.114128825394392,21.08813813498004,14.496756792469188
2024-07-03 07:57:01,1147.62,1263.13,63.08,90.84,1205.375,2410.75,115.51000000000022,0.0958290987486642,153.92000000000002,27.760000000000005,-3.910000000000082,1.300000000000182,-1.3049999999998363,5.210000000000264,3.99233410549181,32.57999999999993,-2.5899999999996908,14.995000000000346,0.0,0.39000000000000057,0.39000000000000057,7.831178483425295,11.819216873373131,22.206727584225483,13.970138510408612
2024-07-03 07:57:02,1148.92,1269.63,63.39,91.21,1209.275,2418.55,120.71000000000004,0.09982014008408334,154.6,27.819999999999993,1.300000000000182,6.5,3.900000000000091,5.199999999999818,1.3333329914530014,5.210000000000264,5.199999999999818,5.204999999999927,0.3100000000000023,0.36999999999999034,0.05999999999998806,7.821959845912292,7.798349665142423,22.1902890923034,13.92133820794545
2024-07-03 07:57:03,1167.17,1278.72,63.93,91.57,1222.9450000000002,2445.8900000000003,111.54999999999995,0.09121424095833065,155.5,27.639999999999993,18.25,9.089999999999918,13.670000000000073,9.160000000000082,0.6700804191601766,16.949999999999818,2.589999999999918,9.769999999999982,0.5399999999999991,0.35999999999999943,0.17999999999999972,7.864598020163358,8.795525424886618,20.35359354020803,13.916945875442734
2024-07-03 07:57:04,1194.54,1285.21,64.46,91.97,1239.875,2479.75,90.67000000000007,0.07312833949137754,156.43,27.510000000000005,27.36999999999989,6.490000000000009,16.929999999999836,20.87999999999988,1.2333135715703787,9.11999999999989,-2.599999999999909,3.2599999999997635,0.529999999999994,0.4000000000000057,0.12999999999998835,7.926069117649625,14.66102656705279,11.411486318617664,13.219385575736897
2024-07-03 07:57:05,1197.14,1295.59,64.99,92.33,1246.365,2492.73,98.44999999999982,0.07898970199019557,157.32,27.340000000000003,2.6000000000001364,10.379999999999882,6.490000000000009,7.779999999999745,1.1987671496506294,-24.769999999999754,3.8899999999998727,-10.439999999999827,0.5300000000000011,0.35999999999999943,0.1700000000000017,7.9224827871695735,18.125235722600397,12.451342096336418,7.374738639436559
2024-07-03 07:57:06,1169.78,1295.59,65.53,92.7,1232.685,2465.37,125.80999999999995,0.10206175940969361,158.23000000000002,27.17,-27.360000000000127,0.0,-13.680000000000064,27.360000000000127,1.9999998538011803,-29.960000000000264,-10.379999999999882,-20.170000000000073,0.5400000000000063,0.37000000000000455,0.1700000000000017,7.790463200464745,14.590874888087827,14.76935069662841,11.924754504810569
2024-07-03 07:57:07,1193.23,1280.01,66.03,92.81,1236.62,2473.24,86.77999999999997,0.07017515480084813,158.84,26.78,23.450000000000045,-15.579999999999927,3.9349999999999454,39.02999999999997,9.918676005419188,50.81000000000017,-15.579999999999927,17.61500000000001,0.5,0.10999999999999943,0.39000000000000057,7.785318510543196,8.714922260114292,16.035997630331508,11.923618578267256
2024-07-03 07:57:08,1221.89,1263.13,66.57,92.78,1242.5100000000002,2485.0200000000004,41.24000000000001,0.033190879724758045,159.35,26.210000000000008,28.660000000000082,-16.87999999999988,5.890000000000327,45.539999999999964,7.731747413964349,5.210000000000036,-1.2999999999999545,1.955000000000382,0.539999999999992,-0.030000000000001137,0.5699999999999932,7.797364243505717,5.267968536337191,30.545756661114112,11.062389886457622
2024-07-03 07:57:09,1207.56,1295.59,67.07,92.92,1251.5749999999998,2503.1499999999996,88.02999999999997,0.07033537736824769,159.99,25.85000000000001,-14.330000000000155,32.45999999999981,9.0649999999996,46.789999999999964,5.161610020782351,-42.99000000000024,49.33999999999969,3.1749999999992724,0.5,0.14000000000000057,0.35999999999999943,7.8228326281465534,7.528206459697993,30.523623146671124,9.141048216698113
2024-07-03 07:57:10,1189.33,1312.46,67.6,93.26,1250.895,2501.79,123.13000000000011,0.09843352151984505,160.86,25.66000000000001,-18.230000000000018,16.87000000000012,-0.6799999999998363,35.100000000000136,51.617571150643286,-3.8999999999998636,-15.58999999999969,-9.744999999999436,0.5300000000000011,0.3400000000000034,0.18999999999999773,7.776296109807931,8.41283439156141,34.37586318916224,8.886101085402949
2024-07-03 07:57:11,1227.1,1322.84,68.11,93.57,1274.9699999999998,2549.9399999999996,95.74000000000001,0.07509196288925077,161.68,25.459999999999994,37.76999999999998,10.379999999999882,24.074999999999818,27.3900000000001,1.1376946567935888,56.0,-6.4900000000002365,24.754999999999654,0.5100000000000051,0.30999999999998806,0.20000000000001705,7.885761950236503,14.605427672609734,29.48241051881615,9.418257933397104
2024-07-03 07:57:12,1251.83,1321.54,68.64,93.9,1286.685,2573.37,69.71000000000004,0.054177984468476784,162.54000000000002,25.260000000000005,24.730000000000018,-1.2999999999999545,11.715000000000146,26.029999999999973,2.221937497060363,-13.039999999999964,-11.679999999999836,-12.359999999999673,0.5300000000000011,0.3300000000000125,0.19999999999998863,7.916112908108078,18.622346992251767,30.483284763948934,9.122427445586924
2024-07-03 07:57:13,1216.68,1317.65,69.15,94.24,1267.165,2534.33,100.97000000000003,0.07968180933052776,163.39,25.08999999999999,-35.149999999999864,-3.8899999999998727,-19.519999999999982,31.25999999999999,1.6014343441888153,-59.87999999999988,-2.589999999999918,-31.235000000000127,0.5100000000000051,0.3399999999999892,0.17000000000001592,7.7554623431332255,15.37527381869436,19.457126714908345,16.27067968770811
2024-07-03 07:57:14,1220.58,1328.03,69.65,94.55,1274.3049999999998,2548.6099999999997,107.45000000000005,0.08432047266210176,164.2,24.89999999999999,3.8999999999998636,10.379999999999882,7.139999999999873,6.480000000000018,0.9075628981004532,39.04999999999973,14.269999999999754,26.659999999999854,0.5,0.3100000000000023,0.18999999999999773,7.760688137876442,13.147521819712741,19.527365413695712,16.17087404873336
2024-07-03 07:57:15,1258.34,1334.52,70.16,94.88,1296.4299999999998,2592.8599999999997,76.18000000000006,0.05876136771074312,165.04,24.72,37.75999999999999,6.490000000000009,22.125,31.269999999999982,1.4133332694538627,33.86000000000013,-3.8899999999998727,14.985000000000127,0.5099999999999909,0.3299999999999983,0.1799999999999926,7.855247165200877,11.587338672008054,16.282406148969468,17.490606264506635
2024-07-03 07:57:16,1247.92,1337.11,70.66,95.22,1292.5149999999999,2585.0299999999997,89.18999999999983,0.06900500182279883,165.88,24.560000000000002,-10.419999999999845,2.589999999999918,-3.9149999999999636,13.009999999999764,3.3231153708517276,-48.179999999999836,-3.900000000000091,-26.039999999999964,0.5,0.3400000000000034,0.1599999999999966,7.791867568170559,12.348558620333355,15.9665744604157,15.910127827896293
2024-07-03 07:57:17,1232.3,1350.08,71.17,95.53,1291.19,2582.38,117.77999999999997,0.09121817850880333,166.7,24.36,-15.620000000000118,12.970000000000027,-1.324999999999818,28.590000000000146,21.57734220578254,-5.200000000000273,10.38000000000011,2.5900000000001455,0.5100000000000051,0.3100000000000023,0.20000000000000284,7.745590835359384,12.802355935522518,16.144715234404064,15.285200930965845
2024-07-03 07:57:18,1250.53,1350.08,71.67,95.84,1300.3049999999998,2600.6099999999997,99.54999999999995,0.07655896110792544,167.51,24.17,18.230000000000018,0.0,9.114999999999782,18.230000000000018,1.9999997805815333,33.850000000000136,-12.970000000000027,10.4399999999996,0.5,0.3100000000000023,0.18999999999999773,7.762551443122491,9.963800354272465,16.09873752814172,10.259256552011887
2024-07-03 07:57:19,1279.15,1355.27,72.18,96.15,1317.21,2634.42,76.11999999999989,0.057788811155556875,168.33,23.97,28.62000000000012,5.190000000000055,16.9050000000002,23.430000000000064,1.3859803971617501,10.3900000000001,5.190000000000055,7.790000000000418,0.5100000000000051,0.3100000000000023,0.20000000000000284,7.82516480826255,10.50665086979618,17.547616077404903,11.261582038061958
2024-07-03 07:57:20,1253.13,1357.86,72.68,96.46,1305.495,2610.99,104.72999999999979,0.08022244429873522,169.14,23.779999999999987,-26.019999999999982,2.589999999999918,-11.715000000000146,28.6099999999999,2.44216795201294,-54.6400000000001,-2.6000000000001364,-28.620000000000346,0.5,0.30999999999998806,0.19000000000001194,7.718428475118668,10.619501283006963,15.763176393100453,11.255570620808228
2024-07-03 07:57:21,1259.64,1365.64,73.16,96.77,1312.64,2625.28,106.0,0.0807532910160034,169.93,23.61,6.509999999999991,7.7800000000002,7.145000000000209,1.2700000000002092,0.17774665112015686,32.52999999999997,5.190000000000282,18.860000000000355,0.47999999999998977,0.3100000000000023,0.1699999999999875,7.724592433798668,10.244275596633612,15.341640394690497,10.930542072559886
2024-07-03 07:57:22,1264.84,1374.71,73.41,97.07,1319.775,2639.55,109.87000000000012,0.083249038598815,170.48,23.659999999999997,5.199999999999818,9.069999999999936,7.134999999999991,3.8700000000001182,0.5423965602808076,-1.3100000000001728,1.2899999999997362,-0.010000000000218279,0.25,0.29999999999999716,0.04999999999999716,7.7415238870159335,8.107192023122389,13.448644169580806,10.543271313970926
2024-07-03 07:57:23,1263.54,1381.19,73.41,97.41,1322.365,2644.73,117.65000000000009,0.08896938433112696,170.82,24.0,-1.2999999999999545,6.480000000000018,2.589999999999918,7.779999999999973,3.0038598440696425,-6.499999999999773,-2.589999999999918,-4.545000000000073,0.0,0.3400000000000034,0.3400000000000034,7.741277322671366,6.644688292145458,15.781851285574854,10.420639135868914
2024-07-03 07:57:24,1302.56,1360.45,73.67,97.5,1331.505,2663.01,57.8900000000001,0.04347711796540229,171.17000000000002,23.83,39.01999999999998,-20.74000000000001,9.1400000000001,59.75999999999999,6.538292501280836,40.319999999999936,-27.220000000000027,6.550000000000182,0.2600000000000051,0.09000000000000341,0.1700000000000017,7.7788455466562745,9.8622996810974,23.65155639698997,8.493803182320734
2024-07-03 07:57:25,1273.95,1350.08,74.14,97.47,1312.0149999999999,2624.0299999999997,76.12999999999988,0.05802525119146857,171.61,23.33,-28.6099999999999,-10.370000000000118,-19.490000000000236,18.23999999999978,0.9358644979032869,-67.62999999999988,10.36999999999989,-28.630000000000337,0.46999999999999886,-0.030000000000001137,0.5,7.645329481700776,7.990004693351122,25.3832527466438,11.869761686740109
2024-07-03 07:57:26,1268.74,1368.23,74.65,97.58,1318.4850000000001,2636.9700000000003,99.49000000000001,0.07545781705862575,172.23000000000002,22.929999999999993,-5.210000000000036,18.15000000000009,6.470000000000255,23.360000000000127,3.610509488329168,23.399999999999864,28.52000000000021,25.96000000000049,0.5100000000000051,0.10999999999999943,0.4000000000000057,7.655373583839205,7.082162805229228,24.74114144496976,11.790293889467023
2024-07-03 07:57:27,1312.97,1360.45,75.15,97.55,1336.71,2673.42,47.48000000000002,0.03552004545823699,172.7,22.39999999999999,44.23000000000002,-7.779999999999973,18.22499999999991,52.00999999999999,2.8537721342237647,49.440000000000055,-25.930000000000064,11.754999999999654,0.5,-0.030000000000001137,0.5300000000000011,7.740069439837468,9.929306622305996,28.97581784868203,14.024625485195772
2024-07-03 07:57:28,1312.97,1360.45,75.63,97.55,1336.71,2673.42,47.48000000000002,0.03552004545823699,173.18,21.92,0.0,0.0,0.0,0.0,0.0,-44.23000000000002,7.779999999999973,-18.22499999999991,0.47999999999998977,0.0,0.47999999999998977,7.71861642384446,11.245916481095119,22.223195764785924,14.108999078602375
2024-07-03 07:57:29,1279.15,1361.75,76.11,97.61,1320.45,2640.9,82.59999999999991,0.0625544321537699,173.72,21.5,-33.819999999999936,1.2999999999999545,-16.25999999999999,35.11999999999989,2.159901466180716,-33.819999999999936,1.2999999999999545,-16.25999999999999,0.480000000000004,0.060000000000002274,0.4200000000000017,7.601024593592998,11.24640798209672,22.794052513758906,15.762428588260189
2024-07-03 07:57:30,1306.47,1347.49,76.61,97.58,1326.98,2653.96,41.01999999999998,0.030912297072365584,174.19,20.97,27.319999999999936,-14.259999999999991,6.529999999999973,41.57999999999993,6.367533481235317,61.13999999999987,-15.559999999999945,22.789999999999964,0.5,-0.030000000000001137,0.5300000000000011,7.618003285963584,8.663398293958574,25.877868536647284,12.61199607516588
2024-07-03 07:57:31,1333.77,1374.71,77.09,97.66,1354.24,2708.48,40.940000000000055,0.030230978238546397,174.75,20.569999999999993,27.299999999999955,27.220000000000027,27.25999999999999,0.07999999999992724,0.0029347027536766146,-0.01999999999998181,41.48000000000002,20.730000000000018,0.480000000000004,0.0799999999999983,0.4000000000000057,7.749585077255594,12.767606275248195,17.464669478693242,16.78245154916287
2024-07-03 07:57:32,1310.37,1363.05,77.57,97.64,1336.71,2673.42,52.680000000000064,0.03941019365501108,175.20999999999998,20.070000000000007,-23.40000000000009,-11.660000000000082,-17.529999999999973,11.740000000000009,0.6697090319618365,-50.700000000000045,-38.88000000000011,-44.789999999999964,0.47999999999998977,-0.01999999999999602,0.4999999999999858,7.629187788201658,12.767606275248195,17.2893111487994,18.421705947061454
2024-07-03 07:57:33,1311.67,1369.53,78.04,97.66,1340.6,2681.2,57.8599999999999,0.043159779171147335,175.7,19.61999999999999,1.300000000000182,6.480000000000018,3.8899999999998727,5.179999999999836,1.3316191949565066,24.700000000000273,18.1400000000001,21.419999999999845,0.4700000000000131,0.01999999999999602,0.45000000000001705,7.630051180250136,13.01265268881621,17.091255073867426,18.50366639344752
2024-07-03 07:57:34,1341.56,1370.82,78.55,97.69,1356.19,2712.38,29.25999999999999,0.021575148009073095,176.24,19.14,29.889999999999873,1.2899999999999636,15.590000000000146,28.59999999999991,1.8345091831616716,28.58999999999969,-5.190000000000055,11.700000000000273,0.5099999999999909,0.030000000000001137,0.47999999999998977,7.695131595011737,12.270518733930851,11.206405311249497,16.55113349592711
2024-07-03 07:57:35,1340.26,1355.27,79.03,97.66,1347.7649999999999,2695.5299999999997,15.009999999999991,0.011136956360243096,176.69,18.629999999999995,-1.2999999999999545,-15.549999999999955,-8.425000000000182,14.25,1.6913944579946867,-31.189999999999827,-16.839999999999918,-24.015000000000327,0.480000000000004,-0.030000000000001137,0.5100000000000051,7.627850995371266,8.429887603031508,17.441909299156478,17.980309229821426
2024-07-03 07:57:36,1319.47,1376.01,79.5,97.75,1347.74,2695.48,56.539999999999964,0.041951711723365225,177.25,18.25,-20.789999999999964,20.74000000000001,-0.024999999999863576,41.52999999999997,1661.133554666877,-19.49000000000001,36.289999999999964,8.400000000000318,0.46999999999999886,0.09000000000000341,0.37999999999999545,7.603610676425328,7.504082555499063,19.15343833362566,12.530087290198795
2024-07-03 07:57:37,1335.06,1363.05,79.98,97.72,1349.0549999999998,2698.1099999999997,27.99000000000001,0.020747856817736974,177.7,17.739999999999995,15.589999999999918,-12.960000000000036,1.3149999999998272,28.549999999999955,21.711010105698556,36.37999999999988,-33.700000000000045,1.3399999999996908,0.480000000000004,-0.030000000000001137,0.5100000000000051,7.591755725426248,5.538669740988747,18.98056822120983,8.666182406342587
2024-07-03 07:57:38,1376.64,1385.08,80.43,97.75,1380.8600000000001,2761.7200000000003,8.439999999999827,0.006112133014127205,178.18,17.319999999999993,41.580000000000155,22.029999999999973,31.80500000000029,19.550000000000182,0.6146832065812544,25.990000000000236,34.99000000000001,30.490000000000464,0.45000000000000284,0.030000000000001137,0.4200000000000017,7.74980352592994,14.15815251011736,18.479241596992107,15.836217035643505
2024-07-03 07:57:39,1335.06,1359.16,80.91,97.72,1347.1100000000001,2694.2200000000003,24.100000000000136,0.017890150011587756,178.63,16.810000000000002,-41.580000000000155,-25.919999999999845,-33.75,15.66000000000031,0.46399998625186145,-83.16000000000031,-47.94999999999982,-65.55500000000029,0.47999999999998977,-0.030000000000001137,0.5099999999999909,7.541342397462116,14.749299729130946,18.496824862662326,23.48851698170843
2024-07-03 07:57:40,1337.66,1361.75,81.38,97.69,1349.705,2699.41,24.089999999999918,0.017848344625048862,179.07,16.310000000000002,2.6000000000001364,2.589999999999918,2.5949999999998,0.010000000000218279,0.003853563062295178,44.18000000000029,28.509999999999764,36.3449999999998,0.46999999999999886,-0.030000000000001137,0.5,7.5373038055659585,14.551831242140684,17.516808213827176,23.22892421099187
2024-07-03 07:57:41,1377.94,1372.12,81.86,97.72,1375.03,2750.06,5.820000000000164,0.00423263492125083,179.57999999999998,15.86,40.27999999999997,10.36999999999989,25.325000000000045,29.910000000000082,1.181046350205476,37.679999999999836,7.779999999999973,22.730000000000246,0.480000000000004,0.030000000000001137,0.45000000000000284,7.656921663565422,16.219996377920147,10.17110465977038,25.74631323121827
2024-07-03 07:57:42,1371.44,1353.97,82.31,97.69,1362.705,2725.41,17.470000000000027,0.012820089445022905,180.0,15.379999999999995,-6.5,-18.149999999999864,-12.325000000000045,11.649999999999864,0.9452331890277187,-46.77999999999997,-28.519999999999754,-37.65000000000009,0.45000000000000284,-0.030000000000001137,0.480000000000004,7.570583291274537,14.94157814622479,8.573268338271168,26.987734714125327
2024-07-03 07:57:43,1342.86,1378.6,82.79,97.72,1360.73,2721.46,35.74000000000001,0.02626531345214311,180.51,14.929999999999993,-28.580000000000155,24.62999999999988,-1.974999999999909,53.210000000000036,26.94175851050328,-22.080000000000155,42.779999999999745,10.350000000000136,0.480000000000004,0.030000000000001137,0.45000000000000284,7.538252686619841,11.196364030333227,10.93541631580624,21.574956662760652
2024-07-03 07:57:44,1348.06,1365.64,83.04,97.69,1356.85,2713.7,17.580000000000155,0.012956480072995302,180.73000000000002,14.649999999999991,5.2000000000000455,-12.959999999999809,-3.880000000000109,18.159999999999854,4.680411164842314,33.7800000000002,-37.58999999999969,-1.9050000000002,0.25,-0.030000000000001137,0.28000000000000114,7.5076079925435275,9.28197540934804,10.928259239238475,14.141930384498467
2024-07-03 07:57:45,1354.56,1382.49,83.04,97.78,1368.525,2737.05,27.930000000000064,0.020408834314017812,180.82,14.739999999999995,6.5,16.84999999999991,11.675000000000182,10.349999999999909,0.8865095600419861,1.2999999999999545,29.809999999999718,15.555000000000291,0.0,0.09000000000000341,0.09000000000000341,7.568438184003772,7.118283325334988,11.399998684210507,14.812861134838258
2024-07-03 07:57:46,1379.24,1365.64,83.27,97.75,1372.44,2744.88,13.599999999999909,0.009909358507541714,181.01999999999998,14.480000000000004,24.680000000000064,-16.84999999999991,3.9149999999999636,41.52999999999997,10.607915553533793,18.180000000000064,-33.69999999999982,-7.760000000000218,0.22999999999998977,-0.030000000000001137,0.2599999999999909,7.581703637268239,6.222723479292864,9.130899736608798,8.960355461699129
2024-07-03 07:57:47,1357.16,1357.86,83.41,97.72,1357.51,2715.02,0.6999999999998181,0.0005156499764157671,181.13,14.310000000000002,-22.079999999999927,-7.7800000000002,-14.930000000000064,14.299999999999727,0.957803016891939,-46.75999999999999,9.069999999999709,-18.845000000000027,0.14000000000000057,-0.030000000000001137,0.1700000000000017,7.494672293409859,6.937797200822658,13.471993171019824,9.850065608918634
2024-07-03 07:57:48,1357.16,1374.71,83.41,97.75,1365.935,2731.87,17.549999999999955,0.01284834196879911,181.16,14.340000000000003,0.0,16.850000000000136,8.424999999999955,16.850000000000136,1.9999997626113313,22.079999999999927,24.630000000000337,23.355000000000018,0.0,0.030000000000001137,0.030000000000001137,7.53993703058105,6.862552914167055,9.819367087547178,10.667173594725153
2024-07-03 07:57:49,1358.45,1361.75,83.6,97.72,1360.1,2720.2,3.2999999999999545,0.0024262921826142653,181.32,14.120000000000005,1.2899999999999636,-12.960000000000036,-5.835000000000036,14.25,2.442158964497163,1.2899999999999636,-29.810000000000173,-14.259999999999991,0.18999999999999773,-0.030000000000001137,0.21999999999999886,7.501102980911631,6.097448851752905,11.052263569061525,10.925350108806645
2024-07-03 07:57:50,1359.75,1378.6,83.6,97.8,1369.175,2738.35,18.84999999999991,0.01376741467396972,181.39999999999998,14.200000000000003,1.2999999999999545,16.84999999999991,9.075000000000045,15.549999999999955,1.7134984337742638,0.009999999999990905,29.809999999999945,14.910000000000082,0.0,0.0799999999999983,0.0799999999999983,7.547822450122259,6.200069152819374,8.313618345822926,10.3142025867248
2024-07-03 07:57:51,1372.74,1360.45,83.74,97.78,1366.595,2733.19,12.289999999999964,0.00899315451249771,181.51999999999998,14.040000000000006,12.990000000000009,-18.149999999999864,-2.5799999999999272,31.139999999999873,12.069762763658133,11.690000000000055,-34.99999999999977,-11.654999999999973,0.14000000000000057,-0.01999999999999602,0.1599999999999966,7.528619394399409,4.860430279280078,8.223470678491143,10.125610722321913
2024-07-03 07:57:52,1361.05,1377.31,83.74,97.83,1369.1799999999998,2738.3599999999997,16.25999999999999,0.011875721225933968,181.57,14.090000000000003,-11.690000000000055,16.8599999999999,2.584999999999809,28.549999999999955,11.044483154939616,-24.680000000000064,35.00999999999976,5.164999999999736,0.0,0.04999999999999716,0.04999999999999716,7.540783127494723,3.713732287031597,6.2855827096620756,6.585672327105258
2024-07-03 07:57:53,1351.96,1368.23,83.77,97.8,1360.095,2720.19,16.269999999999982,0.011962399676520817,181.57,14.030000000000001,-9.089999999999918,-9.079999999999927,-9.084999999999809,0.009999999999990905,0.001100715343893866,2.6000000000001364,-25.939999999999827,-11.669999999999618,0.030000000000001137,-0.030000000000001137,0.060000000000002274,7.490747328904845,4.623631419105713,6.110665266564917,7.166895771531713
2024-07-03 07:57:54,1359.75,1368.23,83.88,97.8,1363.99,2727.98,8.480000000000018,0.006217054372673526,181.68,13.920000000000002,7.789999999999964,0.0,3.894999999999982,7.789999999999964,1.9999994865213127,16.87999999999988,9.079999999999927,12.97999999999979,0.10999999999999943,0.0,0.10999999999999943,7.507650773295626,3.849348321435831,4.069797292249655,6.89884193180268
2024-07-03 07:57:55,1361.05,1372.12,83.88,97.83,1366.585,2733.17,11.069999999999936,0.008100484047387797,181.70999999999998,13.950000000000003,1.2999999999999545,3.8899999999998727,2.5950000000000273,2.589999999999918,0.9980728331125464,-6.490000000000009,3.8899999999998727,-1.2999999999999545,0.0,0.030000000000001137,0.030000000000001137,7.520692270537164,3.4347550858454707,3.3874961254594727,5.395351703086539
2024-07-03 07:57:56,1364.95,1360.45,83.99,97.8,1362.7,2725.4,4.5,0.0033022675546325177,181.79,13.810000000000002,3.900000000000091,-11.669999999999845,-3.884999999999991,15.569999999999936,4.00772097613359,2.6000000000001364,-15.559999999999718,-6.480000000000018,0.10999999999999943,-0.030000000000001137,0.14000000000000057,7.496011840607229,3.505468941488673,5.087890525552114,5.549403571556035
2024-07-03 07:57:57,1362.35,1378.6,83.99,97.83,1370.475,2740.95,16.25,0.011857202785999596,181.82,13.840000000000003,-2.6000000000001364,18.149999999999864,7.774999999999864,20.75,2.6688099461338157,-6.500000000000227,29.81999999999971,11.659999999999854,0.0,0.030000000000001137,0.030000000000001137,7.537537083172714,3.9556974732329704,5.085462614158419,6.701692323585035
2024-07-03 07:57:58,1362.35,1365.64,84.08,97.8,1363.995,2727.99,3.290000000000191,0.002412032300402977,181.88,13.719999999999999,0.0,-12.959999999999809,-6.480000000000018,12.959999999999809,1.9999996913580371,2.6000000000001364,-31.109999999999673,-14.254999999999882,0.09000000000000341,-0.030000000000001137,0.12000000000000455,7.499422655050458,3.094388873387031,5.233886701104887,5.839462732135516
2024-07-03 07:57:59,1362.35,1382.49,84.08,97.86,1372.42,2744.84,20.1400000000001,0.01467480799268831,181.94,13.780000000000001,0.0,16.84999999999991,8.425000000000182,16.84999999999991,1.9999997626112505,0.0,29.809999999999718,14.9050000000002,0.0,0.060000000000002274,0.060000000000002274,7.543255977007497,4.149341815245033,7.293637638380643,6.727479468567726
2024-07-03 07:58:00,1367.55,1368.23,84.19,97.83,1367.8899999999999,2735.7799999999997,0.6800000000000637,0.000497115995805911,182.01999999999998,13.64,5.2000000000000455,-14.259999999999991,-4.5300000000002,19.460000000000036,4.2958047912128885,5.2000000000000455,-31.1099999999999,-12.955000000000382,0.10999999999999943,-0.030000000000001137,0.14000000000000057,7.515053249560196,4.139265333334031,8.641971418605996,7.223142840896943
2024-07-03 07:58:01,1364.95,1374.71,84.19,97.86,1369.83,2739.66,9.759999999999991,0.007124971706616893,182.05,13.670000000000002,-2.599999999999909,6.480000000000018,1.9400000000000546,9.079999999999927,4.680409958551399,-7.7999999999999545,20.74000000000001,6.470000000000255,0.0,0.030000000000001137,0.030000000000001137,7.524471257761761,3.194238172043623,8.273803841039662,6.847239772346293
2024-07-03 07:58:02,1377.94,1372.12,84.28,97.86,1375.03,2750.06,5.820000000000164,0.00423263492125083,182.14,13.579999999999998,12.990000000000009,-2.5900000000001455,5.2000000000000455,15.580000000000155,2.9961532699705287,15.589999999999918,-9.070000000000164,3.259999999999991,0.09000000000000341,0.0,0.09000000000000341,7.549302692712734,4.229624096741981,7.598961771189732,6.327438660311252
2024-07-03 07:58:03,1366.25,1361.75,84.3,97.83,1364.0,2728.0,4.5,0.0032991202321853955,182.13,13.530000000000001,-11.690000000000055,-10.36999999999989,-11.029999999999973,1.3200000000001637,0.11967360655725844,-24.680000000000064,-7.779999999999745,-16.230000000000018,0.01999999999999602,-0.030000000000001137,0.04999999999999716,7.489156056173305,4.227899005385537,7.431352501395919,7.8097058203239165
2024-07-03 07:58:04,1364.95,1372.12,84.3,97.89,1368.5349999999999,2737.0699999999997,7.169999999999845,0.005239179118371592,182.19,13.590000000000003,-1.2999999999999545,10.36999999999989,4.5349999999998545,11.669999999999845,2.573318065420541,10.3900000000001,20.73999999999978,15.564999999999827,0.0,0.060000000000002274,0.060000000000002274,7.511581274978971,3.983775847075234,3.362823218666585,6.901684214740636
2024-07-03 07:58:05,1361.05,1365.64,84.39,97.86,1363.345,2726.69,4.5900000000001455,0.0033667193532329865,182.25,13.469999999999999,-3.900000000000091,-6.479999999999791,-5.189999999999827,2.5799999999997,0.49710973080733234,-2.6000000000001364,-16.84999999999968,-9.724999999999682,0.09000000000000341,-0.030000000000001137,0.12000000000000455,7.480630960325756,4.759609490256542,2.1851704738997073,6.99706045421928
2024-07-03 07:58:06,1367.55,1379.9,84.39,97.92,1373.725,2747.45,12.350000000000136,0.00899015450036214,182.31,13.530000000000001,6.5,14.259999999999991,10.379999999999882,7.759999999999991,0.7475914501357062,10.400000000000091,20.73999999999978,15.569999999999709,0.0,0.060000000000002274,0.060000000000002274,7.535104999533185,5.381801046094113,3.2417942562728115,8.673428099661553
2024-07-03 07:58:07,1367.55,1368.23,84.44,97.89,1367.8899999999999,2735.7799999999997,0.6800000000000637,0.000497115995805911,182.32999999999998,13.450000000000003,0.0,-11.670000000000073,-5.835000000000036,11.670000000000073,1.999999657240847,-6.5,-25.930000000000064,-16.214999999999918,0.04999999999999716,-0.030000000000001137,0.0799999999999983,7.502276051652081,4.167972228763069,4.304970383173784,8.671201329688897
2024-07-03 07:58:08,1367.55,1391.56,84.44,97.92,1379.5549999999998,2759.1099999999997,24.00999999999999,0.017404162923983335,182.36,13.480000000000004,0.0,23.329999999999927,11.664999999999964,23.329999999999927,1.99999982854695,0.0,35.0,17.5,0.0,0.030000000000001137,0.030000000000001137,7.565008732369988,6.208874696733676,9.02294297887351,8.321276494625016
2024-07-03 07:58:09,1368.85,1372.12,84.53,97.89,1370.485,2740.97,3.269999999999982,0.0023860166274085196,182.42000000000002,13.36,1.2999999999999545,-19.440000000000055,-9.069999999999936,20.74000000000001,2.2866590643154456,1.2999999999999545,-42.76999999999998,-20.7349999999999,0.09000000000000341,-0.030000000000001137,0.12000000000000455,7.5128000903804395,6.106349154751932,9.460761068751436,9.827313340888168
2024-07-03 07:58:10,1361.05,1355.27,84.53,97.86,1358.1599999999999,2716.3199999999997,5.779999999999973,0.004255757786817617,182.39,13.329999999999998,-7.7999999999999545,-16.84999999999991,-12.325000000000045,9.049999999999955,0.7342798592876318,-9.099999999999909,2.5900000000001455,-3.255000000000109,0.0,-0.030000000000001137,0.030000000000001137,7.446460839703597,7.906322311905832,9.336871531728555,11.254527200198114
2024-07-03 07:58:11,1370.15,1374.71,84.58,97.92,1372.43,2744.86,4.559999999999945,0.0033225738264810382,182.5,13.340000000000003,9.100000000000136,19.440000000000055,14.27000000000021,10.339999999999918,0.7245970059847765,16.90000000000009,36.289999999999964,26.595000000000255,0.04999999999999716,0.060000000000002274,0.010000000000005116,7.520164342355264,7.772351156486697,9.333533628803355,12.324644721045772
2024-07-03 07:58:12,1368.85,1361.75,84.58,97.89,1365.3,2730.6,7.099999999999909,0.005200322269684016,182.47,13.310000000000002,-1.300000000000182,-12.960000000000036,-7.130000000000109,11.659999999999854,1.6353433891523543,-10.400000000000318,-32.40000000000009,-21.40000000000032,0.0,-0.030000000000001137,0.030000000000001137,7.482325820779713,8.006259582335563,8.541213614001434,12.483698670666545
2024-07-03 07:58:13,1368.85,1382.49,84.64,97.92,1375.67,2751.34,13.6400000000001,0.009915168601543197,182.56,13.280000000000001,0.0,20.74000000000001,10.370000000000118,20.74000000000001,1.999999807135966,1.300000000000182,33.700000000000045,17.500000000000227,0.060000000000002274,0.030000000000001137,0.030000000000001137,7.535440361878614,6.853980959977989,4.042585806139896,12.17742357808098
2024-07-03 07:58:14,1366.25,1368.23,84.64,97.89,1367.24,2734.48,1.9800000000000182,0.0014481729605276652,182.53,13.25,-2.599999999999909,-14.259999999999991,-8.430000000000064,11.660000000000082,1.3831552333149184,-2.599999999999909,-35.0,-18.800000000000182,0.0,-0.030000000000001137,0.030000000000001137,7.49049467216077,6.7612683721134035,4.358591515616448,12.071363013347046
2024-07-03 07:58:15,1364.95,1383.79,84.67,97.94,1374.37,2748.74,18.839999999999918,0.013708098973560118,182.61,13.269999999999996,-1.2999999999999545,15.559999999999945,7.129999999999882,16.8599999999999,2.3646560498378864,1.2999999999999545,29.819999999999936,15.559999999999945,0.030000000000001137,0.04999999999999716,0.01999999999999602,7.5262581045602195,4.523225618929466,6.904859158592822,10.384551988410589
2024-07-03 07:58:16,1367.55,1370.82,84.67,97.92,1369.185,2738.37,3.269999999999982,0.00238828207847128,182.59,13.25,2.599999999999909,-12.970000000000027,-5.184999999999945,15.569999999999936,3.002892381312964,3.8999999999998636,-28.529999999999973,-12.314999999999827,0.0,-0.01999999999999602,0.01999999999999602,7.498685538645678,4.499849441896898,7.142701169725855,8.732894995360969
2024-07-03 07:58:17,1372.74,1360.45,84.7,97.89,1366.595,2733.19,12.289999999999964,0.00899315451249771,182.59,13.189999999999998,5.190000000000055,-10.36999999999989,-2.589999999999918,15.559999999999945,6.007719688139285,2.5900000000001455,2.6000000000001364,2.5950000000000273,0.030000000000001137,-0.030000000000001137,0.060000000000002274,7.484500753138175,4.160797099083253,7.180747175608044,8.103943792993643
2024-07-03 07:58:18,1359.75,1366.94,84.7,97.92,1363.345,2726.69,7.190000000000055,0.005273793496676381,182.62,13.219999999999999,-12.990000000000009,6.490000000000009,-3.25,19.480000000000018,5.993844309586372,-18.180000000000064,16.8599999999999,-0.6600000000000819,0.0,0.030000000000001137,0.030000000000001137,7.465474715444778,4.064902520324431,6.939562666335875,5.823991328977021
2024-07-03 07:58:19,1358.45,1361.75,84.75,97.89,1360.1,2720.2,3.2999999999999545,0.0024262921826142653,182.64,13.14,-1.2999999999999545,-5.190000000000055,-3.2450000000001182,3.8900000000001,1.19876696494083,11.690000000000055,-11.680000000000064,0.004999999999881766,0.04999999999999716,-0.030000000000001137,0.0799999999999983,7.4468900161690215,5.473330110612788,6.637888971653779,4.881747381829527
2024-07-03 07:58:20,1366.25,1381.19,84.75,97.97,1373.72,2747.44,14.940000000000055,0.010875578712637564,182.72,13.219999999999999,7.7999999999999545,19.440000000000055,13.620000000000118,11.6400000000001,0.8546254879129598,9.099999999999909,24.63000000000011,16.865000000000236,0.0,0.0799999999999983,0.0799999999999983,7.518169836262206,5.249311145259055,5.279457358479513,7.7476569038645975
2024-07-03 07:58:21,1394.82,1364.34,84.75,97.94,1379.58,2759.16,30.480000000000018,0.022093680669411225,182.69,13.189999999999998,28.569999999999936,-16.850000000000136,5.8599999999999,45.42000000000007,7.750851919649987,20.769999999999982,-36.29000000000019,-7.760000000000218,0.0,-0.030000000000001137,0.030000000000001137,7.551480608946956,7.915755333494063,10.435710325608085,7.517203934974802
2024-07-03 07:58:22,1368.85,1385.08,84.84,97.97,1376.965,2753.93,16.230000000000018,0.011786791957829884,182.81,13.129999999999995,-25.970000000000027,20.74000000000001,-2.615000000000009,46.710000000000036,17.862325865267305,-54.539999999999964,37.590000000000146,-8.474999999999909,0.09000000000000341,0.030000000000001137,0.060000000000002274,7.532219202821403,8.56843378335496,10.457020130037195,7.521093171873411
2024-07-03 07:58:23,1367.55,1370.82,84.84,97.94,1369.185,2738.37,3.269999999999982,0.00238828207847128,182.78,13.099999999999994,-1.2999999999999545,-14.259999999999991,-7.779999999999973,12.960000000000036,1.665809554523204,24.670000000000073,-35.0,-5.164999999999964,0.0,-0.030000000000001137,0.030000000000001137,7.490890647276011,7.657671806739842,11.252067809962908,8.528181664340922
2024-07-03 07:58:24,1370.15,1368.23,84.86,97.94,1369.19,2738.38,1.9200000000000728,0.0014022889435343405,182.8,13.079999999999998,2.6000000000001364,-2.589999999999918,0.005000000000109139,5.190000000000055,1037.7924414890604,3.900000000000091,11.670000000000073,7.785000000000082,0.01999999999999602,0.0,0.01999999999999602,7.490098427297054,4.635634530432371,11.581332824852364,8.22625415970114
2024-07-03 07:58:25,1371.44,1376.01,84.86,97.97,1373.725,2747.45,4.569999999999936,0.0033267211390003203,182.82999999999998,13.11,1.2899999999999636,7.779999999999973,4.5349999999998545,6.490000000000009,1.4310911949082739,-1.3100000000001728,10.36999999999989,4.529999999999745,0.0,0.030000000000001137,0.030000000000001137,7.513673863623728,4.635632912530602,12.144292074880415,5.528844137792211
2024-07-03 07:58:26,1372.74,1363.05,84.92,97.94,1367.895,2735.79,9.690000000000055,0.0070838770467880775,182.86,13.019999999999996,1.2999999999999545,-12.960000000000036,-5.829999999999927,14.259999999999991,2.445968705665774,0.009999999999990905,-20.74000000000001,-10.364999999999782,0.060000000000002274,-0.030000000000001137,0.09000000000000341,7.480558856608559,3.8226260606731683,5.872834068829411,4.863484604684117
2024-07-03 07:58:27,1370.15,1379.9,84.92,97.97,1375.025,2750.05,9.75,0.007090780162476477,182.89,13.049999999999997,-2.589999999999918,16.850000000000136,7.130000000000109,19.440000000000055,2.7265073314856134,-3.8899999999998727,29.810000000000173,12.960000000000036,0.0,0.030000000000001137,0.030000000000001137,7.518316980051852,3.155848538782895,3.663836786758307,6.425879900838466
2024-07-03 07:58:28,1371.44,1364.34,85.01,97.94,1367.8899999999999,2735.7799999999997,7.100000000000136,0.005190475838561332,182.95,12.929999999999993,1.2899999999999636,-15.560000000000173,-7.135000000000218,16.850000000000136,2.361597426545507,3.8799999999998818,-32.41000000000031,-14.265000000000327,0.09000000000000341,-0.030000000000001137,0.12000000000000455,7.476851557929207,3.3871208274489373,3.3817051911725504,6.244294796051883
2024-07-03 07:58:29,1372.74,1382.49,85.01,98.0,1377.615,2755.23,9.75,0.007077449064450191,183.01,12.989999999999995,1.2999999999999545,18.15000000000009,9.725000000000136,16.850000000000136,1.7326476367457342,0.009999999999990905,33.710000000000264,16.860000000000355,0.0,0.060000000000002274,0.060000000000002274,7.527539437585163,4.372444968177183,2.3134433211132173,7.692199782897045
2024-07-03 07:58:30,1372.74,1370.82,85.03,97.97,1371.78,2743.56,1.9200000000000728,0.001399641340885879,183.0,12.939999999999998,0.0,-11.670000000000073,-5.835000000000036,11.670000000000073,1.999999657240847,-1.2999999999999545,-29.820000000000164,-15.560000000000173,0.01999999999999602,-0.030000000000001137,0.04999999999999716,7.496065532808385,4.3145674753951955,3.3954631495575263,8.117885654528632
2024-07-03 07:58:31,1368.85,1386.38,85.03,98.0,1377.615,2755.23,17.5300000000002,0.01272489047177572,183.03,12.969999999999999,-3.8900000000001,15.560000000000173,5.835000000000036,19.450000000000273,3.3333327620681046,-3.8900000000001,27.230000000000246,11.670000000000073,0.0,0.030000000000001137,0.030000000000001137,7.52671689052769,4.166726832867555,5.643620291976031,7.8345312559209335
2024-07-03 07:58:32,1372.74,1370.82,85.06,97.97,1371.78,2743.56,1.9200000000000728,0.001399641340885879,183.03,12.909999999999997,3.8900000000001,-15.560000000000173,-5.835000000000036,19.450000000000273,3.3333327620681046,7.7800000000002,-31.120000000000346,-11.670000000000073,0.030000000000001137,-0.030000000000001137,0.060000000000002274,7.4948368710329625,4.2166595190670035,6.480596423170003,7.834531255920913
2024-07-03 07:58:33,1367.55,1360.45,85.06,97.94,1364.0,2728.0,7.099999999999909,0.005205278588559113,183.0,12.879999999999995,-5.190000000000055,-10.36999999999989,-7.779999999999973,5.179999999999836,0.6658096830578626,-9.080000000000155,5.190000000000282,-1.9449999999999363,0.0,-0.030000000000001137,0.030000000000001137,7.453551871838514,5.603490653132021,6.480596423170009,7.972127695916625
2024-07-03 07:58:34,1368.85,1379.9,85.12,97.97,1374.375,2748.75,11.050000000000182,0.008040018184236589,183.09,12.849999999999994,1.2999999999999545,19.450000000000045,10.375,18.15000000000009,1.7493974217448358,6.490000000000009,29.819999999999936,18.154999999999973,0.060000000000002274,0.030000000000001137,0.030000000000001137,7.506554112695646,5.030535508247393,6.610977991190421,8.188577104723397
2024-07-03 07:58:35,1371.44,1364.34,85.12,97.94,1367.8899999999999,2735.7799999999997,7.100000000000136,0.005190475838561332,183.06,12.819999999999993,2.5900000000001455,-15.560000000000173,-6.485000000000127,18.15000000000032,2.798765952387665,1.290000000000191,-35.01000000000022,-16.860000000000127,0.0,-0.030000000000001137,0.030000000000001137,7.472358748648755,5.346546315121401,5.794216944506305,8.295967092509496
2024-07-03 07:58:36,1372.74,1382.49,85.15,97.97,1377.615,2755.23,9.75,0.007077449064450191,183.12,12.819999999999993,1.2999999999999545,18.15000000000009,9.725000000000136,16.850000000000136,1.7326476367457342,-1.290000000000191,33.710000000000264,16.210000000000264,0.030000000000001137,0.030000000000001137,0.0,7.523017652233412,5.346546315121401,3.5019323237326345,9.20389998859185
2024-07-03 07:58:37,1374.04,1363.05,85.15,97.94,1368.545,2737.09,10.990000000000009,0.008030426468964909,183.09,12.789999999999992,1.2999999999999545,-19.440000000000055,-9.069999999999936,20.74000000000001,2.2866590643154456,0.0,-37.590000000000146,-18.795000000000073,0.0,-0.030000000000001137,0.030000000000001137,7.47471184950182,5.443387042985118,1.9842555279004102,9.81034823540942
2024-07-03 07:58:38,1376.64,1387.67,85.17,97.94,1382.1550000000002,2764.3100000000004,11.029999999999973,0.007980291640242722,183.11,12.769999999999996,2.6000000000001364,24.62000000000012,13.610000000000127,22.019999999999982,1.617927875244078,1.300000000000182,44.06000000000017,22.680000000000064,0.01999999999999602,0.0,0.01999999999999602,7.548222338767832,6.056705375015148,1.704018779240137,10.557552628332067
2024-07-03 07:58:39,1372.74,1374.71,85.17,97.94,1373.725,2747.45,1.9700000000000273,0.0014340570336610094,183.11,12.769999999999996,-3.900000000000091,-12.960000000000036,-8.430000000000291,9.059999999999945,1.074732968596283,-6.500000000000227,-37.580000000000155,-22.04000000000042,0.0,0.0,0.0,7.502184438303836,6.05673220472372,3.814881387409455,10.898489000774505
2024-07-03 07:58:40,1374.04,1361.75,85.2,97.92,1367.895,2735.79,12.289999999999964,0.00898460773013671,183.12,12.719999999999999,1.2999999999999545,-12.960000000000036,-5.829999999999927,14.259999999999991,2.445968705665774,5.2000000000000455,0.0,2.600000000000364,0.030000000000001137,-0.01999999999999602,0.04999999999999716,7.469937704947915,6.055474382716604,4.143558856828636,10.806553798505899
2024-07-03 07:58:41,1374.04,1376.01,85.2,97.94,1375.025,2750.05,1.9700000000000273,0.0014327012225721903,183.14,12.739999999999995,0.0,14.259999999999991,7.130000000000109,14.259999999999991,1.9999997194950985,-1.2999999999999545,27.220000000000027,12.960000000000036,0.0,0.01999999999999602,0.01999999999999602,7.508053906803245,5.771666137237777,5.211391368915122,10.271880061605179
2024-07-03 07:58:42,1372.74,1364.34,85.23,97.92,1368.54,2737.08,8.400000000000091,0.006137928006387948,183.15,12.689999999999998,-1.2999999999999545,-11.670000000000073,-6.485000000000127,10.370000000000118,1.5990745413917307,-1.2999999999999545,-25.930000000000064,-13.615000000000236,0.030000000000001137,-0.01999999999999602,0.04999999999999716,7.472235831437423,5.77273288830668,4.9167997722098775,9.78746673046722
2024-07-03 07:58:43,1376.64,1376.01,85.23,97.97,1376.325,2752.65,0.6300000000001091,0.00045774072224392373,183.2,12.739999999999995,3.900000000000091,11.670000000000073,7.785000000000082,7.769999999999982,0.9980730895217483,5.2000000000000455,23.340000000000146,14.27000000000021,0.0,0.04999999999999716,0.04999999999999716,7.512691007026796,3.84702742383478,5.053446348780519,7.933384681206505
2024-07-03 07:58:44,1362.35,1368.23,85.23,97.94,1365.29,2730.58,5.880000000000109,0.004306777311555297,183.17000000000002,12.709999999999994,-14.290000000000191,-7.779999999999973,-11.035000000000082,6.510000000000218,0.5899410430502154,-18.190000000000282,-19.450000000000045,-18.820000000000164,0.0,-0.030000000000001137,0.030000000000001137,7.453676871465431,4.798745929900625,4.750750467031822,8.588198734309854
2024-07-03 07:58:45,1372.74,1385.08,85.26,98.0,1378.9099999999999,2757.8199999999997,12.339999999999918,0.008949097469052238,183.26,12.739999999999995,10.3900000000001,16.84999999999991,13.61999999999989,6.459999999999809,0.4743024615049486,24.68000000000029,24.62999999999988,24.654999999999973,0.030000000000001137,0.060000000000002274,0.030000000000001137,7.524336966472023,5.684505915181726,4.76775943185087,10.446386097593798
2024-07-03 07:58:46,1375.34,1370.82,85.26,97.97,1373.08,2746.16,4.519999999999982,0.0032918693715647393,183.23000000000002,12.709999999999994,2.599999999999909,-14.259999999999991,-5.829999999999927,16.8599999999999,2.8919377543846236,-7.790000000000191,-31.1099999999999,-19.449999999999818,0.0,-0.030000000000001137,0.030000000000001137,7.493750982405986,5.5609266313930155,4.36951713579463,10.52579415056176
2024-07-03 07:58:47,1367.55,1370.82,85.29,97.94,1369.185,2738.37,3.269999999999982,0.00238828207847128,183.23000000000002,12.649999999999991,-7.789999999999964,0.0,-3.894999999999982,7.789999999999964,1.9999994865213127,-10.389999999999873,14.259999999999991,1.9349999999999454,0.030000000000001137,-0.030000000000001137,0.060000000000002274,7.472493546512614,5.454622580869914,4.371277845207619,10.209781706775114
2024-07-03 07:58:48,1374.04,1374.71,85.29,98.0,1374.375,2748.75,0.6700000000000728,0.00048749431524334943,183.29000000000002,12.709999999999994,6.490000000000009,3.8900000000001,5.190000000000055,2.599999999999909,0.5009632946120591,14.279999999999973,3.8900000000001,9.085000000000036,0.0,0.060000000000002274,0.060000000000002274,7.498363208585502,5.180789756372651,4.36055386390342,9.780224307243651
2024-07-03 07:58:49,1370.15,1360.45,85.34,97.97,1365.3000000000002,2730.6000000000004,9.700000000000045,0.0071046656360472995,183.31,12.629999999999995,-3.8899999999998727,-14.259999999999991,-9.074999999999818,10.370000000000118,1.1426995986006312,-10.379999999999882,-18.15000000000009,-14.264999999999873,0.04999999999999716,-0.030000000000001137,0.0799999999999983,7.4480388006762395,5.1774716319585306,4.792906216483176,9.273025800675759
2024-07-03 07:58:50,1377.94,1372.12,85.34,98.03,1375.03,2750.06,5.820000000000164,0.00423263492125083,183.37,12.689999999999998,7.789999999999964,11.669999999999845,9.72999999999979,3.8799999999998818,0.39876665994175803,11.679999999999836,25.929999999999836,18.80499999999961,0.0,0.060000000000002274,0.060000000000002274,7.498663862689296,4.091636897347621,3.3364097470190237,7.907491226678539
2024-07-03 07:58:51,1376.64,1368.23,85.4,98.0,1372.435,2744.87,8.410000000000082,0.006127794754485485,183.4,12.599999999999994,-1.2999999999999545,-3.8899999999998727,-2.5950000000000273,2.589999999999918,0.9980728331125464,-9.089999999999918,-15.559999999999718,-12.324999999999818,0.060000000000002274,-0.030000000000001137,0.09000000000000341,7.483287854507699,4.034967471955201,3.6906950564905125,7.513096398955511
2024-07-03 07:58:52,1372.74,1383.79,85.4,98.06,1378.2649999999999,2756.5299999999997,11.049999999999955,0.00801732612522456,183.46,12.659999999999997,-3.900000000000091,15.559999999999945,5.829999999999927,19.460000000000036,3.337906803103512,-2.6000000000001364,19.449999999999818,8.424999999999955,0.0,0.060000000000002274,0.060000000000002274,7.512618513503659,4.82980770836015,4.094429142139721,7.5531164098005386
2024-07-03 07:58:53,1376.64,1370.82,85.4,98.03,1373.73,2747.46,5.820000000000164,0.004236640384765218,183.43,12.629999999999995,3.900000000000091,-12.970000000000027,-4.5349999999998545,16.87000000000012,3.719955078290095,7.800000000000182,-28.529999999999973,-10.364999999999782,0.0,-0.030000000000001137,0.030000000000001137,7.4891238756521625,4.795094628861369,2.331169234526499,7.717422983094656
2024-07-03 07:58:54,1377.94,1378.6,85.4,98.06,1378.27,2756.54,0.6599999999998545,0.00047886118069826177,183.46,12.659999999999997,1.2999999999999545,7.779999999999973,4.539999999999964,6.480000000000018,1.4273124609444072,-2.6000000000001364,20.75,9.074999999999818,0.0,0.030000000000001137,0.030000000000001137,7.5126457674008185,2.6483754453880812,3.849398654335984,5.977655685969094
2024-07-03 07:58:55,1374.04,1376.01,85.4,98.06,1375.025,2750.05,1.9700000000000273,0.0014327012225721903,183.46,12.659999999999997,-3.900000000000091,-2.589999999999918,-3.244999999999891,1.3100000000001728,0.4036978725122787,-5.2000000000000455,-10.36999999999989,-7.7849999999998545,0.0,0.0,0.0,7.494957988144784,2.6486199236082344,4.336642710669597,4.807046130421384
2024-07-03 07:58:56,1371.44,1365.64,85.4,98.03,1368.54,2737.08,5.7999999999999545,0.00423809314726779,183.43,12.629999999999995,-2.599999999999909,-10.36999999999989,-6.485000000000127,7.769999999999982,1.198149391187423,1.300000000000182,-7.779999999999973,-3.2400000000002365,0.0,-0.030000000000001137,0.030000000000001137,7.460829703642644,4.013242766110115,4.059353396786691,5.58385552284437
2024-07-03 07:58:57,1375.34,1373.42,85.4,98.03,1374.38,2748.76,1.9199999999998454,0.001396993552440265,183.43,12.629999999999995,3.8999999999998636,7.779999999999973,5.8400000000001455,3.880000000000109,0.6643834478795487,6.499999999999773,18.149999999999864,12.325000000000273,0.0,0.0,0.0,7.492667461741987,3.511118767534932,2.4094356185638173,5.586815506171678
2024-07-03 07:58:58,1377.94,1369.53,85.45,98.03,1373.7350000000001,2747.4700000000003,8.410000000000082,0.006121995868109995,183.48000000000002,12.579999999999998,2.6000000000001364,-3.8900000000001,-0.6449999999999818,6.4900000000002365,10.061999903876767,-1.2999999999997272,-11.670000000000073,-6.485000000000127,0.04999999999999716,0.0,0.04999999999999716,7.487110270944461,3.5110272712891306,3.2397330136917195,5.189375444116618
2024-07-03 07:58:59,1376.64,1379.9,85.45,98.0,1378.27,2756.54,3.259999999999991,0.002365284013752535,183.45,12.549999999999997,-1.2999999999999545,10.370000000000118,4.5349999999998545,11.670000000000073,2.573318065420591,-3.900000000000091,14.260000000000218,5.179999999999836,0.0,-0.030000000000001137,0.030000000000001137,7.513055287473125,3.5110272712891306,2.7979045730696037,5.188282471107399
2024-07-03 07:59:00,1372.74,1365.64,85.45,97.97,1369.19,2738.38,7.099999999999909,0.005185547655777767,183.42000000000002,12.519999999999996,-3.900000000000091,-14.259999999999991,-9.079999999999927,10.3599999999999,1.14096903733821,-2.6000000000001364,-24.63000000000011,-13.614999999999782,0.0,-0.030000000000001137,0.030000000000001137,7.464780244985387,4.014616420000371,2.6808618017353583,6.572290886745665
2024-07-03 07:59:01,1372.74,1382.49,85.45,98.03,1377.615,2755.23,9.75,0.007077449064450191,183.48000000000002,12.579999999999998,0.0,16.84999999999991,8.424999999999955,16.84999999999991,1.9999997626113044,3.900000000000091,31.1099999999999,17.50499999999988,0.0,0.060000000000002274,0.060000000000002274,7.508256989817653,3.6268660713810488,3.361394056043382,6.928992531385751
2024-07-03 07:59:02,1370.15,1370.82,85.45,98.0,1370.4850000000001,2740.9700000000003,0.6699999999998454,0.0004888780245759474,183.45,12.549999999999997,-2.589999999999918,-11.670000000000073,-7.129999999999882,9.080000000000155,1.2734921075046561,-2.589999999999918,-28.519999999999982,-15.554999999999836,0.0,-0.030000000000001137,0.030000000000001137,7.4706186564697825,4.085439694786278,3.7704734450734265,7.45338798802254
2024-07-03 07:59:03,1377.94,1373.42,85.48,98.0,1375.68,2751.36,4.519999999999982,0.0032856478226872044,183.48000000000002,12.519999999999996,7.789999999999964,2.6000000000001364,5.194999999999936,5.189999999999827,0.9990373437848984,10.379999999999882,14.27000000000021,12.324999999999818,0.030000000000001137,0.0,0.030000000000001137,7.49771088130744,4.1625512008544945,3.4986211569708034,7.92246126528862
2024-07-03 07:59:04,1377.94,1373.42,85.48,98.0,1375.68,2751.36,4.519999999999982,0.0032856478226872044,183.48000000000002,12.519999999999996,0.0,0.0,0.0,0.0,0.0,-7.789999999999964,-2.6000000000001364,-5.194999999999936,0.0,0.0,0.0,7.49771088130744,3.668782154848616,3.3799215967243588,7.581397133774149
2024-07-03 07:59:05,1374.04,1361.75,85.48,97.97,1367.895,2735.79,12.289999999999964,0.00898460773013671,183.45,12.489999999999995,-3.900000000000091,-11.670000000000073,-7.785000000000082,7.769999999999982,0.9980730895217483,-3.900000000000091,-11.670000000000073,-7.785000000000082,0.0,-0.030000000000001137,0.030000000000001137,7.45650036818479,4.0908455727069395,4.631517030088926,7.229736682618496
2024-07-03 07:59:06,1376.64,1378.6,85.48,98.0,1377.62,2755.24,1.959999999999809,0.0014227435712148963,183.48000000000002,12.519999999999996,2.6000000000001364,16.84999999999991,9.724999999999909,14.249999999999773,1.4652954791469848,6.500000000000227,28.519999999999982,17.50999999999999,0.0,0.030000000000001137,0.030000000000001137,7.508284240744035,4.092112229611466,4.510517708645421,7.6322796397930315
2024-07-03 07:59:07,1377.94,1365.64,85.48,97.97,1371.79,2743.58,12.299999999999955,0.008966386976894107,183.45,12.489999999999995,1.2999999999999545,-12.959999999999809,-5.829999999999927,14.259999999999764,2.445968705665735,-1.300000000000182,-29.809999999999718,-15.554999999999836,0.0,-0.030000000000001137,0.030000000000001137,7.477732311377856,3.8906259136205614,4.840115701096789,7.345375586040477
2024-07-03 07:59:08,1376.64,1382.49,85.48,98.03,1379.565,2759.13,5.849999999999909,0.004240467100687131,183.51,12.549999999999997,-1.2999999999999545,16.84999999999991,7.775000000000091,18.149999999999864,2.3344048444494927,-2.599999999999909,29.809999999999718,13.605000000000018,0.0,0.060000000000002274,0.060000000000002274,7.517655672619173,4.683765845955107,4.696044079861658,7.851794858502099
2024-07-03 07:59:09,1375.34,1369.53,85.48,98.0,1372.435,2744.87,5.809999999999945,0.004233351667486325,183.48000000000002,12.519999999999996,-1.300000000000182,-12.960000000000036,-7.130000000000109,11.659999999999854,1.6353433891523543,-2.2737367544323206e-13,-29.809999999999945,-14.9050000000002,0.0,-0.030000000000001137,0.030000000000001137,7.480025030084885,4.705883817067291,4.531927845851452,8.636438357332281
2024-07-03 07:59:10,1389.63,1372.12,85.48,98.03,1380.875,2761.75,17.51000000000022,0.01268036570096486,183.51,12.549999999999997,14.290000000000191,2.589999999999918,8.440000000000055,11.700000000000273,1.3862557599223269,15.590000000000373,15.549999999999955,15.570000000000164,0.0,0.030000000000001137,0.030000000000001137,7.5247942481347385,4.137883819023309,6.174085357363062,8.327508180722507
2024-07-03 07:59:11,1376.64,1370.82,85.51,98.0,1373.73,2747.46,5.820000000000164,0.004236640384765218,183.51,12.489999999999995,-12.990000000000009,-1.2999999999999545,-7.144999999999982,11.690000000000055,1.6361089382632814,-27.2800000000002,-3.8899999999998727,-15.585000000000036,0.030000000000001137,-0.030000000000001137,0.060000000000002274,7.485859040456329,4.22923958883098,5.302647451981318,8.132260294653676
2024-07-03 07:59:12,1376.64,1356.56,85.51,97.97,1366.6,2733.2,20.080000000000155,0.014693399667281394,183.48000000000002,12.459999999999994,0.0,-14.259999999999991,-7.130000000000109,14.259999999999991,1.9999997194950985,12.990000000000009,-12.960000000000036,0.01499999999987267,0.0,-0.030000000000001137,0.030000000000001137,7.448223198995948,5.7763000700912155,7.160944770070807,8.351973269832778
2024-07-03 07:59:13,1376.64,1376.01,85.51,98.0,1376.325,2752.65,0.6300000000001091,0.00045774072224392373,183.51,12.489999999999995,0.0,19.450000000000045,9.725000000000136,19.450000000000045,1.999999794344471,0.0,33.710000000000036,16.855000000000246,0.0,0.030000000000001137,0.030000000000001137,7.499999959130293,5.2429269020019476,8.378952798530614,8.894303373508324
2024-07-03 07:59:14,1374.04,1355.27,85.51,97.97,1364.655,2729.31,18.769999999999982,0.013754392125662228,183.48000000000002,12.459999999999994,-2.6000000000001364,-20.74000000000001,-11.670000000000073,18.139999999999873,1.554412891652688,-2.6000000000001364,-40.190000000000055,-21.39500000000021,0.0,-0.030000000000001137,0.030000000000001137,7.437622588632969,6.756817483085975,8.7659779830891,9.89672130051168
2024-07-03 07:59:15,1375.34,1382.49,85.51,98.06,1378.915,2757.83,7.150000000000091,0.005185236214570771,183.57,12.549999999999997,1.2999999999999545,27.220000000000027,14.259999999999991,25.920000000000073,1.817671681790211,3.900000000000091,47.960000000000036,25.930000000000064,0.0,0.09000000000000341,0.09000000000000341,7.511657637350016,6.176865102925298,8.52511876750129,11.56753787545134
2024-07-03 07:59:16,1375.34,1365.64,85.51,98.03,1370.49,2740.98,9.699999999999818,0.007077760503850489,183.54000000000002,12.519999999999996,0.0,-16.84999999999991,-8.424999999999955,16.84999999999991,1.9999997626113044,-1.2999999999999545,-44.069999999999936,-22.684999999999945,0.0,-0.030000000000001137,0.030000000000001137,7.46698263339336,6.125641394967269,8.162642341791233,11.766797886426076
2024-07-03 07:59:17,1376.64,1382.49,85.51,98.03,1379.565,2759.13,5.849999999999909,0.004240467100687131,183.54000000000002,12.519999999999996,1.300000000000182,16.84999999999991,9.075000000000045,15.549999999999727,1.7134984337742387,1.300000000000182,33.69999999999982,17.5,0.0,0.0,0.0,7.516426895954958,6.328125709855572,6.664510484649467,11.766797886426062
2024-07-03 07:59:18,1370.15,1373.42,85.51,98.06,1371.785,2743.57,3.269999999999982,0.0023837554701474544,183.57,12.549999999999997,-6.490000000000009,-9.069999999999936,-7.779999999999973,2.5799999999999272,0.3316194946504424,-7.790000000000191,-25.919999999999845,-16.855000000000018,0.0,0.030000000000001137,0.030000000000001137,7.472816868372737,6.234343991129731,5.960437903376158,11.718349179811986
2024-07-03 07:59:19,1377.94,1361.75,85.54,98.03,1369.845,2739.69,16.190000000000055,0.011818855409320907,183.57,12.489999999999995,7.789999999999964,-11.670000000000073,-1.9400000000000546,19.460000000000036,10.030922664472591,14.279999999999973,-2.6000000000001364,5.839999999999918,0.030000000000001137,-0.030000000000001137,0.060000000000002274,7.462248692802481,4.7314057107518055,4.918101259632975,10.19299551162463
2024-07-03 07:59:20,1374.04,1378.6,85.54,98.06,1376.32,2752.64,4.559999999999945,0.0033131829782948458,183.60000000000002,12.519999999999996,-3.900000000000091,16.84999999999991,6.474999999999909,20.75,3.204632709709279,-11.690000000000055,28.519999999999982,8.414999999999964,0.0,0.030000000000001137,0.030000000000001137,7.4962962554667945,4.184673523673613,5.214358062120741,8.034411459466066
2024-07-03 07:59:21,1371.44,1360.45,85.54,98.03,1365.9450000000002,2731.8900000000003,10.990000000000009,0.0080457119371236,183.57,12.489999999999995,-2.599999999999909,-18.149999999999864,-10.374999999999773,15.549999999999955,1.498795036260748,1.300000000000182,-34.99999999999977,-16.84999999999968,0.0,-0.030000000000001137,0.030000000000001137,7.441003391398359,5.358418143420155,5.354840800621783,8.545210208063855
2024-07-03 07:59:22,1376.64,1378.6,85.54,98.06,1377.62,2755.24,1.959999999999809,0.0014227435712148963,183.60000000000002,12.519999999999996,5.2000000000000455,18.149999999999864,11.674999999999727,12.949999999999818,1.1092076137723776,7.7999999999999545,36.29999999999973,22.0499999999995,0.0,0.030000000000001137,0.030000000000001137,7.503376865450016,4.773390566435313,6.018058657075736,9.346219422846696
2024-07-03 07:59:23,1377.94,1365.64,85.54,98.03,1371.79,2743.58,12.299999999999955,0.008966386976894107,183.57,12.489999999999995,1.2999999999999545,-12.959999999999809,-5.829999999999927,14.259999999999764,2.445968705665735,-3.900000000000091,-31.109999999999673,-17.504999999999654,0.0,-0.030000000000001137,0.030000000000001137,7.472844105938639,4.773255440444569,5.822830067931242,8.994781403680513
2024-07-03 07:59:24,1376.64,1391.56,85.54,98.08,1384.1,2768.2,14.919999999999845,0.010779567942504354,183.62,12.539999999999992,-1.2999999999999545,25.919999999999845,12.309999999999945,27.2199999999998,2.211210218423209,-2.599999999999909,38.879999999999654,18.139999999999873,0.0,0.04999999999999716,0.04999999999999716,7.537849866366137,6.774839481473575,5.45795566123466,10.37732949751508
2024-07-03 07:59:25,1375.34,1373.42,85.54,98.06,1374.38,2748.76,1.9199999999998454,0.001396993552440265,183.60000000000002,12.519999999999996,-1.300000000000182,-18.139999999999873,-9.7199999999998,16.83999999999969,1.7325101098240667,-2.2737367544323206e-13,-44.05999999999972,-22.029999999999745,0.0,-0.01999999999999602,0.01999999999999602,7.485729806722604,6.746934118526217,6.0805197146299745,11.436749210330518
2024-07-03 07:59:26,1370.15,1363.05,85.54,98.03,1366.6,2733.2,7.100000000000136,0.0051953753803635015,183.57,12.489999999999995,-5.189999999999827,-10.370000000000118,-7.7800000000002,5.180000000000291,0.6658096830579017,-3.8899999999996453,7.769999999999754,1.9399999999995998,0.0,-0.030000000000001137,0.030000000000001137,7.444571512531614,6.535879435832226,5.915792423674412,10.917321328970658
2024-07-03 07:59:27,1375.34,1377.31,85.54,98.06,1376.3249999999998,2752.6499999999996,1.9700000000000273,0.0014313479727307717,183.60000000000002,12.519999999999996,5.189999999999827,14.259999999999991,9.724999999999909,9.070000000000164,0.9326477190079723,10.379999999999654,24.63000000000011,17.50500000000011,0.0,0.030000000000001137,0.030000000000001137,7.496323488582115,6.42577855203046,5.913393272902027,10.425593748079713
2024-07-03 07:59:28,1370.15,1365.64,85.59,98.03,1367.895,2735.79,4.509999999999991,0.0032970366853471603,183.62,12.439999999999998,-5.189999999999827,-11.669999999999845,-8.429999999999836,6.480000000000018,0.7686831828371248,-10.379999999999654,-25.929999999999836,-18.154999999999745,0.04999999999999716,-0.030000000000001137,0.0799999999999983,7.449596953220799,7.062100431156083,5.381647517257429,10.829926361707097
2024-07-03 07:59:29,1367.55,1379.9,85.59,98.06,1373.725,2747.45,12.350000000000136,0.00899015450036214,183.65,12.469999999999999,-2.6000000000001364,14.259999999999991,5.829999999999927,16.860000000000127,2.8919377543846627,2.5899999999996908,25.929999999999836,14.259999999999764,0.0,0.030000000000001137,0.030000000000001137,7.480125197494553,4.275673923457693,4.350729823834643,9.125624636154965
2024-07-03 07:59:30,1377.94,1363.05,85.59,98.03,1370.495,2740.99,14.8900000000001,0.010864687568459142,183.62,12.439999999999998,10.3900000000001,-16.850000000000136,-3.230000000000018,27.240000000000236,8.43343392153751,12.990000000000236,-31.110000000000127,-9.059999999999945,0.0,-0.030000000000001137,0.030000000000001137,7.463756630738717,4.032275412188019,5.376130578771663,8.17881531763613
2024-07-03 07:59:31,1377.94,1383.79,85.59,98.06,1380.865,2761.73,5.849999999999909,0.004236474960089099,183.65,12.469999999999999,0.0,20.74000000000001,10.370000000000118,20.74000000000001,1.999999807135966,-10.3900000000001,37.590000000000146,13.600000000000136,0.0,0.030000000000001137,0.030000000000001137,7.51900349839911,5.051458205284414,5.466285759087604,8.320173976546355
2024-07-03 07:59:32,1376.64,1372.12,85.59,98.03,1374.38,2748.76,4.520000000000209,0.003288755654703541,183.62,12.439999999999998,-1.2999999999999545,-11.670000000000073,-6.4849999999999,10.370000000000118,1.5990745413917866,-1.2999999999999545,-32.41000000000008,-16.855000000000018,0.0,-0.030000000000001137,0.030000000000001137,7.4849144565683785,4.886470607681541,4.858207488364773,8.128994710294716
2024-07-03 07:59:33,1372.74,1361.75,85.59,98.03,1367.245,2734.49,10.990000000000009,0.008038061936201593,183.62,12.439999999999998,-3.900000000000091,-10.36999999999989,-7.135000000000218,6.4699999999998,0.9067973501334621,-2.6000000000001364,1.300000000000182,-0.6500000000003183,0.0,0.0,0.0,7.446057033841318,5.0768710836238276,4.3953270640537365,7.8236444512772225
2024-07-03 07:59:34,1376.64,1373.42,85.59,98.03,1375.0300000000002,2750.0600000000004,3.2200000000000273,0.0023417670870150174,183.62,12.439999999999998,3.900000000000091,11.670000000000073,7.785000000000309,7.769999999999982,0.9980730895217191,7.800000000000182,22.039999999999964,14.920000000000528,0.0,0.0,0.0,7.488454375947859,5.134698871378525,4.897379911749068,8.234058385753787
2024-07-03 07:59:35,1377.94,1364.34,85.59,98.0,1371.1399999999999,2742.2799999999997,13.600000000000136,0.009918753730531808,183.59,12.409999999999997,1.2999999999999545,-9.080000000000155,-3.8900000000003274,10.38000000000011,2.6683797767659274,-2.6000000000001364,-20.750000000000227,-11.675000000000637,0.0,-0.030000000000001137,0.030000000000001137,7.468489528468383,5.044403582162691,4.450250554744463,8.308963082118185
2024-07-03 07:59:36,1376.64,1374.71,85.59,98.03,1375.6750000000002,2751.3500000000004,1.9300000000000637,0.0014029476428641327,183.62,12.439999999999998,-1.2999999999999545,10.370000000000118,4.535000000000309,11.670000000000073,2.573318065420333,-2.599999999999909,19.450000000000273,8.425000000000637,0.0,0.030000000000001137,0.030000000000001137,7.491967065178265,3.5104262561313058,5.13600720404512,6.780132373339261
2024-07-03 07:59:37,1375.34,1369.53,85.59,98.0,1372.435,2744.87,5.809999999999945,0.004233351667486325,183.59,12.409999999999997,-1.300000000000182,-5.180000000000064,-3.2400000000002365,3.8799999999998818,1.1975304945892296,-2.2737367544323206e-13,-15.550000000000182,-7.775000000000546,0.0,-0.030000000000001137,0.030000000000001137,7.47554328952806,3.3823161442620853,5.0206822245590885,6.264059586243067
2024-07-03 07:59:38,1375.34,1383.79,85.59,98.0,1379.565,2759.13,8.450000000000045,0.006125119145437095,183.59,12.409999999999997,0.0,14.259999999999991,7.130000000000109,14.259999999999991,1.9999997194950985,1.300000000000182,19.440000000000055,10.370000000000346,0.0,0.0,0.0,7.514379827254318,3.259899154841285,4.644348178162755,5.640978860091849
2024-07-03 07:59:39,1375.34,1365.64,85.65,97.97,1370.49,2740.98,9.699999999999818,0.007077760503850489,183.62,12.319999999999993,0.0,-18.149999999999864,-9.075000000000045,18.149999999999864,1.9999997796143245,0.0,-32.409999999999854,-16.205000000000155,0.060000000000002274,-0.030000000000001137,0.09000000000000341,7.463729400589645,3.7625513285183394,4.360088301858505,6.61940575127422
2024-07-03 07:59:40,1375.34,1378.6,85.65,97.97,1376.9699999999998,2753.9399999999996,3.259999999999991,0.002367517082893944,183.62,12.319999999999993,0.0,12.959999999999809,6.479999999999791,12.959999999999809,1.9999996913581073,0.0,31.109999999999673,15.554999999999836,0.0,0.0,0.0,7.49901967378815,3.608719648259523,3.303657064527582,7.061320166937699
2024-07-03 07:59:41,1377.94,1377.31,85.65,97.97,1377.625,2755.25,0.6300000000001091,0.0004573087738265495,183.62,12.319999999999993,2.6000000000001364,-1.2899999999999636,0.6550000000002001,3.8900000000001,5.938922230651421,2.6000000000001364,-14.249999999999773,-5.824999999999591,0.0,0.0,0.0,7.502586823316704,3.7967298428692993,3.713105169531674,6.807147897614712
2024-07-03 07:59:42,1371.44,1365.64,85.65,97.94,1368.54,2737.08,5.7999999999999545,0.00423809314726779,183.59,12.289999999999992,-6.5,-11.669999999999845,-9.085000000000036,5.169999999999845,0.569069832793615,-9.100000000000136,-10.379999999999882,-9.740000000000236,0.0,-0.030000000000001137,0.030000000000001137,7.454327537151656,4.822531233671196,3.7129462694742625,7.986159433670238
2024-07-03 07:59:43,1374.04,1370.82,85.65,97.94,1372.4299999999998,2744.8599999999997,3.2200000000000273,0.0023462034476467463,183.59,12.289999999999992,2.599999999999909,5.179999999999836,3.8899999999998727,2.5799999999999272,0.6632389040516986,9.099999999999909,16.84999999999968,12.974999999999909,0.0,0.0,0.0,7.475516054929374,3.982634806222386,3.4234660798674135,7.284619585125865
2024-07-03 07:59:44,1376.64,1361.75,85.65,97.94,1369.1950000000002,2738.3900000000003,14.8900000000001,0.010875003187365638,183.59,12.289999999999992,2.6000000000001364,-9.069999999999936,-3.2349999999996726,11.670000000000073,3.6074177411386437,2.2737367544323206e-13,-14.249999999999773,-7.124999999999545,0.0,0.0,0.0,7.457895269579525,4.2377626761929434,5.526685263338559,6.128184274318029
2024-07-03 07:59:45,1376.64,1378.6,85.65,97.97,1377.62,2755.24,1.959999999999809,0.0014227435712148963,183.62,12.319999999999993,0.0,16.84999999999991,8.424999999999727,16.84999999999991,1.9999997626113584,-2.6000000000001364,25.919999999999845,11.6599999999994,0.0,0.030000000000001137,0.030000000000001137,7.50255959316763,4.398747833160507,5.690101053584544,6.698128469953252
2024-07-03 07:59:46,1375.34,1372.12,85.65,97.94,1373.73,2747.46,3.2200000000000273,0.0023439831682033905,183.59,12.289999999999992,-1.300000000000182,-6.480000000000018,-3.8899999999998727,5.179999999999836,1.3316191949565066,-1.300000000000182,-23.329999999999927,-12.3149999999996,0.0,-0.030000000000001137,0.030000000000001137,7.482597050587739,3.6790888817388634,5.260344095209377,6.91399070725424
2024-07-03 07:59:47,1377.94,1388.97,85.65,97.94,1383.455,2766.91,11.029999999999973,0.007972792748609228,183.59,12.289999999999992,2.6000000000001364,16.850000000000136,9.724999999999909,14.25,1.4652954791470083,3.9000000000003183,23.330000000000155,13.614999999999782,0.0,0.0,0.0,7.535568345032036,5.4739900894807585,5.752801926018664,6.359918041924554
2024-07-03 07:59:48,1371.44,1370.82,85.65,97.94,1371.13,2742.26,0.6200000000001182,0.00045218177674468237,183.59,12.289999999999992,-6.5,-18.15000000000009,-12.324999999999818,11.650000000000091,0.9452331890277546,-9.100000000000136,-35.00000000000023,-22.049999999999727,0.0,0.0,0.0,7.468435059271012,5.670887717080377,6.2597068621464835,9.256365377403624
2024-07-03 07:59:49,1368.85,1359.16,85.65,97.92,1364.005,2728.01,9.689999999999827,0.007104079525291877,183.57,12.269999999999996,-2.5900000000001455,-11.659999999999854,-7.125,9.069999999999709,1.2729822774761308,3.9099999999998545,6.4900000000002365,5.199999999999818,0.0,-0.01999999999999602,0.01999999999999602,7.430435215828104,7.257935829127533,4.729939745916748,9.720755886246552
2024-07-03 07:59:50,1368.85,1377.31,85.65,97.97,1373.08,2746.16,8.460000000000036,0.0061613307264243205,183.62,12.319999999999993,0.0,18.149999999999864,9.074999999999818,18.149999999999864,1.9999997796143745,2.5900000000001455,29.809999999999718,16.199999999999818,0.0,0.04999999999999716,0.04999999999999716,7.4778346178094175,6.968164213028679,4.467026975517683,9.881956790028854
2024-07-03 07:59:51,1375.34,1361.75,85.65,97.94,1368.545,2737.09,13.589999999999918,0.009930254387009315,183.59,12.289999999999992,6.490000000000009,-15.559999999999945,-4.5349999999998545,22.049999999999955,4.8621819488023625,6.490000000000009,-33.70999999999981,-13.609999999999673,0.0,-0.030000000000001137,0.030000000000001137,7.454354771750342,7.228210878200349,4.890365017051634,9.934685198837318
2024-07-03 07:59:52,1368.85,1381.19,85.68,97.97,1375.02,2750.04,12.340000000000146,0.008974414911074551,183.65,12.289999999999992,-6.490000000000009,19.440000000000055,6.474999999999909,25.930000000000064,4.004632586157196,-12.980000000000018,35.0,11.009999999999764,0.030000000000001137,0.030000000000001137,0.0,7.487176654031164,4.28331267825906,5.079315898819713,9.128100569121566
2024-07-03 07:59:53,1367.55,1369.53,85.68,97.94,1368.54,2737.08,1.9800000000000182,0.0014467973157914426,183.62,12.259999999999991,-1.2999999999999545,-11.660000000000082,-6.480000000000018,10.360000000000127,1.598765185375758,5.190000000000055,-31.100000000000136,-12.954999999999927,0.0,-0.030000000000001137,0.030000000000001137,7.4531096424512056,4.322737269339268,4.528992161618645,7.6854063002549555
2024-07-03 07:59:54,1367.55,1379.9,85.68,97.97,1373.725,2747.45,12.350000000000136,0.00899015450036214,183.65,12.289999999999992,0.0,10.370000000000118,5.184999999999945,10.370000000000118,1.9999996142720564,1.2999999999999545,22.0300000000002,11.664999999999964,0.0,0.030000000000001137,0.030000000000001137,7.480125197494553,3.0386440232010283,4.750013684191161,6.979011749524332
2024-07-03 07:59:55,1376.64,1368.23,85.68,97.94,1372.435,2744.87,8.410000000000082,0.006127794754485485,183.62,12.259999999999991,9.090000000000146,-11.670000000000073,-1.2899999999999636,20.76000000000022,16.09301078061242,9.090000000000146,-22.04000000000019,-6.474999999999909,0.0,-0.030000000000001137,0.030000000000001137,7.474321928579011,2.9829444345705336,4.753444014607014,5.765140284502994
2024-07-03 07:59:56,1374.04,1366.94,85.68,97.94,1370.49,2740.98,7.099999999999909,0.005180628822406059,183.62,12.259999999999991,-2.6000000000001364,-1.2899999999999636,-1.9449999999999363,1.3100000000001728,0.6735215046163039,-11.690000000000282,10.38000000000011,-0.6549999999999727,0.0,0.0,0.0,7.463729400589645,2.5752732864174757,4.3019216636293836,5.373331601529869
2024-07-03 07:59:57,1375.34,1376.01,85.68,98.0,1375.675,2751.35,0.6700000000000728,0.0004870336376782591,183.68,12.319999999999993,1.2999999999999545,9.069999999999936,5.184999999999945,7.769999999999982,1.4985532307515588,3.900000000000091,10.3599999999999,7.129999999999882,0.0,0.060000000000002274,0.060000000000002274,7.489519776298346,2.773649671414096,4.792125833072796,5.027926262386878
2024-07-03 07:59:58,1377.94,1360.45,85.68,97.97,1369.1950000000002,2738.3900000000003,17.49000000000001,0.012773929197248074,183.65,12.289999999999992,2.6000000000001364,-15.559999999999945,-6.479999999999791,18.160000000000082,2.802468703322834,1.300000000000182,-24.62999999999988,-11.664999999999736,0.0,-0.030000000000001137,0.030000000000001137,7.455458712466874,2.566930073012362,6.253829226961926,5.027926262386804
2024-07-03 07:59:59,1374.04,1377.31,85.68,98.0,1375.675,2751.35,3.269999999999982,0.002377014918220486,183.68,12.319999999999993,-3.900000000000091,16.8599999999999,6.479999999999791,20.75999999999999,3.203703209305162,-6.500000000000227,32.419999999999845,12.959999999999582,0.0,0.030000000000001137,0.030000000000001137,7.489519776298346,2.9555211045998835,6.427816114358221,5.374747668495555
2024-07-03 08:00:00,1368.85,1361.75,85.68,97.97,1365.3,2730.6,7.099999999999909,0.005200322269684016,183.65,12.289999999999992,-5.190000000000055,-15.559999999999945,-10.375,10.36999999999989,0.9995179759500642,-1.2899999999999636,-32.419999999999845,-16.85499999999979,0.0,-0.030000000000001137,0.030000000000001137,7.434249891455214,4.454293715027727,6.402392521550298,7.2819473700376625
2024-07-03 08:00:01,1372.74,1379.9,85.68,98.03,1376.3200000000002,2752.6400000000003,7.160000000000082,0.005202278536094659,183.71,12.349999999999994,3.8900000000001,18.15000000000009,11.02000000000021,14.259999999999991,1.2940107718683258,9.080000000000155,33.710000000000036,21.39500000000021,0.0,0.060000000000002274,0.060000000000002274,7.491807699679889,4.936958324691003,6.402387835800264,9.126174855874698
2024-07-03 08:00:02,1364.95,1368.23,85.68,98.0,1366.5900000000001,2733.1800000000003,3.2799999999999727,0.0024001346399430976,183.68,12.319999999999993,-7.789999999999964,-11.670000000000073,-9.730000000000018,3.880000000000109,0.3987666599417721,-11.680000000000064,-29.820000000000164,-20.750000000000227,0.0,-0.030000000000001137,0.030000000000001137,7.440058757403862,5.114119425642642,5.823422533184712,9.889733060098237
2024-07-03 08:00:03,1372.74,1377.31,85.68,98.0,1375.025,2750.05,4.569999999999936,0.0033235759325658514,183.68,12.319999999999993,7.789999999999964,9.079999999999927,8.434999999999945,1.2899999999999636,0.15293418459582542,15.579999999999927,20.75,18.164999999999964,0.0,0.0,0.0,7.48598101325141,5.367474499216136,1.9482633292251617,10.369375222259071
2024-07-03 08:00:04,1371.44,1376.01,85.68,98.0,1373.725,2747.45,4.569999999999936,0.0033267211390003203,183.68,12.319999999999993,-1.2999999999999545,-1.2999999999999545,-1.300000000000182,0.0,0.0,-9.089999999999918,-10.379999999999882,-9.735000000000127,0.0,0.0,0.0,7.478903487157537,5.076869852550456,1.7204156474536942,9.947771735418998
2024-07-03 08:00:05,1367.55,1361.75,85.71,97.97,1364.65,2729.3,5.7999999999999545,0.004250174034184428,183.68,12.260000000000005,-3.8900000000001,-14.259999999999991,-9.074999999999818,10.36999999999989,1.142699598600606,-2.5900000000001455,-12.960000000000036,-7.774999999999636,0.029999999999986926,-0.030000000000001137,0.05999999999998806,7.4294969107714675,5.276268330907269,1.4667071964109215,9.63358253714579
2024-07-03 08:00:06,1377.94,1378.6,85.71,98.0,1378.27,2756.54,0.6599999999998545,0.00047886118069826177,183.70999999999998,12.290000000000006,10.3900000000001,16.84999999999991,13.61999999999989,6.459999999999809,0.4743024615049486,14.2800000000002,31.1099999999999,22.69499999999971,0.0,0.030000000000001137,0.030000000000001137,7.502422255171618,5.790600789187102,1.9565863129449925,10.423670778569248
2024-07-03 08:00:07,1370.15,1368.23,85.71,97.97,1369.19,2738.38,1.9200000000000728,0.0014022889435343405,183.68,12.260000000000005,-7.789999999999964,-10.36999999999989,-9.079999999999927,2.5799999999999272,0.28414093786993505,-18.180000000000064,-27.2199999999998,-22.699999999999818,0.0,-0.030000000000001137,0.030000000000001137,7.454213809591606,5.320005404107646,2.12965490162223,10.268807744816241
2024-07-03 08:00:08,1375.34,1382.49,85.71,98.03,1378.915,2757.83,7.150000000000091,0.005185236214570771,183.74,12.320000000000007,5.189999999999827,14.259999999999991,9.724999999999909,9.070000000000164,0.9326477190079723,12.97999999999979,24.62999999999988,18.804999999999836,0.0,0.060000000000002274,0.060000000000002274,7.504707698352521,6.072722824214376,2.691068561000217,10.530261511472439
2024-07-03 08:00:09,1367.55,1363.05,85.71,98.0,1365.3,2730.6,4.5,0.003295978903320897,183.70999999999998,12.290000000000006,-7.789999999999964,-19.440000000000055,-13.615000000000009,11.650000000000091,0.8556738262450427,-12.97999999999979,-33.700000000000045,-23.339999999999918,0.0,-0.030000000000001137,0.030000000000001137,7.431821852747146,6.914434177843827,2.687671854971101,12.410219075423194
2024-07-03 08:00:10,1377.94,1377.31,85.71,98.03,1377.625,2755.25,0.6300000000001091,0.0004573087738265495,183.74,12.320000000000007,10.3900000000001,14.259999999999991,12.325000000000045,3.869999999999891,0.3139959177285159,18.180000000000064,33.700000000000045,25.940000000000055,0.0,0.030000000000001137,0.030000000000001137,7.497686908143644,6.210049315402793,2.816357576729877,12.904748641488487
2024-07-03 08:00:11,1375.34,1374.71,85.71,98.0,1375.025,2750.05,0.6299999999998818,0.000458173487421471,183.70999999999998,12.290000000000006,-2.6000000000001364,-2.599999999999909,-2.599999999999909,2.2737367544323206e-13,8.745137999686923e-14,-12.990000000000236,-16.8599999999999,-14.924999999999955,0.0,-0.030000000000001137,0.030000000000001137,7.484758546161024,5.789256644832304,2.822539636569123,11.390235620916693
2024-07-03 08:00:12,1372.74,1357.86,85.71,97.97,1365.3,2730.6,14.88000000000011,0.010898703573647847,183.68,12.260000000000005,-2.599999999999909,-16.850000000000136,-9.725000000000136,14.250000000000227,1.4652954791469974,2.2737367544323206e-13,-14.250000000000227,-7.125000000000227,0.0,-0.030000000000001137,0.030000000000001137,7.433035673818403,6.660537328154223,5.8975393173767,11.512587458951199
2024-07-03 08:00:13,1367.55,1376.01,85.71,98.0,1371.78,2743.56,8.460000000000036,0.006167169658278198,183.70999999999998,12.290000000000006,-5.190000000000055,18.15000000000009,6.480000000000018,23.340000000000146,3.6018512960106146,-2.5900000000001455,35.00000000000023,16.205000000000155,0.0,0.030000000000001137,0.030000000000001137,7.467094837150429,5.605342763804606,6.013896407488574,10.844563499744973
2024-07-03 08:00:14,1374.04,1365.64,85.71,97.97,1369.8400000000001,2739.6800000000003,8.399999999999864,0.0061321030148541135,183.68,12.260000000000005,6.490000000000009,-10.36999999999989,-1.9399999999998272,16.8599999999999,8.69071716973414,11.680000000000064,-28.519999999999982,-8.419999999999845,0.0,-0.030000000000001137,0.030000000000001137,7.457752572638543,4.752848356484375,6.052681224053003,8.58593224408396
2024-07-03 08:00:15,1374.04,1379.9,85.71,98.03,1376.97,2753.94,5.860000000000127,0.00425572089133707,183.74,12.320000000000007,0.0,14.259999999999991,7.129999999999882,14.259999999999991,1.9999997194951624,-6.490000000000009,24.62999999999988,9.069999999999709,0.0,0.060000000000002274,0.060000000000002274,7.494122088308903,4.561252021072301,5.147230323193626,7.032793186209872
2024-07-03 08:00:16,1368.85,1372.12,85.71,98.0,1370.485,2740.97,3.269999999999982,0.0023860166274085196,183.70999999999998,12.290000000000006,-5.190000000000055,-7.7800000000002,-6.485000000000127,2.5900000000001455,0.399383130395831,-5.190000000000055,-22.04000000000019,-13.615000000000009,0.0,-0.030000000000001137,0.030000000000001137,7.460045683631563,4.1914198071461035,4.315875345744304,7.568015426781347
2024-07-03 08:00:17,1372.74,1377.31,85.71,98.0,1375.025,2750.05,4.569999999999936,0.0033235759325658514,183.70999999999998,12.290000000000006,3.8900000000001,5.190000000000055,4.540000000000191,1.2999999999999545,0.28634354926351335,9.080000000000155,12.970000000000255,11.025000000000318,0.0,0.0,0.0,7.484758546161024,3.061811146974253,2.3057688522493622,5.9233141061402605
2024-07-03 08:00:18,1374.04,1372.12,85.71,97.97,1373.08,2746.16,1.9200000000000728,0.0013983161932310984,183.68,12.260000000000005,1.2999999999999545,-5.190000000000055,-1.9450000000001637,6.490000000000009,3.3367592098921612,-2.5900000000001455,-10.38000000000011,-6.485000000000355,0.0,-0.030000000000001137,0.030000000000001137,7.475391945364808,3.0061083646029263,2.4885598244774463,5.493458610019776
2024-07-03 08:00:19,1377.94,1360.45,85.76,97.94,1369.1950000000002,2738.3900000000003,17.49000000000001,0.012773929197248074,183.7,12.179999999999993,3.900000000000091,-11.669999999999845,-3.8849999999997635,15.569999999999936,4.007720976133824,2.6000000000001364,-6.479999999999791,-1.9399999999995998,0.05000000000001137,-0.030000000000001137,0.0800000000000125,7.453429464053189,3.1882271719147437,6.24998959999161,5.7510166492542965
2024-07-03 08:00:20,1377.94,1381.19,85.76,97.97,1379.565,2759.13,3.25,0.0023558150559373314,183.73000000000002,12.209999999999994,0.0,20.74000000000001,10.36999999999989,20.74000000000001,1.9999998071360099,-3.900000000000091,32.409999999999854,14.254999999999654,0.0,0.030000000000001137,0.030000000000001137,7.508653962288935,4.089773832345207,6.435775011605314,6.850787728429481
2024-07-03 08:00:21,1377.94,1366.94,85.76,97.94,1372.44,2744.88,11.0,0.008014922322276439,183.7,12.179999999999993,0.0,-14.25,-7.125,14.25,1.999999719298285,0.0,-34.99000000000001,-17.49499999999989,0.0,-0.030000000000001137,0.030000000000001137,7.4710941346157105,3.8174359850212727,6.513971906602241,7.018296980037217
2024-07-03 08:00:22,1377.94,1379.9,85.76,97.97,1378.92,2757.84,1.9600000000000364,0.0014214022558079033,183.73000000000002,12.209999999999994,0.0,12.960000000000036,6.480000000000018,12.960000000000036,1.9999996913580722,0.0,27.210000000000036,13.605000000000018,0.0,0.030000000000001137,0.030000000000001137,7.505143376121791,4.45801665539013,6.914364034385454,7.350764756132466
2024-07-03 08:00:23,1377.94,1369.53,85.76,97.94,1373.7350000000001,2747.4700000000003,8.410000000000082,0.006121995868109995,183.7,12.179999999999993,0.0,-10.370000000000118,-5.184999999999945,10.370000000000118,1.9999996142720564,0.0,-23.330000000000155,-11.664999999999964,0.0,-0.030000000000001137,0.030000000000001137,7.478143671866394,4.41008134842609,6.272596750947982,7.78114017994785
2024-07-03 08:00:24,1371.44,1382.49,85.76,97.94,1376.9650000000001,2753.9300000000003,11.049999999999955,0.008024895325571135,183.7,12.179999999999993,-6.5,12.960000000000036,3.230000000000018,19.460000000000036,6.02476593660495,-6.5,23.330000000000155,8.414999999999964,0.0,0.0,0.0,7.495726687557287,3.140165202618734,4.294325325357082,7.508919196528844
2024-07-03 08:00:25,1377.94,1372.12,85.76,97.92,1375.03,2750.06,5.820000000000164,0.00423263492125083,183.68,12.159999999999997,6.5,-10.370000000000118,-1.9350000000001728,16.87000000000012,8.718341747626287,13.0,-23.330000000000155,-5.165000000000191,0.0,-0.01999999999999602,0.01999999999999602,7.486008234505617,2.5743314665630086,3.843340994499839,5.694386051191124
2024-07-03 08:00:26,1376.64,1365.64,85.76,97.89,1371.14,2742.28,11.0,0.008022521399694763,183.65,12.129999999999995,-1.2999999999999545,-6.479999999999791,-3.8899999999998727,5.179999999999836,1.3316191949565066,-7.7999999999999545,3.8900000000003274,-1.9549999999996999,0.0,-0.030000000000001137,0.030000000000001137,7.466049510122247,2.98343468166071,3.8433409944998393,4.945853060898578
2024-07-03 08:00:27,1377.94,1377.31,85.76,97.92,1377.625,2755.25,0.6300000000001091,0.0004573087738265495,183.68,12.159999999999997,1.2999999999999545,11.669999999999845,6.4849999999999,10.36999999999989,1.5990745413917515,2.599999999999909,18.149999999999636,10.374999999999773,0.0,0.030000000000001137,0.030000000000001137,7.500136065439155,2.607756219383905,4.348283569410209,4.947556720240754
2024-07-03 08:00:28,1372.74,1363.05,85.76,97.89,1367.895,2735.79,9.690000000000055,0.0070838770467880775,183.65,12.129999999999995,-5.2000000000000455,-14.259999999999991,-9.730000000000018,9.059999999999945,0.9311407059464772,-6.5,-25.929999999999836,-16.214999999999918,0.0,-0.030000000000001137,0.030000000000001137,7.448380030229349,4.125577838283206,4.460176005496057,6.309045688533218
2024-07-03 08:00:29,1374.04,1378.6,85.76,97.92,1376.32,2752.64,4.559999999999945,0.0033131829782948458,183.68,12.159999999999997,1.2999999999999545,15.549999999999955,8.424999999999955,14.25,1.6913944579947324,6.5,29.809999999999945,18.154999999999973,0.0,0.030000000000001137,0.030000000000001137,7.493031318091075,4.007571895765924,4.152740059286541,7.524989534876407
2024-07-03 08:00:30,1371.44,1363.05,85.76,97.89,1367.245,2734.49,8.3900000000001,0.0061364276291839956,183.65,12.129999999999995,-2.599999999999909,-15.549999999999955,-9.075000000000045,12.950000000000045,1.426997087934203,-3.8999999999998636,-31.09999999999991,-17.5,0.0,-0.030000000000001137,0.030000000000001137,7.4448406891105865,4.756404892324747,4.230606339521941,8.559720059674815
2024-07-03 08:00:31,1370.15,1382.49,85.76,97.92,1376.3200000000002,2752.6400000000003,12.339999999999918,0.008965938147403204,183.68,12.159999999999997,-1.2899999999999636,19.440000000000055,9.075000000000273,20.730000000000018,2.284297268947893,1.3099999999999454,34.99000000000001,18.15000000000032,0.0,0.030000000000001137,0.030000000000001137,7.4930313180910755,5.064179844726347,4.586389647642575,9.579320435187507
2024-07-03 08:00:32,1377.94,1373.42,85.76,97.89,1375.68,2751.36,4.519999999999982,0.0032856478226872044,183.65,12.129999999999995,7.789999999999964,-9.069999999999936,-0.6400000000001,16.8599999999999,26.343708837950665,9.079999999999927,-28.50999999999999,-9.715000000000373,0.0,-0.030000000000001137,0.030000000000001137,7.490770446551754,4.688654657759754,3.3814863595767033,9.083195610576784
2024-07-03 08:00:33,1371.44,1370.82,85.76,97.89,1371.13,2742.26,0.6200000000001182,0.00045218177674468237,183.65,12.129999999999995,-6.5,-2.6000000000001364,-4.5499999999999545,3.8999999999998636,0.8571426687598316,-14.289999999999964,6.4699999999998,-3.9099999999998545,0.0,0.0,0.0,7.465995058720419,4.039477688975793,4.446322075603948,7.979832861658264
2024-07-03 08:00:34,1377.94,1374.71,85.76,97.86,1376.325,2752.65,3.230000000000018,0.0023468294172184537,183.62,12.099999999999994,6.5,3.8900000000001,5.194999999999936,2.6099999999999,0.502406063059455,13.0,6.4900000000002365,9.74499999999989,0.0,-0.030000000000001137,0.030000000000001137,7.4955069845577444,4.040400660792617,4.597646136883848,7.29402786531565
2024-07-03 08:00:35,1375.34,1363.05,85.76,97.83,1369.195,2738.39,12.289999999999964,0.008976077177483036,183.59,12.069999999999993,-2.6000000000001364,-11.660000000000082,-7.130000000000109,9.059999999999945,1.270687058809642,-9.100000000000136,-15.550000000000182,-12.325000000000045,0.0,-0.030000000000001137,0.030000000000001137,7.457895269579523,3.3380701759749694,5.402948269232519,6.718112644188198
2024-07-03 08:00:36,1393.52,1379.9,85.79,97.89,1386.71,2773.42,13.61999999999989,0.009821808446018331,183.68,12.099999999999994,18.180000000000064,16.850000000000136,17.5150000000001,1.3299999999999272,0.07593490859634662,20.7800000000002,28.51000000000022,24.64500000000021,0.030000000000001137,0.060000000000002274,0.030000000000001137,7.54959708433364,6.796188821665956,5.761347932559056,9.799513125660946
2024-07-03 08:00:37,1370.15,1366.94,85.79,97.86,1368.545,2737.09,3.2100000000000364,0.0023455567757395476,183.65,12.069999999999993,-23.36999999999989,-12.960000000000036,-18.164999999999964,10.409999999999854,0.5730800675430667,-41.549999999999955,-29.810000000000173,-35.680000000000064,0.0,-0.030000000000001137,0.030000000000001137,7.4519193713481116,7.538333204345301,5.921691481325454,13.463731187898867
2024-07-03 08:00:38,1372.74,1383.79,85.79,97.89,1378.2649999999999,2756.5299999999997,11.049999999999955,0.00801732612522456,183.68,12.099999999999994,2.589999999999918,16.84999999999991,9.7199999999998,14.259999999999991,1.4670780383664863,25.95999999999981,29.809999999999945,27.884999999999764,0.0,0.030000000000001137,0.030000000000001137,7.503620385977675,7.443800776467433,5.066458329050255,14.132092290244922
2024-07-03 08:00:39,1377.94,1369.53,85.79,97.86,1373.7350000000001,2747.4700000000003,8.410000000000082,0.006121995868109995,183.65,12.069999999999993,5.2000000000000455,-14.259999999999991,-4.529999999999745,19.460000000000036,4.29580479121332,2.6100000000001273,-31.1099999999999,-14.249999999999545,0.0,-0.030000000000001137,0.030000000000001137,7.480179648896382,7.488809985554188,4.113390329157046,14.15306530402511
2024-07-03 08:00:40,1377.94,1387.67,85.79,97.86,1382.805,2765.61,9.730000000000018,0.007036422339349073,183.65,12.069999999999993,0.0,18.1400000000001,9.069999999999936,18.1400000000001,1.999999779492883,-5.2000000000000455,32.40000000000009,13.599999999999682,0.0,0.0,0.0,7.529567070353569,7.186947891820349,3.8647095621796463,14.115242027680523
2024-07-03 08:00:41,1377.94,1373.42,85.79,97.86,1375.68,2751.36,4.519999999999982,0.0032856478226872044,183.65,12.069999999999993,0.0,-14.25,-7.125,14.25,1.999999719298285,0.0,-32.3900000000001,-16.194999999999936,0.0,0.0,0.0,7.490770446551754,5.292913186491626,3.377155607904862,11.76504218011979
2024-07-03 08:00:42,1377.94,1360.45,85.79,97.83,1369.1950000000002,2738.3900000000003,17.49000000000001,0.012773929197248074,183.62,12.039999999999992,0.0,-12.970000000000027,-6.4849999999999,12.970000000000027,1.9999996915960734,0.0,1.2799999999999727,0.6400000000001,0.0,-0.030000000000001137,0.030000000000001137,7.456676791979759,5.073421429344998,4.731437413725678,8.514701257237261
2024-07-03 08:00:43,1372.74,1379.9,85.79,97.89,1376.3200000000002,2752.6400000000003,7.160000000000082,0.005202278536094659,183.68,12.099999999999994,-5.2000000000000455,19.450000000000045,7.125,24.65000000000009,3.459648637242309,-5.2000000000000455,32.42000000000007,13.6099999999999,0.0,0.060000000000002274,0.060000000000002274,7.4930313180910755,4.92252552047592,4.882363157324857,7.836065179667589
2024-07-03 08:00:44,1374.04,1365.64,85.79,97.86,1369.8400000000001,2739.6800000000003,8.399999999999864,0.0061321030148541135,183.65,12.069999999999993,1.2999999999999545,-14.259999999999991,-6.480000000000018,15.559999999999945,2.4012341973403863,6.5,-33.710000000000036,-13.605000000000018,0.0,-0.030000000000001137,0.030000000000001137,7.458970827884722,5.549264140382551,4.88290384914584,8.136454541137645
2024-07-03 08:00:45,1371.44,1374.71,85.79,97.89,1373.075,2746.15,3.269999999999982,0.002381515938764063,183.68,12.099999999999994,-2.599999999999909,9.069999999999936,3.2349999999999,11.669999999999845,3.60741774113832,-3.8999999999998636,23.329999999999927,9.714999999999918,0.0,0.030000000000001137,0.030000000000001137,7.475364724110602,3.260200530601363,5.596156716890919,6.654087465610857
2024-07-03 08:00:46,1375.34,1369.53,85.79,97.86,1372.435,2744.87,5.809999999999945,0.004233351667486325,183.65,12.069999999999993,3.8999999999998636,-5.180000000000064,-0.6400000000001,9.079999999999927,14.187477832063555,6.499999999999773,-14.25,-3.875,0.0,-0.030000000000001137,0.030000000000001137,7.473100966658857,2.8456646850486034,5.412654616729519,5.991245070934717
2024-07-03 08:00:47,1376.64,1387.67,85.79,97.89,1382.1550000000002,2764.3100000000004,11.029999999999973,0.007980291640242722,183.68,12.099999999999994,1.300000000000182,18.1400000000001,9.720000000000255,16.839999999999918,1.732510109824009,-2.5999999999996817,23.320000000000164,10.360000000000355,0.0,0.030000000000001137,0.030000000000001137,7.52479852175088,4.732091239582774,2.892478176236301,6.41320766075769
2024-07-03 08:00:48,1367.55,1369.53,85.79,97.86,1368.54,2737.08,1.9800000000000182,0.0014467973157914426,183.65,12.069999999999993,-9.090000000000146,-18.1400000000001,-13.615000000000236,9.049999999999955,0.6647079937783184,-10.390000000000327,-36.2800000000002,-23.33500000000049,0.0,-0.030000000000001137,0.030000000000001137,7.451892145647197,5.333799536890618,3.696697174506344,8.95273938523861
2024-07-03 08:00:49,1375.34,1348.78,85.79,97.83,1362.06,2724.12,26.559999999999945,0.01949987517473538,183.62,12.039999999999992,7.789999999999964,-20.75,-6.480000000000018,28.539999999999964,4.404320307975243,16.88000000000011,-2.6099999999999,7.135000000000218,0.0,-0.030000000000001137,0.030000000000001137,7.417819369252699,7.32533326885088,10.026208156626453,8.95273938523861
2024-07-03 08:00:50,1367.55,1365.64,85.79,97.89,1366.595,2733.19,1.9099999999998545,0.0013976342651643098,183.68,12.099999999999994,-7.789999999999964,16.860000000000127,4.535000000000082,24.65000000000009,5.435500455236866,-15.579999999999927,37.61000000000013,11.0150000000001,0.0,0.060000000000002274,0.060000000000002274,7.440085978658068,7.579664075652162,10.260973150730067,9.143505482034945
2024-07-03 08:00:51,1372.74,1351.38,85.79,97.86,1362.06,2724.12,21.3599999999999,0.015682128529079315,183.65,12.069999999999993,5.190000000000055,-14.259999999999991,-4.535000000000082,19.450000000000045,4.28886344236742,12.980000000000018,-31.12000000000012,-9.070000000000164,0.0,-0.030000000000001137,0.030000000000001137,7.416607637263231,8.258317473900457,11.193072411094413,9.239065834812697
2024-07-03 08:00:52,1372.74,1383.79,85.79,97.92,1378.2649999999999,2756.5299999999997,11.049999999999955,0.00801732612522456,183.71,12.129999999999995,0.0,32.409999999999854,16.204999999999927,32.409999999999854,1.9999998765813096,-5.190000000000055,46.669999999999845,20.74000000000001,0.0,0.060000000000002274,0.060000000000002274,7.502395038362663,6.651559403608025,11.19238893176979,11.48985073880428
2024-07-03 08:00:53,1372.74,1366.94,85.79,97.89,1369.8400000000001,2739.6800000000003,5.7999999999999545,0.004234071129304066,183.68,12.099999999999994,0.0,-16.84999999999991,-8.424999999999727,16.84999999999991,1.9999997626113584,0.0,-49.25999999999976,-24.629999999999654,0.0,-0.030000000000001137,0.030000000000001137,7.457752572638543,6.727157088973523,10.390251681263706,10.20254257526028
2024-07-03 08:00:54,1367.55,1357.86,85.79,97.89,1362.705,2725.41,9.690000000000055,0.007110856709918286,183.68,12.099999999999994,-5.190000000000055,-9.080000000000155,-7.135000000000218,3.8900000000001,0.5451996432796549,-5.190000000000055,7.769999999999754,1.2899999999995089,0.0,0.0,0.0,7.418907842884865,6.595324669773786,7.302894631582963,10.314311901430914
2024-07-03 08:00:55,1380.54,1370.82,85.85,97.94,1375.6799999999998,2751.3599999999997,9.720000000000027,0.007065596645247755,183.79,12.090000000000003,12.990000000000009,12.960000000000036,12.974999999999909,0.029999999999972715,0.00231213855012211,18.180000000000064,22.04000000000019,20.110000000000127,0.05999999999998806,0.04999999999999716,0.009999999999990905,7.485064435034199,7.355921934042531,5.838529780689883,11.799367355922046
2024-07-03 08:00:56,1380.54,1363.05,85.85,97.92,1371.795,2743.59,17.49000000000001,0.012749718425311573,183.76999999999998,12.070000000000007,0.0,-7.769999999999982,-3.8849999999997635,7.769999999999982,1.9999994851997347,-12.990000000000009,-20.730000000000018,-16.859999999999673,0.0,-0.01999999999999602,0.01999999999999602,7.464738491240473,5.985587481586898,4.248664496050874,11.715168372669591
2024-07-03 08:00:57,1376.64,1381.19,85.85,97.94,1378.915,2757.83,4.5499999999999545,0.0032996957729085974,183.79,12.090000000000003,-3.8999999999998636,18.1400000000001,7.119999999999891,22.039999999999964,3.0955051832156064,-3.8999999999998636,25.910000000000082,11.004999999999654,0.0,0.01999999999999602,0.01999999999999602,7.502666045472191,6.169226653295367,5.0523410415374235,9.43322055291819
2024-07-03 08:00:58,1379.24,1361.75,85.85,97.92,1370.495,2740.99,17.49000000000001,0.012761812328566099,183.76999999999998,12.070000000000007,2.599999999999909,-19.440000000000055,-8.420000000000073,22.039999999999964,2.6175768862735023,6.499999999999773,-37.580000000000155,-15.539999999999964,0.0,-0.01999999999999602,0.01999999999999602,7.457664431312704,6.124338331585731,5.614545395666794,9.432087123219317
2024-07-03 08:00:59,1380.54,1382.49,85.85,97.94,1381.5149999999999,2763.0299999999997,1.9500000000000455,0.0014114939024104346,183.79,12.090000000000003,1.2999999999999545,20.74000000000001,11.019999999999982,19.440000000000055,1.7640651756746744,-1.2999999999999545,40.180000000000064,19.440000000000055,0.0,0.01999999999999602,0.01999999999999602,7.516812625731473,4.649997311798229,7.184977383402342,9.43016211419501
2024-07-03 08:01:00,1377.94,1370.82,85.85,97.92,1374.38,2748.76,7.120000000000118,0.005180517756966486,183.76999999999998,12.070000000000007,-2.599999999999909,-11.670000000000073,-7.1349999999997635,9.070000000000164,1.2711981399863104,-3.8999999999998636,-32.41000000000008,-18.154999999999745,0.0,-0.01999999999999602,0.01999999999999602,7.478804987327612,4.686200486506163,7.324745729375392,8.784854153598598
2024-07-03 08:01:01,1376.64,1368.23,85.85,97.89,1372.435,2744.87,8.410000000000082,0.006127794754485485,183.74,12.040000000000006,-1.2999999999999545,-2.589999999999918,-1.9450000000001637,1.2899999999999636,0.6632387335532759,1.2999999999999545,9.080000000000155,5.1899999999996,0.0,-0.030000000000001137,0.030000000000001137,7.469440473117228,4.569725921729969,5.904691355185575,8.62613079543773
2024-07-03 08:01:02,1372.74,1374.71,85.85,97.94,1373.725,2747.45,1.9700000000000273,0.0014340570336610094,183.79,12.090000000000003,-3.900000000000091,6.480000000000018,1.2899999999999636,10.38000000000011,8.04650539030621,-2.6000000000001364,9.069999999999936,3.2350000000001273,0.0,0.04999999999999716,0.04999999999999716,7.474427294877701,4.187152970662805,6.365792959247356,7.79911741801593
2024-07-03 08:01:03,1377.94,1355.27,85.85,97.92,1366.605,2733.21,22.670000000000073,0.016588553373807,183.76999999999998,12.070000000000007,5.2000000000000455,-19.440000000000055,-7.119999999999891,24.6400000000001,3.460673671253765,9.100000000000136,-25.920000000000073,-8.409999999999854,0.0,-0.01999999999999602,0.01999999999999602,7.436496667374999,5.326147294220228,8.488461580286705,7.507724855107495
2024-07-03 08:01:04,1377.94,1378.6,85.85,97.94,1378.27,2756.54,0.6599999999998545,0.00047886118069826177,183.79,12.090000000000003,0.0,23.329999999999927,11.664999999999964,23.329999999999927,1.99999982854695,-5.2000000000000455,42.76999999999998,18.784999999999854,0.0,0.01999999999999602,0.01999999999999602,7.499156605369408,4.224444638023999,8.750001714285787,7.762344523402625
2024-07-03 08:01:05,1377.94,1368.23,85.85,97.92,1373.085,2746.17,9.710000000000036,0.0070716670802815325,183.76999999999998,12.070000000000007,0.0,-10.36999999999989,-5.184999999999945,10.36999999999989,1.9999996142720127,0.0,-33.69999999999982,-16.84999999999991,0.0,-0.01999999999999602,0.01999999999999602,7.471758135322642,4.164316270377334,8.749261683136712,7.395312197601896
2024-07-03 08:01:06,1376.64,1379.9,85.85,97.97,1378.27,2756.54,3.259999999999991,0.002365284013752535,183.82,12.120000000000005,-1.2999999999999545,11.670000000000073,5.184999999999945,12.970000000000027,2.5014459977925103,-1.2999999999999545,22.039999999999964,10.36999999999989,0.0,0.04999999999999716,0.04999999999999716,7.497932719519461,4.797506383500775,9.086232992830656,7.671208020905123
2024-07-03 08:01:07,1377.94,1370.82,85.85,97.94,1374.38,2748.76,7.120000000000118,0.005180517756966486,183.79,12.090000000000003,1.2999999999999545,-9.080000000000155,-3.8899999999998727,10.38000000000011,2.6683797767662396,2.599999999999909,-20.750000000000227,-9.074999999999818,0.0,-0.030000000000001137,0.030000000000001137,7.47799114490456,4.7973698522972805,8.557326101067101,7.993456229942019
2024-07-03 08:01:08,1377.94,1373.42,85.85,97.94,1375.68,2751.36,4.519999999999982,0.0032856478226872044,183.79,12.090000000000003,0.0,2.6000000000001364,1.2999999999999545,2.6000000000001364,1.99999846153982,-1.2999999999999545,11.680000000000291,5.189999999999827,0.0,0.0,0.0,7.4850644350342,2.318942646926084,3.491329259752506,6.895499438039222
2024-07-03 08:01:09,1370.15,1373.42,85.85,97.97,1371.785,2743.57,3.269999999999982,0.0023837554701474544,183.82,12.120000000000005,-7.789999999999964,0.0,-3.894999999999982,7.789999999999964,1.9999994865213127,-7.789999999999964,-2.6000000000001364,-5.194999999999936,0.0,0.030000000000001137,0.030000000000001137,7.462653642353098,2.494751991627883,2.796002503576064,4.397457504058393
2024-07-03 08:01:10,1376.64,1361.75,85.85,97.94,1369.1950000000002,2738.3900000000003,14.8900000000001,0.010875003187365638,183.79,12.090000000000003,6.490000000000009,-11.670000000000073,-2.589999999999918,18.160000000000082,7.011580304409402,14.279999999999973,-11.670000000000073,1.3050000000000637,0.0,-0.030000000000001137,0.030000000000001137,7.449779599272108,3.5035242970086733,4.887859449698186,3.9547133271577977
2024-07-03 08:01:11,1372.74,1372.12,85.85,97.97,1372.4299999999998,2744.8599999999997,0.6200000000001182,0.00045175345886374154,183.82,12.120000000000005,-3.900000000000091,10.36999999999989,3.2349999999996726,14.269999999999982,4.4111269208267405,-10.3900000000001,22.039999999999964,5.824999999999591,0.0,0.030000000000001137,0.030000000000001137,7.466162509704262,2.494883263747843,5.450663262393266,3.2536644725599735
2024-07-03 08:01:12,1367.55,1365.64,85.85,97.94,1366.595,2733.19,1.9099999999998545,0.0013976342651643098,183.79,12.090000000000003,-5.190000000000055,-6.479999999999791,-5.834999999999809,1.2899999999997362,0.22107965362812765,-1.2899999999999636,-16.84999999999968,-9.069999999999482,0.0,-0.030000000000001137,0.030000000000001137,7.435633019012825,3.4326276377910445,5.695592155342929,3.7403318703022435
2024-07-03 08:01:13,1368.85,1382.49,85.85,98.0,1375.67,2751.34,13.6400000000001,0.009915168601543197,183.85,12.150000000000006,1.2999999999999545,16.84999999999991,9.075000000000045,15.549999999999955,1.7134984337742638,6.490000000000009,23.3299999999997,14.909999999999854,0.0,0.060000000000002274,0.060000000000002274,7.482567269608011,3.4293202678850045,6.833324959344762,6.098097654186836
2024-07-03 08:01:14,1377.94,1370.82,85.85,97.97,1374.38,2748.76,7.120000000000118,0.005180517756966486,183.82,12.120000000000005,9.090000000000146,-11.670000000000073,-1.2899999999999636,20.76000000000022,16.09301078061242,7.790000000000191,-28.519999999999982,-10.365000000000009,0.0,-0.030000000000001137,0.030000000000001137,7.476770713324064,3.7350257696202878,6.53731825751232,5.7856172963651
2024-07-03 08:01:15,1377.94,1382.49,85.85,98.0,1380.2150000000001,2760.4300000000003,4.5499999999999545,0.003296587848055097,183.85,12.150000000000006,0.0,11.670000000000073,5.835000000000036,11.670000000000073,1.999999657240847,-9.090000000000146,23.340000000000146,7.125,0.0,0.030000000000001137,0.030000000000001137,7.507288509614967,4.9688436783351655,5.159115234224169,5.879866495082968
2024-07-03 08:01:16,1364.95,1372.12,85.85,98.03,1368.5349999999999,2737.0699999999997,7.169999999999845,0.005239179118371592,183.88,12.180000000000007,-12.990000000000009,-10.370000000000118,-11.680000000000291,2.619999999999891,0.2243150492880802,-12.990000000000009,-22.04000000000019,-17.515000000000327,0.0,0.030000000000001137,0.030000000000001137,7.44254400999269,5.5231008047772105,4.35801216152549,8.448407690210118
2024-07-03 08:01:17,1374.04,1357.86,85.85,98.0,1365.9499999999998,2731.8999999999996,16.180000000000064,0.011845235907723437,183.85,12.150000000000006,9.089999999999918,-14.259999999999991,-2.5850000000000364,23.34999999999991,9.032878517261533,22.079999999999927,-3.8899999999998727,9.095000000000255,0.0,-0.030000000000001137,0.030000000000001137,7.429698083058481,5.716549439979596,4.9266794090953105,8.07911458638891
2024-07-03 08:01:18,1374.04,1378.6,85.85,98.03,1376.32,2752.64,4.559999999999945,0.0033131829782948458,183.88,12.180000000000007,0.0,20.74000000000001,10.370000000000118,20.74000000000001,1.999999807135966,-9.089999999999918,35.0,12.955000000000155,0.0,0.030000000000001137,0.030000000000001137,7.484881403715024,5.800641128334966,4.797825549142414,8.459733299578804
2024-07-03 08:01:19,1380.54,1360.45,85.9,98.0,1370.495,2740.99,20.089999999999918,0.014658937088673057,183.9,12.099999999999994,6.5,-18.149999999999864,-5.8250000000000455,24.649999999999864,4.231758930170084,6.5,-38.88999999999987,-16.195000000000164,0.05000000000001137,-0.030000000000001137,0.0800000000000125,7.452392564152296,5.843015702505824,7.1764371383022265,8.882577469406193
2024-07-03 08:01:20,1380.54,1382.49,85.9,98.03,1381.5149999999999,2763.0299999999997,1.9500000000000455,0.0014114939024104346,183.93,12.129999999999995,0.0,22.039999999999964,11.019999999999982,22.039999999999964,1.9999998185118133,-6.5,40.18999999999983,16.845000000000027,0.0,0.030000000000001137,0.030000000000001137,7.5110911351541825,6.294571669282105,7.7846804687156625,10.07068207719827
2024-07-03 08:01:21,1377.94,1368.23,85.9,98.0,1373.085,2746.17,9.710000000000036,0.0070716670802815325,183.9,12.099999999999994,-2.599999999999909,-14.259999999999991,-8.429999999999836,11.660000000000082,1.3831552333149557,-2.599999999999909,-36.299999999999955,-19.449999999999818,0.0,-0.030000000000001137,0.030000000000001137,7.466476305239389,5.882043224911764,7.636109611575966,9.17216645618689
2024-07-03 08:01:22,1377.94,1381.19,85.9,98.06,1379.565,2759.13,3.25,0.0023558150559373314,183.96,12.159999999999997,0.0,12.960000000000036,6.480000000000018,12.960000000000036,1.9999996913580722,2.599999999999909,27.220000000000027,14.909999999999854,0.0,0.060000000000002274,0.060000000000002274,7.499266104048347,4.523190798511018,7.417076243372637,9.204476899856926
2024-07-03 08:01:23,1372.74,1370.82,85.9,98.03,1371.78,2743.56,1.9200000000000728,0.001399641340885879,183.93,12.129999999999995,-5.2000000000000455,-10.370000000000118,-7.785000000000082,5.170000000000073,0.6640975383304406,-5.2000000000000455,-23.330000000000155,-14.2650000000001,0.0,-0.030000000000001137,0.030000000000001137,7.4581633911914125,4.929512653369821,7.799460237734563,9.012633216768547
2024-07-03 08:01:24,1368.85,1360.45,85.9,98.0,1364.65,2729.3,8.399999999999864,0.006155424463301534,183.9,12.099999999999994,-3.8900000000001,-10.36999999999989,-7.129999999999882,6.479999999999791,0.9088357771618683,1.3099999999999454,2.2737367544323206e-13,0.6550000000002001,0.0,-0.030000000000001137,0.030000000000001137,7.42060898629359,6.7186637436123355,3.727764745796482,9.207415761222
2024-07-03 08:01:25,1371.44,1364.34,85.9,98.06,1367.8899999999999,2735.7799999999997,7.100000000000136,0.005190475838561332,183.96,12.159999999999997,2.5900000000001455,3.8899999999998727,3.2399999999997817,1.2999999999997272,0.401234444063386,6.480000000000246,14.259999999999764,10.369999999999663,0.0,0.060000000000002274,0.060000000000002274,7.435801220722976,5.646531457428339,3.3508998791374243,7.0332762635914525
2024-07-03 08:01:26,1377.94,1361.75,85.9,98.03,1369.845,2739.69,16.190000000000055,0.011818855409320907,183.93,12.129999999999995,6.5,-2.589999999999918,1.9550000000001546,9.089999999999918,4.649613989966859,3.9099999999998545,-6.479999999999791,-1.284999999999627,0.0,-0.030000000000001137,0.030000000000001137,7.447643084610215,5.589581156019356,5.603638996224084,6.43532497236929
2024-07-03 08:01:27,1372.74,1381.19,85.9,98.06,1376.9650000000001,2753.9300000000003,8.450000000000045,0.006136684660730926,183.96,12.159999999999997,-5.2000000000000455,19.440000000000055,7.120000000000118,24.6400000000001,3.4606736712536543,-11.700000000000045,22.029999999999973,5.164999999999964,0.0,0.030000000000001137,0.030000000000001137,7.485132596840985,4.596816017606772,5.107990798739082,6.61636512746993
2024-07-03 08:01:28,1375.34,1365.64,85.9,98.03,1370.49,2740.98,9.699999999999818,0.007077760503850489,183.93,12.129999999999995,2.599999999999909,-15.549999999999955,-6.475000000000136,18.149999999999864,2.803088370179322,7.7999999999999545,-34.99000000000001,-13.595000000000255,0.0,-0.030000000000001137,0.030000000000001137,7.451149853470614,4.523406625511996,3.5976895363556887,6.273829173638719
2024-07-03 08:01:29,1376.64,1376.01,85.9,98.08,1376.325,2752.65,0.6300000000001091,0.00045774072224392373,183.98000000000002,12.179999999999993,1.300000000000182,10.36999999999989,5.835000000000036,9.069999999999709,1.5544127584553373,-1.2999999999997272,25.919999999999845,12.310000000000173,0.0,0.04999999999999716,0.04999999999999716,7.480840268068049,4.083932847113154,5.577600738669165,5.332113792859347
2024-07-03 08:01:30,1377.94,1370.82,85.9,98.06,1374.38,2748.76,7.120000000000118,0.005180517756966486,183.96,12.159999999999997,1.2999999999999545,-5.190000000000055,-1.9449999999999363,6.490000000000009,3.336759209892551,-2.2737367544323206e-13,-15.559999999999945,-7.779999999999973,0.0,-0.01999999999999602,0.01999999999999602,7.471080629098279,3.283647742942487,5.576429861479729,5.609105989371297
2024-07-03 08:01:31,1372.74,1370.82,85.9,98.06,1371.78,2743.56,1.9200000000000728,0.001399641340885879,183.96,12.159999999999997,-5.2000000000000455,0.0,-2.6000000000001364,5.2000000000000455,1.999999230769439,-6.5,5.190000000000055,-0.6550000000002001,0.0,0.0,0.0,7.456947121890916,2.8102059532589236,4.0459770142702,5.840835342654435
2024-07-03 08:01:32,1377.94,1372.12,85.9,98.06,1375.03,2750.06,5.820000000000164,0.00423263492125083,183.96,12.159999999999997,5.2000000000000455,1.2999999999999545,3.25,3.900000000000091,1.1999996307693723,10.400000000000091,1.2999999999999545,5.850000000000136,0.0,0.0,0.0,7.474614005900119,2.401219481790656,3.736070127821862,4.907380411176687
2024-07-03 08:01:33,1377.94,1302.08,85.9,96.91,1340.01,2680.02,75.86000000000013,0.05661151778224685,182.81,11.009999999999991,0.0,-70.03999999999996,-35.01999999999998,70.03999999999996,1.999999942889779,-5.2000000000000455,-71.33999999999992,-38.26999999999998,0.0,-1.1500000000000057,1.1500000000000057,7.330069430938846,15.45909360213991,32.30489591377758,16.551035239525046
2024-07-03 08:01:34,1377.94,918.01,85.9,94.6,1147.975,2295.95,459.93000000000006,0.40064461299188175,180.5,8.699999999999989,0.0,-384.06999999999994,-192.03500000000008,384.06999999999994,1.9999999895852307,0.0,-314.03,-157.0150000000001,0.0,-2.3100000000000023,2.3100000000000023,6.359972263933671,98.28888327272654,197.9491811046461,83.21088067374366
2024-07-03 08:01:35,1377.94,586.68,85.9,91.8,982.31,1964.62,791.2600000000001,0.805509461569658,177.7,5.8999999999999915,0.0,-331.33000000000004,-165.66499999999996,331.33000000000004,1.9999999879274448,0.0,52.739999999999895,26.37000000000012,0.0,-2.799999999999997,2.799999999999997,5.527912180484456,173.50453158347057,348.95824323262514,93.30364324344467
2024-07-03 08:01:36,1375.34,374.9,85.9,88.82,875.1199999999999,1750.2399999999998,1000.4399999999999,1.1432032165380712,174.72,2.9199999999999875,-2.6000000000001364,-211.77999999999997,-107.19000000000005,209.17999999999984,1.9514879937355327,-2.6000000000001364,119.55000000000007,58.47499999999991,0.0,-2.980000000000004,2.980000000000004,5.008699605032626,218.08865887523683,434.5772908470943,83.23875499129
2024-07-03 08:01:37,1376.64,-93.3,85.9,85.99,641.6700000000001,1283.3400000000001,1469.94,2.2908036805666403,171.89,0.0899999999999892,1.300000000000182,-468.2,-233.44999999999982,469.50000000000017,2.0111372798837577,3.9000000000003183,-256.42,-126.25999999999976,0.0,-2.8299999999999983,2.8299999999999983,3.7330269141135215,265.414007109646,529.3608429795313,77.41762481825437
2024-07-03 08:01:38,1372.74,-94.63,85.9,85.99,639.0550000000001,1278.1100000000001,1467.37,2.2961560393140554,171.89,0.0899999999999892,-3.900000000000091,-1.3299999999999983,-2.615000000000009,2.5700000000000927,0.9827912111697409,-5.200000000000273,466.87,230.8349999999998,0.0,0.0,0.0,3.717813696446486,220.54713649807155,438.0030941329069,89.51283130088106
2024-07-03 08:01:39,1377.94,-94.63,85.9,85.99,641.655,1283.31,1472.5700000000002,2.294956008610615,171.89,0.0899999999999892,5.2000000000000455,0.0,2.599999999999909,5.2000000000000455,1.999999230769614,9.100000000000136,1.3299999999999983,5.214999999999918,0.0,0.0,0.0,3.73293964900262,162.19436197814912,323.03808108333004,102.6828863175358
2024-07-03 08:01:40,1371.44,-94.63,85.9,85.99,638.405,1276.81,1466.0700000000002,2.2964575742726683,171.89,0.0899999999999892,-6.5,0.0,-3.25,6.5,1.999999384615574,-11.700000000000045,0.0,-5.849999999999909,0.0,0.0,0.0,3.7140322083074513,105.07157747221072,209.5556474304621,102.90606094880896
2024-07-03 08:01:41,1376.64,-93.3,85.9,85.99,641.6700000000001,1283.3400000000001,1469.94,2.2908036805666403,171.89,0.0899999999999892,5.2000000000000455,1.3299999999999983,3.2650000000001,3.870000000000047,1.1852982587141407,11.700000000000045,1.3299999999999983,6.5150000000001,0.0,0.0,0.0,3.7330269141135215,1.6239204102211682,2.529598782441524,104.44369649480998
2024-07-03 08:01:42,1376.64,-91.97,85.9,85.99,642.335,1284.67,1468.6100000000001,2.286361474485492,171.89,0.0899999999999892,0.0,1.3299999999999983,0.6649999999999636,1.3299999999999983,1.9999969924858323,-5.2000000000000455,0.0,-2.6000000000001364,0.0,0.0,0.0,3.7368956673634557,1.765667012415708,2.499183866811219,2.965414389254947
2024-07-03 08:01:43,1380.54,-90.65,85.93,85.99,644.9449999999999,1289.8899999999999,1471.19,2.281109238336433,171.92000000000002,0.05999999999998806,3.8999999999998636,1.3199999999999932,2.6099999999999,2.5799999999998704,0.9885053683887359,3.8999999999998636,-0.010000000000005116,1.9449999999999363,0.030000000000001137,0.0,0.030000000000001137,3.751425059612464,2.3313719134308553,2.4938283822528593,2.659822832445847
2024-07-03 08:01:44,1380.54,-91.97,85.93,85.99,644.285,1288.57,1472.51,2.285494769728467,171.92000000000002,0.05999999999998806,0.0,-1.3199999999999932,-0.6599999999999682,1.3199999999999932,1.999996969701647,-3.8999999999998636,-2.6399999999999864,-3.269999999999868,0.0,0.0,0.0,3.7475860647534542,2.5739794091512893,2.4765056026848744,2.6234171418209997
2024-07-03 08:01:45,1379.24,-93.3,85.93,85.99,642.97,1285.94,1472.54,2.290215714123185,171.92000000000002,0.05999999999998806,-1.2999999999999545,-1.3299999999999983,-1.3149999999999409,0.03000000000004377,0.022813670864162933,-1.2999999999999545,-0.010000000000005116,-0.6549999999999727,0.0,0.0,0.0,3.739937158329821,1.3560853582041927,1.6966643746277321,1.994462960297887
2024-07-03 08:01:46,1379.24,-91.97,85.93,85.99,643.635,1287.27,1471.21,2.2857830877969922,171.92000000000002,0.05999999999998806,0.0,1.3299999999999983,0.6649999999999636,1.3299999999999983,1.9999969924858323,1.2999999999999545,2.6599999999999966,1.9799999999999045,0.0,0.0,0.0,3.743805236483217,1.0332981170680253,1.5983804303516589,1.5074092012456541
