time,force_left_raw,force_right_raw,force_left,force_right,dis_left,dis_right,force_avg,force_sum,force_diff,force_diff_ratio,total_delta_dis,dis_diff,left_force_rate,right_force_rate,force_rate,force_rate_diff,force_rate_ratio,left_force_acc,right_force_acc,force_acc,left_dis_rate,right_dis_rate,dis_rate_diff,stiffness_ratio,force_std_5s,force_diff_std_5s,force_rate_std_5s
2024-03-20 14:13:08,286.04,351.14,286.04,351.14,-0.26,1.85,318.59000000000003,637.1800000000001,65.09999999999997,0.20433786307059887,1.59,2.1100000000000003,0.0,0.0,0.0,0.0,0.0,0.0,0.0,0.0,0.0,0.0,0.0,200.37094316292885,0.0,0.0,0.0
2024-03-20 14:13:09,298.12,351.14,289.06000000000006,351.14,0.18,2.92,320.1,640.2,62.07999999999993,0.19393939333352242,3.1,2.7399999999999998,3.0200000000000387,0.0,1.509999999999991,3.0200000000000387,1.9999986754976036,3.0200000000000387,0.0,1.509999999999991,0.44,1.0699999999999998,0.6299999999999999,103.2580312070867,0.0,0.0,0.0
2024-03-20 14:13:10,296.77,313.41,290.98750000000007,341.70750000000004,0.18,3.25,316.3475000000001,632.6950000000002,50.71999999999997,0.16033001632593885,3.43,3.07,1.927500000000009,-9.432499999999948,-3.752499999999941,11.359999999999957,3.027314316505215,-1.0925000000000296,-9.432499999999948,-5.262499999999932,0.0,0.33000000000000007,0.33000000000000007,92.22956494764873,0.0,0.0,0.0
2024-03-20 14:13:11,306.17,313.41,294.78312500000004,334.63312500000006,0.51,3.25,314.70812500000005,629.4162500000001,39.85000000000002,0.12662526546899527,3.76,2.74,3.7956249999999727,-7.074374999999975,-1.6393750000000296,10.869999999999948,6.630571632133051,1.8681249999999636,2.3581249999999727,2.1131249999999113,0.33,0.0,0.33,83.69894715453535,0.0,0.0,0.0
2024-03-20 14:13:12,300.8,320.14,296.28734375000005,331.0098437500001,0.51,3.77,313.64859375000003,627.2971875000001,34.722500000000025,0.11070510303952198,4.28,3.26,1.5042187500000068,-3.623281249999991,-1.0595312500000205,5.127499999999998,4.839399650175725,-2.291406249999966,3.451093749999984,0.5798437500000091,0.0,0.52,0.52,73.28236459524192,2.6708034574633626,13.319690827868303,1.9549944990231698
2024-03-20 14:13:13,354.61,317.45,310.8680078125001,327.61988281250007,0.65,3.77,319.24394531250005,638.4878906250001,16.751874999999984,0.052473587028027735,4.42,3.12,14.580664062500034,-3.389960937500007,5.595351562500014,17.97062500000004,3.211705571591495,13.076445312500027,0.23332031249998408,6.654882812500034,0.14,0.0,0.14,72.22712060755191,2.800645610982886,17.083563214662632,3.5844784601101463
2024-03-20 14:13:14,364.05,353.84,324.16350585937505,334.17491210937504,1.8,3.93,329.169208984375,658.33841796875,10.011406249999993,0.03041416373808235,5.73,2.13,13.295498046874968,6.555029296874977,9.925263671874973,6.740468749999991,0.6791223179267275,-1.285166015625066,9.944990234374984,4.329912109374959,1.15,0.16000000000000014,0.9899999999999998,57.446623305017745,6.2621274330817815,16.754509505343584,5.7284404695804865
2024-03-20 14:13:15,373.49,384.91,336.4951293945313,346.8586840820313,2.95,5.0,341.67690673828133,683.3538134765627,10.36355468749997,0.030331446032162864,7.95,2.05,12.331623535156268,12.683771972656245,12.507697753906314,0.35214843749997726,0.028154534613331398,-0.9638745117187,6.128742675781268,2.582434082031341,1.1500000000000001,1.0699999999999998,0.0800000000000003,42.978221856611256,11.77732846733013,14.023043654582215,6.3591608897121725
2024-03-20 14:13:16,389.69,394.38,349.7938470458985,358.73901306152345,4.1,6.07,354.26643005371096,708.5328601074219,8.945166015624977,0.025249826773084197,10.17,1.9700000000000006,13.298717651367156,11.880328979492162,12.58952331542963,1.4183886718749932,0.11266419892740716,0.9670941162108875,-0.803442993164083,0.08182556152331699,1.1499999999999995,1.0700000000000003,0.07999999999999918,34.83445380720326,16.55403964577347,10.820981113158796,5.764289314439993
2024-03-20 14:13:17,399.15,409.28,362.1328852844239,371.37425979614255,5.25,7.11,366.75357254028324,733.5071450805665,9.241374511718675,0.02519777632297188,12.36,1.8600000000000003,12.339038238525404,12.635246734619102,12.487142486572282,0.2962084960936977,0.023721077315417866,-0.9596794128417514,0.7549177551269395,-0.10238082885734912,1.1500000000000004,1.04,0.11000000000000032,29.672616736866225,19.010061965972277,3.2311728367420582,3.027308684859556
2024-03-20 14:13:18,407.26,409.28,373.4146639633179,380.8506948471069,6.39,8.17,377.1326794052124,754.2653588104248,7.436030883789044,0.019717280602146062,14.559999999999999,1.7800000000000002,11.281778678894,9.476435050964369,10.379106864929156,1.8053436279296307,0.1739401547246521,-1.0572595596314045,-3.158811683654733,-2.1080356216431255,1.1399999999999997,1.0599999999999996,0.08000000000000007,25.901967960387672,19.144658411528784,1.1391309898602597,1.311767813990626
2024-03-20 14:13:19,418.09,414.7,384.5834979724884,389.3130211353302,7.54,9.24,386.9482595539093,773.8965191078186,4.729523162841815,0.01222262417221256,16.78,1.7000000000000002,11.168834009170496,8.462326288223267,9.815580148696881,2.7065077209472292,0.275735861172779,-0.11294466972350392,-1.0141087627411025,-0.5635267162322748,1.1500000000000004,1.0700000000000003,0.08000000000000007,23.06008560749843,17.962092568982587,2.1755682803338114,1.3467612927436519
2024-03-20 14:13:20,422.15,426.9,393.9751234793663,398.70976585149765,8.67,10.28,396.34244466543197,792.6848893308639,4.734642372131361,0.011945837302846075,18.95,1.6099999999999994,9.391625506877915,9.396744716167461,9.394185111522688,0.005119209289546234,0.0005449337738015572,-1.7772085022925808,0.9344184279441947,-0.421395037174193,1.13,1.0399999999999991,0.09000000000000075,20.915167480225037,16.525663492609553,2.195618309975169,1.5068845589014335
2024-03-20 14:13:21,434.34,441.83,404.0663426095247,409.4898243886232,9.82,11.35,406.778083499074,813.556166998148,5.423481779098495,0.013332777712883008,21.17,1.5299999999999994,10.091219130158436,10.78005853712557,10.435638833642031,0.6888394069671335,0.0660083538669549,0.6995936232805207,1.383313820958108,1.0414537221193427,1.1500000000000004,1.0700000000000003,0.08000000000000007,19.214835346444904,15.696496332605324,1.97651397711067,1.1894034966802691
2024-03-20 14:13:22,447.9,456.77,415.0247569571435,421.3098682914674,10.97,12.39,418.16731262430545,836.3346252486109,6.285111334323915,0.015030135377751344,23.36,1.42,10.95841434761877,11.82004390284419,11.389229125231452,0.8616295552254201,0.07565301128796975,0.8671952174603348,1.0399853657186213,0.9535902915894212,1.1500000000000004,1.040000000000001,0.10999999999999943,17.90099720562107,16.1231133282258,1.1515201298931317,0.7524544714509271
2024-03-20 14:13:23,453.33,469.01,424.60106771785763,433.23490121860056,12.12,13.46,428.91798446822906,857.8359689364581,8.633833500742924,0.020129334262627818,25.58,1.3400000000000016,9.576310760714136,11.925032927133145,10.750671843923612,2.3487221664190088,0.2184721087244814,-1.382103586904634,0.10498902428895462,-0.6385572813078397,1.1499999999999986,1.0700000000000003,0.0799999999999983,16.767707885086832,16.732333412320735,1.62469232798344,0.7821135627383141
2024-03-20 14:13:24,461.47,473.09,433.81830078839323,443.1986759139504,13.24,14.5,438.5084883511718,877.0169767023436,9.38037512555718,0.02139154737787772,27.740000000000002,1.2599999999999998,9.217233070535599,9.963774695349855,9.590503882942755,0.746541624814256,0.07784174388378882,-0.3590776901785375,-1.9612582317832903,-1.160167960980857,1.120000000000001,1.0399999999999991,0.08000000000000185,15.80780362449056,16.84101383481039,2.0251570899227835,0.8262994224329787
2024-03-20 14:13:25,469.62,477.17,442.7687255912949,451.6915069354628,14.39,15.56,447.2301162633789,894.4602325267577,8.922781344167902,0.019951208560744525,29.950000000000003,1.17,8.950424802901694,8.492831021512416,8.721627912207055,0.45759378138927786,0.05246655022765482,-0.2668082676339054,-1.4709436738374393,-0.8688759707357008,1.1500000000000004,1.0600000000000005,0.08999999999999986,14.932557640428087,16.031907187380195,1.7586291568177743,1.0401414644894165
2024-03-20 14:13:26,476.41,488.06,451.1790441934712,460.78363020159713,15.54,16.6,455.9813371975342,911.9626743950683,9.60458600812592,0.021063550640235084,32.14,1.0600000000000023,8.41031860217629,9.092123266134308,8.751220934155299,0.6818046639580189,0.07790965297051734,-0.540106200725404,0.5992922446218927,0.029593021948244314,1.1499999999999986,1.040000000000001,0.10999999999999766,14.187346702246034,14.868717983544975,1.3300576080757769,1.1966490991381484
2024-03-20 14:13:27,490.01,498.96,460.8867831451034,470.32772265119786,16.66,17.64,465.6072528981506,931.2145057963012,9.44093950609448,0.020276616025745254,34.3,0.9800000000000004,9.707738951632166,9.544092449600726,9.625915700616417,0.16364650203144038,0.01700061481115465,1.2974203494558765,0.45196918346641723,0.8746947664611184,1.120000000000001,1.0399999999999991,0.08000000000000185,13.57455508232057,14.36751712459875,0.40361194725111815,0.8297646563987262
2024-03-20 14:13:28,495.45,518.06,469.52758735882753,482.2607919883984,17.81,18.71,475.89418967361297,951.7883793472259,12.733204629570878,0.0267563775291046,36.519999999999996,0.9000000000000021,8.640804213724152,11.93306933720055,10.28693677546238,3.2922651234763975,0.320043262177545,-1.0669347379080136,2.3889768875998243,0.6610210748459622,1.1499999999999986,1.0700000000000003,0.0799999999999983,13.031056315513602,14.738273443354975,1.5396673619592116,0.662377574385184
2024-03-20 14:13:29,509.06,531.71,479.41069051912064,494.6230939912988,18.93,19.75,487.0168922552097,974.0337845104194,15.212403472178153,0.031235884592213624,38.68,0.8200000000000003,9.883103160293103,12.362302002900378,11.12270258159674,2.479198842607275,0.22289534414180343,1.2422989465689511,0.42923266569982843,0.8357658061343614,1.120000000000001,1.0399999999999991,0.08000000000000185,12.590922431858514,15.74676717601436,2.705271722305531,1.0285238731215993
2024-03-20 14:13:30,514.51,539.91,488.1855178893405,505.944820493474,20.08,20.79,497.0651691914072,994.1303383828144,17.759302604133552,0.03572831827523722,40.87,0.7100000000000009,8.774827370219839,11.321726502175238,10.04827693619751,2.5468991319553993,0.253466230544893,-1.1082757900732645,-1.04057550072514,-1.0744256453992307,1.1499999999999986,1.0399999999999991,0.10999999999999943,12.162103181534233,16.381321458955874,3.5986164539495866,0.8716465988908898
2024-03-20 14:13:31,521.33,544.01,496.47163841700535,515.4611153701055,21.2,21.86,505.96637689355543,1011.9327537871109,18.989476953100166,0.03753110440293949,43.06,0.6600000000000001,8.286120527664877,9.516294876631491,8.901207702148213,1.2301743489666137,0.13820306771031268,-0.48870684255496144,-1.805431625543747,-1.1470692340492974,1.120000000000001,1.0700000000000003,0.05000000000000071,11.750263937373235,16.121719479429284,3.855735191228071,0.8204211231328163
2024-03-20 14:13:32,532.24,556.32,505.413728812754,525.6758365275791,22.35,22.9,515.5447826701666,1031.0895653403331,20.262107714825106,0.03930232320571461,45.25,0.5499999999999972,8.942090395748664,10.214721157473605,9.578405776611135,1.2726307617249404,0.13286455580822604,0.6559698680837869,0.6984262808421136,0.6771980744629218,1.1500000000000021,1.0399999999999991,0.11000000000000298,11.393254613854408,15.547983301233065,3.023928375622442,0.8260493568095302
2024-03-20 14:13:33,545.89,568.64,515.5327966095655,536.4168773956843,23.47,23.94,525.9748370026249,1051.9496740052498,20.88408078611883,0.03970547500984183,47.41,0.4700000000000024,10.119067796811464,10.741040868105188,10.430054332458326,0.6219730712937235,0.0596327681367273,1.1769774010627998,0.5263197106315829,0.8516485558471913,1.1199999999999974,1.0400000000000027,0.07999999999999474,11.094174771323564,15.246277742926686,2.2534194021428666,0.8413566251650821
2024-03-20 14:13:34,559.55,582.35,526.537097457174,547.9001580467632,24.62,24.98,537.2186277519686,1074.4372555039372,21.363060589589168,0.03976604578887825,49.6,0.35999999999999943,11.004300847608533,11.483280651078871,11.243790749343702,0.4789798034703381,0.042599490825530106,0.8852330507970692,0.7422397829736838,0.8137364168853765,1.1500000000000021,1.0399999999999991,0.11000000000000298,10.83102050243847,15.878521155180543,1.4696947652572292,0.881935312320372
2024-03-20 14:13:35,566.38,601.55,536.4978230928805,561.3126185350724,25.74,26.02,548.9052208139765,1097.810441627953,24.814795442191894,0.04520779627525862,51.76,0.28000000000000114,9.960725635706467,13.412460488309193,11.686593062007887,3.4517348526027263,0.2953584966062969,-1.0435752119020663,1.929179837230322,0.4428023126641847,1.1199999999999974,1.0399999999999991,0.0799999999999983,10.604814725833883,17.01880438045178,2.175978787208122,1.149400552690576
2024-03-20 14:13:36,574.59,605.67,546.0208673196604,572.4019639013043,26.87,27.06,559.2114156104824,1118.4228312209648,26.381096581643874,0.04717553289871329,53.93,0.18999999999999773,9.523044226779916,11.089345366231896,10.306194796505906,1.56630113945198,0.15197665272214222,-0.43768140892655083,-2.323115122077297,-1.3803982655019809,1.1300000000000026,1.0399999999999991,0.09000000000000341,10.369208330081106,17.437900641387863,2.6945641392863853,0.8279492740445299
2024-03-20 14:13:37,526.78,602.92,541.2106504897454,580.0314729259782,27.77,28.1,560.6210617078618,1121.2421234157237,38.82082243623279,0.06924610047422035,55.870000000000005,0.33000000000000185,-4.810216829915021,7.629509024673894,1.4096460973794365,12.439725854588914,8.824709303282095,-14.333261056694937,-3.4598363415580025,-8.89654869912647,0.8999999999999986,1.0400000000000027,0.14000000000000412,10.03438431490026,14.782853492197468,7.2899290161074894,4.28998508495601
2024-03-20 14:13:38,522.69,619.4,536.5804878673091,589.8736046944837,27.77,29.17,563.2270462808964,1126.4540925617928,53.29311682717457,0.0946210184408915,56.94,1.4000000000000021,-4.6301626224362735,9.84213176850551,2.6059845730345614,14.472294390941784,5.553482160720253,0.18005420747874723,2.2126227438316164,1.196338475655125,0.0,1.0700000000000003,1.0700000000000003,9.891588275189816,10.765379082409016,13.151967337692488,5.011231821814053
2024-03-20 14:13:39,580.06,579.6,547.4503659004818,587.3052035208627,27.99,29.71,567.3777847106722,1134.7555694213445,39.85483762038098,0.07024391617740298,57.7,1.7200000000000024,10.869878033172654,-2.5684011736209413,4.150738429775856,13.438279206793595,3.2375627124151403,15.500040655608927,-12.410532942126451,1.5447538567412948,0.21999999999999886,0.5399999999999991,0.3200000000000003,9.83323699960893,6.87133155794497,11.591999180547601,4.660634241058858
2024-03-20 14:13:40,532.24,574.12,543.6477744253614,584.0089026406471,28.21,29.71,563.8283385330042,1127.6566770660083,40.3611282152857,0.07158407157879855,57.92,1.5,-3.80259147512038,-3.2963008802156537,-3.5494461776680737,0.5062905949047263,0.14263928143236956,-14.672469508293034,-0.7278997065947124,-7.70018460744393,0.22000000000000242,0.0,0.22000000000000242,9.734605124281751,3.154661545821057,9.531410275993077,5.007075445998034
2024-03-20 14:13:41,529.51,624.9,540.113330819021,594.2316769804853,28.21,30.18,567.1725038997531,1134.3450077995062,54.118346161464274,0.09541778858097082,58.39,1.9699999999999989,-3.5344436063403464,10.222774339838224,3.344165366748939,13.75721794617857,4.113795917262565,0.2681478687800336,13.519075220053878,6.893611544417013,0.0,0.46999999999999886,0.46999999999999886,9.71352105131413,2.8516087463654305,7.708349366092516,3.0460265940066176
2024-03-20 14:13:42,532.24,579.6,538.1449981142657,590.573757735364,28.51,30.21,564.3593779248149,1128.7187558496298,52.428759621098266,0.09289959833924002,58.72,1.6999999999999993,-1.968332704755312,-3.6579192451213203,-2.8131259749382025,1.6895865403660082,0.6006079908295374,1.5661109015850343,-13.880693584959545,-6.1572913416871415,0.3000000000000007,0.030000000000001137,0.2699999999999996,9.611024664744384,1.9438313089337766,7.241556431190736,3.637322895995177
2024-03-20 14:13:43,533.6,578.23,537.0087485856993,587.487818301523,28.51,30.21,562.2482834436112,1124.4965668872223,50.4790697158237,0.08978074475723248,58.72,1.6999999999999993,-1.1362495285663954,-3.085939433840963,-2.111094481203736,1.9496899052745675,0.923544161139914,0.8320831761889167,0.5719798112803574,0.7020314937344665,0.0,0.0,0.0,9.575072783864755,2.2208515803234263,6.82584671740962,3.6465546068122463
2024-03-20 14:13:44,600.6,635.9,552.9065614392745,599.5908637261423,29.06,31.16,576.2487125827083,1152.4974251654166,46.68430228686782,0.08101415445531797,60.22,2.1000000000000014,15.897812853575147,12.103045424619268,14.00042913909715,3.794767428955879,0.2710464886617115,17.034062382141542,15.18898485846023,16.111523620300886,0.5499999999999972,0.9499999999999993,0.40000000000000213,9.569058502385417,5.588344629497629,5.476351105430709,7.3557078456881655
2024-03-20 14:13:45,608.83,640.03,566.8874210794559,609.7006477946068,30.18,32.2,588.2940344370313,1176.5880688740626,42.813226715150904,0.07277521806479961,62.38,2.020000000000003,13.980859640181393,10.109784068464478,12.045321854322992,3.871075571716915,0.32137582516749313,-1.9169532133937537,-1.9932613561547896,-1.955107284774158,1.120000000000001,1.0400000000000027,0.0799999999999983,9.430811558291436,10.721058626565855,4.563874222848778,7.825304772004881
2024-03-20 14:13:46,618.43,652.42,579.7730658095919,620.380485845955,31.3,33.24,600.0767758277734,1200.1535516555468,40.60742003636312,0.06767037419949641,64.54,1.9400000000000013,12.88564473013605,10.67983805134827,11.782741390742103,2.2058066787877806,0.18720656071721636,-1.0952149100453425,0.5700539828837918,-0.26258046358088905,1.120000000000001,1.0399999999999991,0.08000000000000185,9.297749713821252,16.049144310599218,4.981951458273939,8.303116354282869
2024-03-20 14:13:47,625.29,670.33,591.1522993571939,632.8678643844663,32.45,34.28,612.0100818708302,1224.0201637416603,41.71556502727242,0.06816156497225036,66.73,1.8299999999999983,11.379233547601984,12.48737853851128,11.933306043056746,1.1081449909092953,0.0928615166701888,-1.506411182534066,1.8075404871630099,0.15056465231464244,1.1500000000000021,1.0399999999999991,0.11000000000000298,9.17143822417791,19.5154479621771,4.070100699617369,6.570338367426055
2024-03-20 14:13:48,640.4,678.61,603.4642245178954,644.3033982883497,33.57,35.32,623.8838114031225,1247.767622806245,40.839173770454295,0.06545958231092244,68.89,1.75,12.311925160701549,11.435533903883425,11.873729532292373,0.876391256818124,0.07380925939279555,0.9326916130995642,-1.0518446346278552,-0.05957651076437287,1.1199999999999974,1.0399999999999991,0.0799999999999983,9.056231707749903,18.813459096678145,2.477747841887684,0.9402624750520535
2024-03-20 14:13:49,651.4,689.65,615.4481683884215,655.6400487162623,34.69,36.36,635.5441085523419,1271.0882171046837,40.19188032784075,0.06324011146315352,71.05,1.6700000000000017,11.983943870526105,11.33665042791256,11.660297149219332,0.6472934426135453,0.05551259790530161,-0.327981290175444,-0.09888347597086522,-0.2134323830730409,1.1199999999999974,1.0399999999999991,0.0799999999999983,8.945026032474537,18.706141304424982,1.0440742324809185,0.14641750884931073
2024-03-20 14:13:50,656.9,688.27,625.8111262913162,663.7975365371967,35.82,37.38,644.8043314142565,1289.608662828513,37.986410245880506,0.05891153073313413,73.2,1.5600000000000023,10.362957902894664,8.15748782093442,9.260222861914599,2.205470081960243,0.23816595741609328,-1.6209859676314409,-3.1791626069781387,-2.400074287304733,1.1300000000000026,1.0200000000000031,0.10999999999999943,8.808802221385987,17.88483399127253,1.3917916434870254,1.1460546424555482
2024-03-20 14:13:51,666.53,703.46,635.9908447184871,673.7131524028975,36.94,38.42,654.8519985606923,1309.7039971213846,37.72230768441045,0.05760432541966196,75.36,1.480000000000004,10.179718427170883,9.915615865700829,10.047667146435856,0.26410256147005384,0.026284960611854726,-0.18323947572378074,1.7581280447664085,0.787444284521257,1.1199999999999974,1.0399999999999991,0.0799999999999983,8.689649547121057,16.878817724761813,1.7641870153289418,1.2241439030089765
2024-03-20 14:13:52,674.79,717.28,645.6906335388653,684.6048643021732,38.06,39.46,665.1477489205192,1330.2954978410385,38.91423076330784,0.05850464166489,77.52000000000001,1.3999999999999986,9.699788820378217,10.891711899275606,10.295750359826911,1.1919230788973891,0.1157684405188887,-0.47992960679266616,0.9760960335747768,0.24808321339105532,1.1200000000000045,1.0399999999999991,0.0800000000000054,8.580337207690686,16.110720709947973,1.358750634626839,1.110795742606445
2024-03-20 14:13:53,683.06,733.89,655.032975154149,696.9261482266298,39.18,40.5,675.9795616903893,1351.9591233807787,41.89317307248086,0.061974023157958524,79.68,1.3200000000000003,9.342341615283658,12.32128392445668,10.831812769870112,2.9789423091730214,0.27501786611760987,-0.35744720509455874,1.4295720251810735,0.5360624100432005,1.1199999999999974,1.0399999999999991,0.0799999999999983,8.483679131610318,16.009930571989788,1.7229910851184287,0.8954155321315811
2024-03-20 14:13:54,703.75,738.04,667.2122313656117,707.2046111699724,40.31,41.51,687.2084212677921,1374.4168425355842,39.99237980436067,0.05819541569701018,81.82,1.1999999999999957,12.179256211462757,10.27846294334256,11.228859577402773,1.9007932681201964,0.16927748412384766,2.836914596179099,-2.0428209811141187,0.39704680753266075,1.1300000000000026,1.009999999999998,0.12000000000000455,8.399027290011793,16.754425205560057,1.7005418923656792,0.7558160537380302
2024-03-20 14:13:55,709.27,739.43,677.7266735242088,715.2609583774793,41.43,42.55,696.493815950844,1392.987631901688,37.53428485327049,0.0538903346157336,83.97999999999999,1.1199999999999974,10.514442158597035,8.05634720750686,9.28539468305189,2.4580949510901746,0.2647270008726496,-1.6648140528657223,-2.2221157358357004,-1.9434648943508819,1.1199999999999974,1.0399999999999991,0.0799999999999983,8.293567607255019,16.66294281554844,1.7972379422495495,0.7469166513770781
2024-03-20 14:13:56,714.79,751.9,686.9925051431566,724.4207187831095,42.55,43.59,705.706611963133,1411.413223926266,37.4282136399529,0.05303650688888783,86.14,1.0400000000000063,9.2658316189478,9.159760405630209,9.212796012289004,0.10607121331759117,0.011513464713930216,-1.2486105396492349,1.1034131981233486,-0.07259867076288629,1.1199999999999974,1.0400000000000063,0.07999999999999119,8.19255402566263,16.086477828989196,1.8618030849290106,0.9046760033547342
2024-03-20 14:13:57,723.08,767.16,696.0143788573674,735.1055390873321,43.67,44.6,715.5599589723497,1431.1199179446994,39.09116022996466,0.05463016716513204,88.27000000000001,0.9299999999999997,9.02187371421087,10.684820304222626,9.85334700921669,1.6629465900117566,0.1687697002537877,-0.2439579047369307,1.525059898592417,0.6405509969276864,1.1200000000000045,1.009999999999998,0.11000000000000654,8.106490890062975,15.451408436107233,1.8578204876962021,0.9110272905780261
2024-03-20 14:13:58,732.75,779.65,705.1982841430256,746.2416543154991,44.77,45.64,725.7199692292623,1451.4399384585247,41.04337017247349,0.056555382042893856,90.41,0.8699999999999974,9.18390528565817,11.136115228167,10.160010256912642,1.95220994250883,0.1921464349934249,0.16203157144730085,0.4512949239443742,0.3066632476959512,1.1000000000000014,1.0399999999999991,0.060000000000002274,8.026987735895085,15.19664569950377,1.5641070931396506,0.8176306426347474
2024-03-20 14:13:59,747.97,783.82,715.8912131072693,755.6362407366244,45.89,46.65,735.7637269219468,1471.5274538438937,39.745027629355036,0.05401873743030095,92.53999999999999,0.759999999999998,10.69292896424372,9.394586421125268,10.043757692684494,1.2983425431184514,0.12926859185337822,1.5090236785855495,-1.7415288070417319,-0.116252564228148,1.1199999999999974,1.009999999999998,0.10999999999999943,7.950764198953779,15.585306470484117,1.5290995751183525,0.43644806231300864
2024-03-20 14:14:00,754.89,793.54,725.640909830452,765.1121805524683,47.01,47.69,745.3765451914601,1490.7530903829202,39.47127072201636,0.05295480643132233,94.69999999999999,0.6799999999999997,9.749696723182637,9.475939815843958,9.612818269513241,0.2737569073386794,0.028478316263251823,-0.9432322410610823,0.08135339471868974,-0.4309394231712531,1.1199999999999974,1.0399999999999991,0.0799999999999983,7.870924364525194,15.739866362373663,1.3036821032256283,0.37714922061033357
2024-03-20 14:14:01,765.97,804.67,735.7231823728389,775.0016354143513,48.13,48.71,755.3624088935951,1510.7248177871902,39.27845304151242,0.05199948068245205,96.84,0.5799999999999983,10.082272542386931,9.889454861882996,9.98586370213502,0.19281768050393566,0.01930906198465822,0.332575819204294,0.41351504603903777,0.3730454326217796,1.1200000000000045,1.0200000000000031,0.10000000000000142,7.800107404930687,15.695295858416996,0.7752472085680681,0.20942749008676362
2024-03-20 14:14:02,774.29,821.37,745.3648867796292,786.5937265607635,49.23,49.75,765.9793066701964,1531.9586133403927,41.2288397811343,0.053825004629088465,98.97999999999999,0.5200000000000031,9.641704406790268,11.592091146412145,10.616897776601263,1.9503867396218766,0.1837058806588947,-0.4405681355966635,1.7026362845291487,0.6310340744662426,1.0999999999999943,1.0399999999999991,0.05999999999999517,7.738728015068382,15.832170050316071,0.9146335544352355,0.36160057859607475
2024-03-20 14:14:03,788.16,828.33,756.0636650847218,797.0277949205725,50.35,50.76,776.5457300026471,1553.0914600052943,40.96412983585071,0.052751728842755134,101.11,0.4099999999999966,10.698778305092674,10.434068359809089,10.566423332450768,0.2647099452835846,0.025051988918392037,1.0570738983024057,-1.1580227866030555,-0.0504744441504954,1.1200000000000045,1.009999999999998,0.11000000000000654,7.680206926342006,16.157781244305845,0.8958511431991565,0.42339294702353586
2024-03-20 14:14:04,789.54,828.33,764.4327488135414,804.8533461904294,51.47,51.8,784.6430475019854,1569.2860950039708,40.420597376888054,0.05151463133976363,103.27,0.3299999999999983,8.369083728819533,7.825551269856874,8.09731749933826,0.5435324589626589,0.0671249944048858,-2.329694576273141,-2.6085170899522154,-2.4691058331125078,1.1199999999999974,1.0399999999999991,0.0799999999999983,7.597976565353044,15.782784962436406,0.8724918375516874,1.027195698433315
2024-03-20 14:14:05,796.49,845.06,772.447061610156,814.905009642822,52.57,52.81,793.676035626489,1587.352071252978,42.45794803266608,0.05349531304124175,105.38,0.240000000000002,8.014312796614604,10.051663452392631,9.032988124503618,2.0373506557780274,0.22554556721997432,-0.3547709322049286,2.2261121825357577,0.9356706251653577,1.1000000000000014,1.0100000000000051,0.0899999999999963,7.531562232823371,15.090466389439271,1.161269758442998,1.0814994455386162
2024-03-20 14:14:06,813.15,861.81,782.622796207617,826.6312572321166,53.69,53.83,804.6270267198668,1609.2540534397335,44.00846102449964,0.05469423659457449,107.52,0.14000000000000057,10.175734597460973,11.72624758929453,10.950991093377752,1.550512991833557,0.1415865319427249,2.1614218008463695,1.674584136901899,1.9180029688741342,1.1199999999999974,1.019999999999996,0.10000000000000142,7.483510223552424,14.948563871374752,1.4349713411992875,1.230135926980425
2024-03-20 14:14:07,824.28,872.98,793.0370971557127,838.2184429240874,54.78,54.87,815.6277700399,1631.2555400798,45.18134576837474,0.05539456523258144,109.65,0.0899999999999963,10.414300948095729,11.58718569197083,11.00074332003328,1.1728847438751018,0.10661867140564117,0.2385663506347555,-0.13906189732369967,0.04975222665552792,1.0900000000000034,1.0399999999999991,0.05000000000000426,7.438465687199583,15.55442948827411,2.0058005363123224,1.299740715393562
2024-03-20 14:14:08,831.23,877.17,802.5853228667845,847.9563321930656,55.91,55.88,825.2708275299251,1650.5416550598502,45.37100932628107,0.05497711509699373,111.78999999999999,0.02999999999999403,9.548225711071836,9.737889268978165,9.643057490025058,0.1896635579063286,0.01966840272746658,-0.8660752370238924,-1.8492964229926656,-1.3576858300082222,1.1299999999999955,1.0100000000000051,0.11999999999999034,7.382331336860129,16.32762840851346,2.070868749964062,1.2513509310328497
2024-03-20 14:14:09,843.76,884.16,812.8789921500884,857.0072491447992,57.0,56.89,834.9431206474437,1669.8862412948874,44.128256994710796,0.052851812118219994,113.89,0.10999999999999943,10.29366928330387,9.050916951733598,9.67229311751862,1.2427523315702729,0.12848578801169613,0.7454435722320341,-0.6869723172445674,0.029235627493562788,1.0900000000000034,1.009999999999998,0.0800000000000054,7.331136300959764,16.32311096074742,1.1626003839104033,0.8743246246895189
2024-03-20 14:14:10,852.12,902.35,822.6892441125663,868.3429368585994,58.09,57.9,845.5160904855828,1691.0321809711656,45.65369274603313,0.053995060775033854,115.99000000000001,0.19000000000000483,9.810251962477878,11.335687713800212,10.572969838139102,1.525435751322334,0.14427692790182886,-0.48341732082599265,2.2847707620666142,0.9006767206204813,1.0900000000000034,1.009999999999998,0.0800000000000054,7.289560162048647,15.98868130201433,0.750756697994697,0.6692916156374015
2024-03-20 14:14:11,863.27,907.95,832.8344330844246,878.2447026439495,59.22,58.92,855.5395678641871,1711.0791357283742,45.41026955952486,0.053077930246769836,118.14,0.29999999999999716,10.145188971858374,9.901765785350108,10.023477378604298,0.24342318650826655,0.024285300702385673,0.3349370093804964,-1.4339219284501041,-0.5494924595348039,1.1299999999999955,1.0200000000000031,0.10999999999999233,7.241743360609817,15.824706359215316,0.5948166076488022,0.5913092049748291
2024-03-20 14:14:12,873.04,910.75,842.8858248133184,886.3710269829621,60.31,59.93,864.6284258981402,1729.2568517962804,43.485202169643685,0.050293514319957204,120.24000000000001,0.38000000000000256,10.051391728893805,8.126324339012626,9.088858033953102,1.9250673898811783,0.2118051762811741,-0.0937972429645697,-1.7754414463374815,-0.9346193446511961,1.0900000000000034,1.009999999999998,0.0800000000000054,7.1908551123360365,15.707034408272584,0.9495702688681056,0.5463715124651908
2024-03-20 14:14:13,875.83,926.17,851.1218686099888,896.3207702372216,61.41,60.94,873.7213194236052,1747.4426388472104,45.19890162723277,0.05173148528104939,122.35,0.46999999999999886,8.236043796670401,9.949743254259488,9.092893525465001,1.7136994575890867,0.1884657798228942,-1.8153479322234034,1.8234189152468616,0.004035491511899636,1.0999999999999943,1.009999999999998,0.0899999999999963,7.141163157192008,15.293982351279837,0.9269864552308755,0.6342444693637137
2024-03-20 14:14:14,891.19,948.61,861.1389014574917,909.3930776779163,62.53,61.95,885.265989567704,1770.531979135408,48.2541762204246,0.054508110256760375,124.48,0.5799999999999983,10.017032847502833,13.072307440694658,11.544670144098745,3.0552745931918253,0.2646480402132183,1.7809890508324315,3.12256418643517,2.451776618633744,1.1200000000000045,1.0100000000000051,0.10999999999999943,7.11171258399736,15.459711532253543,1.7114891704595228,1.0424759526356482
2024-03-20 14:14:15,902.37,952.83,871.4466760931188,920.2523082584372,63.62,62.97,895.849492175778,1791.698984351556,48.80563216531846,0.05447972291897264,126.59,0.6499999999999986,10.307774635627084,10.859230580520943,10.583502608074014,0.5514559448938599,0.05210523521465628,0.2907417881242509,-2.2130768601737145,-0.9611675360247318,1.0899999999999963,1.019999999999996,0.07000000000000028,7.076779248747917,16.0312573857562,2.2360793760427873,1.043769950232742
2024-03-20 14:14:16,903.76,964.07,879.5250070698391,931.206731193828,64.72,63.98,905.3658691318335,1810.731738263667,51.68172412398883,0.05708379985260906,128.7,0.740000000000002,8.078330976720395,10.954422935390767,9.516376956055524,2.876091958670372,0.30222548662437676,-2.229443658906689,0.09519235486982325,-1.0671256520184897,1.1000000000000014,1.009999999999998,0.09000000000000341,7.034699783194513,16.391726706258222,3.208302632223351,1.07323808924723
2024-03-20 14:14:17,912.16,979.53,887.6837553023793,943.287548395371,65.81,64.99,915.4856518488751,1830.9713036977503,55.60379309299174,0.06073693554886392,130.8,0.8200000000000074,8.15874823254012,12.080817201543027,10.11978271704163,3.9220689690029076,0.3875645051976928,0.08041725581972514,1.1263942661522606,0.6034057609861065,1.0900000000000034,1.009999999999998,0.0800000000000054,6.999125725150989,16.39567976770927,3.9279163711033345,0.9553265391550452
2024-03-20 14:14:18,930.35,992.2,898.3503164767844,955.5156612965282,66.91,66.0,926.9329888866563,1853.8659777733126,57.16534481974372,0.061671496692262295,132.91,0.9099999999999966,10.66656117440516,12.228112901157147,11.447337037781153,1.5615517267519863,0.13641177727068005,2.5078129418650406,0.14729569961411926,1.327554320739523,1.0999999999999943,1.0100000000000051,0.0899999999999892,6.974140259668317,16.28849080401654,3.9858552383088437,0.8669689510861049
2024-03-20 14:14:19,934.55,995.02,907.4002373575884,965.391745972396,68.0,67.02,936.3959916649922,1872.7919833299843,57.991508614807685,0.06193053907648973,135.01999999999998,0.980000000000004,9.049920880803938,9.8760846758679,9.463002778335863,0.8261637950639624,0.08730460374065806,-1.6166402936012219,-2.3520282252892457,-1.9843342594452906,1.0900000000000034,1.019999999999996,0.07000000000000739,6.9352391107225095,16.239756779166054,3.8912741861820415,0.8240879823474759
2024-03-20 14:14:20,877.22,1007.69,899.8551780181913,975.966309479297,68.6,68.03,937.9107437487442,1875.8214874974883,76.11113146110574,0.0811496529784346,136.63,0.5699999999999932,-7.545059339397085,10.574563506900972,1.5147520837520005,18.119622846298057,11.962096688006909,-16.594980220201023,0.6984788310330714,-7.948250694583862,0.5999999999999943,1.0100000000000051,0.4100000000000108,6.864603212209185,13.91601704059677,9.483403161357804,3.937831781183291
2024-03-20 14:14:21,871.64,989.38,892.8013835136434,979.3197321094729,68.6,69.02,936.060557811558,1872.121115623116,86.51834859582948,0.09242815305205784,137.62,0.4200000000000017,-7.053794504547909,3.353422630175828,-1.8501859371860974,10.407217134723737,5.6249543900422365,0.4912648348491757,-7.221140876725144,-3.364938020938098,0.0,0.9899999999999949,0.9899999999999949,6.801777001960333,9.47021001402713,13.88530879514422,5.9220948221012355
2024-03-20 14:14:22,944.36,958.45,905.6910376352325,974.1022990821045,69.07,69.02,939.8966683586685,1879.793336717337,68.411261446872,0.07278593879213544,138.08999999999997,0.04999999999999716,12.88965412158916,-5.217433027368315,3.8361105471104793,18.107087148957476,4.720167004162456,19.94344862613707,-8.570855657544143,5.686296484296577,0.46999999999999886,0.0,0.46999999999999886,6.806406412863077,4.990859540577282,12.437508194491892,5.519144123822818
2024-03-20 14:14:23,958.39,958.45,918.8657782264244,970.1892243115783,70.14,69.02,944.5275012690013,1889.0550025380026,51.32344608515393,0.054337693674203914,139.16,1.1200000000000045,13.174740591191835,-3.9130747705262365,4.630832910332742,17.08781536171807,3.6900082560918817,0.2850864696026747,1.3043582568420788,0.7947223632222631,1.0700000000000074,0.0,1.0700000000000074,6.787349054912707,3.462522413108559,14.02801545656088,4.1687248601568605
2024-03-20 14:14:24,961.19,1026.03,929.4468336698183,984.1494182336837,71.23,70.0,956.798125951751,1913.596251903502,54.70258456386546,0.05717254562165753,141.23000000000002,1.230000000000004,10.581055443393893,13.960193922105418,12.270624682749713,3.379138478711525,0.27538436637847935,-2.5936851477979417,17.873268692631655,7.63979177241697,1.0900000000000034,0.980000000000004,0.10999999999999943,6.774751250987748,8.312657491602376,14.680742206279223,5.224864420833896
2024-03-20 14:14:25,971.02,1041.55,939.8401252523637,998.4995636752628,72.33,71.01,969.1698444638132,1938.3396889276264,58.65943842289914,0.06052544731705581,143.34,1.3199999999999932,10.39329158254543,14.350145441579116,12.371718512062216,3.9568538590336857,0.3198305502461336,-0.18776386084846308,0.38995151947369777,0.10109382931250366,1.0999999999999943,1.0100000000000051,0.0899999999999892,6.761335549759157,13.57860802753302,14.161251437684035,6.078341038451149
2024-03-20 14:14:26,972.42,1057.1,947.9850939392728,1013.1496727564471,73.42,72.0,980.56738334786,1961.13476669572,65.16457881717429,0.06645599257873838,145.42000000000002,1.4200000000000017,8.144968686909124,14.650109081184269,11.397538884046753,6.505140394275145,0.5707495179183758,-2.2483228956363064,0.2999636396051528,-0.9741796280154631,1.0900000000000034,0.9899999999999949,0.10000000000000853,6.743002177175476,16.91560979752443,7.105629597784181,4.287201749663676
2024-03-20 14:14:27,993.5,1061.34,959.3638204544546,1025.1972545673352,74.52,73.01,992.2805375108949,1984.5610750217897,65.83343411288058,0.0663455863113834,147.53,1.509999999999991,11.378726515181825,12.047581810888119,11.713154163034915,0.6688552957062939,0.05710291432125035,3.233757828272701,-2.60252727029615,0.31561527898816166,1.0999999999999943,1.0100000000000051,0.0899999999999892,6.725957641055631,18.861711787571913,6.366271787021288,3.2924225913032497
2024-03-20 14:14:28,999.13,1075.49,969.305365340841,1037.7704409255014,75.61,74.0,1003.5379031331712,2007.0758062663424,68.46507558466033,0.06822370665091977,149.61,1.6099999999999994,9.941544886386396,12.57318635816614,11.257365622276325,2.6316414717797443,0.23377061084358702,-1.4371816287954289,0.5256045472780215,-0.45578854075859,1.0900000000000034,0.9899999999999949,0.10000000000000853,6.707692643710169,18.436902993677375,5.685999278975822,0.5030649129168833
2024-03-20 14:14:29,1010.38,1088.23,979.5740240056308,1050.385330694126,76.68,75.01,1014.9796773498783,2029.9593546997567,70.81130668849516,0.06976623098860259,151.69,1.6700000000000017,10.268658664789768,12.614889768624607,11.441774216707131,2.346231103834839,0.20505831126702287,0.32711377840337263,0.04170341045846726,0.18440859443080626,1.0700000000000074,1.0100000000000051,0.060000000000002274,6.691144245887891,18.118573946404204,4.571855327877265,0.44305342883477006
2024-03-20 14:14:30,945.76,1098.15,971.1205180042232,1062.3264980205945,76.98,75.99,1016.7235080124088,2033.4470160248177,91.20598001637131,0.0897057845204779,152.97,0.9900000000000091,-8.453506001407618,11.94116732646853,1.743830662530513,20.39467332787615,11.695322298644918,-18.722164666197386,-0.6737224421560768,-9.697943554176618,0.29999999999999716,0.9799999999999898,0.6799999999999926,6.646554888970739,15.335526473933262,10.806127500507435,4.344971606382131
2024-03-20 14:14:31,944.36,1095.31,964.4303885031674,1070.5723735154459,76.98,77.01,1017.5013810093067,2035.0027620186133,106.1419850122785,0.10431630549992478,153.99,0.030000000000001137,-6.6901295010558215,8.245875494851362,0.7778729968978269,14.936004995907183,19.20105962594481,1.7633765003517965,-3.695291831617169,-0.9659576656326863,0.0,1.0200000000000102,1.0200000000000102,6.607580845520656,10.920822067669594,17.50676573276472,5.604963281647553
2024-03-20 14:14:32,941.56,1103.82,958.7127913773755,1078.8842801365843,76.98,77.99,1018.7985357569798,2037.5970715139597,120.17148875920873,0.11795412382681303,154.97,1.009999999999991,-5.717597125791826,8.311906621138405,1.2971547476731757,14.029503746930232,10.81558923983971,0.9725323752639952,0.06603112628704366,0.5192817507753489,0.0,0.9799999999999898,0.9799999999999898,6.574166155919299,6.177447073726608,22.333041916112304,5.530150856941771
2024-03-20 14:14:33,938.76,1113.75,953.7245935330316,1087.6007101024381,76.98,79.0,1020.6626518177349,2041.3253036354697,133.87611656940658,0.1311658814984715,155.98000000000002,2.019999999999996,-4.988197844343972,8.716429965853877,1.8641160607550091,13.704627810197849,7.351806438940679,0.7293992814478543,0.40452334471547147,0.5669613130818334,0.0,1.0100000000000051,1.0100000000000051,6.543548181011582,2.1431129901821118,24.61142894855155,4.5018430845174775
2024-03-20 14:14:34,940.16,1112.33,950.3334451497736,1093.7830325768286,76.98,79.99,1022.0582388633011,2044.1164777266022,143.449587427055,0.14035363331764852,156.97,3.009999999999991,-3.391148383257928,6.182322474390503,1.3955870455662307,9.57347085764843,6.8598114522858324,1.5970494610860442,-2.5341074914633737,-0.46852901518877843,0.0,0.9899999999999949,0.9899999999999949,6.51116921929115,2.2065412641561446,20.965953689882564,0.42720823030184196
2024-03-20 14:14:35,940.16,1115.16,947.7900838623302,1099.1272744326216,76.98,80.98,1023.4586791474759,2046.9173582949518,151.33719057029134,0.14786839322959702,157.96,4.0,-2.5433612874434175,5.344241855792916,1.400440284174806,7.887603143236333,5.632226950438707,0.8477870958145104,-0.8380806185975871,0.004853238608575339,0.0,0.9900000000000091,0.9900000000000091,6.479226846469037,2.4028607184265725,18.111067383285903,0.3869805144456337
2024-03-20 14:14:36,934.55,1130.78,944.4800628967478,1107.040455824466,76.98,81.99,1025.760259360607,2051.520518721214,162.56039292771834,0.15847795943134904,158.97,5.009999999999991,-3.310020965582453,7.913181391844546,2.3015802131311602,11.223202357426999,4.876300820234155,-0.7666596781390353,2.56893953605163,0.9011399289563542,0.0,1.009999999999991,1.009999999999991,6.45253980567445,2.6551611994883397,16.233503115628174,0.4248212776653695
2024-03-20 14:14:37,934.55,1132.2,941.9975471725609,1113.3303418683495,76.98,82.97,1027.663944520455,2055.32788904091,171.3327946957886,0.16672064388618596,159.95,5.989999999999995,-2.4825157241868965,6.289886043883371,1.9036851598480098,8.772401768070267,4.6081134343964845,0.8275052413955564,-1.6232953479611751,-0.39789505328315045,0.0,0.980000000000004,0.980000000000004,6.42490739665863,2.8148250779716837,14.882843817782838,0.38275940088338184
2024-03-20 14:14:38,934.55,1133.62,940.1356603794206,1118.4027564012622,76.98,83.99,1029.2692083903414,2058.538416780683,178.26709602184155,0.17319773524307894,160.97,7.009999999999991,-1.8618867931402292,5.072414532912717,1.6052638698863575,6.934301326052946,4.319724087990445,0.6206289310466673,-1.217471510970654,-0.2984212899616523,0.0,1.019999999999996,1.019999999999996,6.394167869765631,2.952503998119027,14.2125185583788,0.38486807514437804
2024-03-20 14:14:39,930.35,1143.57,937.6892452845655,1124.6945673009466,76.98,84.97,1031.191906292756,2062.383812585512,187.00532201638111,0.1813487098704414,161.95,7.989999999999995,-2.4464150948551833,6.2918108996843785,1.922697902414484,8.738225994539562,4.544770886157102,-0.5845283017149541,1.2193963667716616,0.3174340325281264,0.0,0.980000000000004,0.980000000000004,6.367347328962079,3.005879762718329,13.810320810952076,0.34328735353083784
2024-03-20 14:14:40,1044.2,1154.94,964.3169339634242,1132.2559254757098,77.8,85.96,1048.286429719567,2096.572859439134,167.9389915122856,0.16020334384850193,163.76,8.159999999999997,26.627688678858703,7.5613581747632,17.094523426811065,19.066330504095504,1.1153472321342766,29.074103773713887,1.2695472750788213,15.171825524396581,0.8199999999999932,0.9899999999999949,0.1700000000000017,6.401358227395022,9.085021649847734,9.491894643531303,6.7848032299583405
2024-03-20 14:14:41,1059.73,1147.83,988.1702004725681,1136.1494441067823,78.9,86.97,1062.1598222896753,2124.3196445793506,147.97924363421419,0.13931918755493808,165.87,8.069999999999993,23.853266509143964,3.8935186310725385,13.873392570108308,19.959747878071425,1.4387069592746804,-2.7744221697147395,-3.6678395436906612,-3.2211308567027572,1.1000000000000085,1.0100000000000051,0.09000000000000341,6.403567950118209,15.035167767582672,14.553265134351129,7.576374014204061
2024-03-20 14:14:42,1073.86,1167.75,1009.592650354426,1144.0495830800867,79.96,87.95,1076.8211167172562,2153.6422334345125,134.45693272566064,0.12486468784220606,167.91,7.990000000000009,21.422449881857915,7.900138973304365,14.66129442758097,13.52231090855355,0.9223135142011565,-2.430816627286049,4.006620342231827,0.7879018574726615,1.059999999999988,0.980000000000004,0.07999999999998408,6.413085047371635,20.326387131773718,21.644741168088625,7.460486420553695
2024-03-20 14:14:43,1088.0,1184.84,1029.1944877658195,1154.247187310065,81.06,88.94,1091.7208375379423,2183.4416750758846,125.05269954424557,0.11454640703910994,170.0,7.8799999999999955,19.60183741139349,10.197604229978424,14.89972082068607,9.404233181415066,0.6311683731140989,-1.8206124704644253,2.2974652566740588,0.23842639310510094,1.1000000000000085,0.9899999999999949,0.11000000000001364,6.421887241859148,23.66544626386715,25.141214323963094,6.027117014103545
2024-03-20 14:14:44,1103.56,1118.0,1047.7858658243645,1145.1853904825489,82.12,89.05,1096.4856281534567,2192.9712563069133,97.39952465818442,0.08882882006705538,171.17000000000002,6.929999999999993,18.591378058544933,-9.061796827516218,4.764790615514357,27.65317488606115,5.803648326617533,-1.0104593528485566,-19.259401057494642,-10.134930205171713,1.0600000000000023,0.10999999999999943,0.9500000000000028,6.405828251139968,20.143083106653858,26.294169203813954,4.787958702461686
2024-03-20 14:14:45,1106.4,1118.0,1062.4393993682734,1138.3890428619115,83.19,89.05,1100.4142211150925,2200.828442230185,75.94964349363818,0.06901914021763214,172.24,5.859999999999999,14.653533543908907,-6.796347620637334,3.928592961635786,21.44988116454624,5.459938434465991,-3.9378445146360264,2.265449206878884,-0.8361976538785711,1.0699999999999932,0.0,1.0699999999999932,6.388842398549989,15.826415277104335,29.133957994729283,5.570053889859656
2024-03-20 14:14:46,1110.65,1190.54,1074.492049526205,1151.4267821464337,84.29,89.9,1112.9594158363193,2225.9188316726386,76.93473262022871,0.06912626952645061,174.19,5.609999999999999,12.052650157931566,13.037739284522104,12.545194721226835,0.9850891265905375,0.078523217053022,-2.6008833859773404,19.834086905159438,8.616601759591049,1.1000000000000085,0.8500000000000085,0.25,6.389341577857384,13.162185833939525,26.985755449926696,5.393386616662135
2024-03-20 14:14:47,1127.65,1206.23,1087.7815371446536,1165.1275866098254,85.35,90.88,1126.4545618772395,2252.909123754479,77.34604946517175,0.06866326615750136,176.23,5.530000000000001,13.289487618448675,13.700804463391705,13.49514604092019,0.41131684494303045,0.030478870937517707,1.2368374605171084,0.6630651788696014,0.9499513196933549,1.059999999999988,0.9799999999999898,0.0799999999999983,6.39195684892063,14.06830426585121,21.27346693850634,5.170683087652506
2024-03-20 14:14:48,1136.16,1211.94,1099.8761528584903,1176.830689957369,86.42,91.87,1138.3534214079295,2276.706842815859,76.95453709887875,0.0676016214156925,178.29000000000002,5.450000000000003,12.094615713836674,11.703103347543674,11.89885953069006,0.391512366293,0.03290334946637909,-1.1948719046120004,-1.997701115848031,-1.5962865102301294,1.0700000000000074,0.9900000000000091,0.0799999999999983,6.384841634545335,17.580230578762116,9.22848177065612,4.590785117493097
2024-03-20 14:14:49,1141.84,1213.37,1110.3671146438678,1185.9655174680267,87.49,92.85,1148.1663160559474,2296.332632111895,75.59840282415894,0.06584272827128686,180.33999999999997,5.359999999999999,10.490961785377522,9.134827510657715,9.812894648017846,1.3561342747198069,0.1381991945459788,-1.6036539284591527,-2.5682758368859595,-2.085964882672215,1.0699999999999932,0.9799999999999898,0.09000000000000341,6.366675777360939,19.14536900328083,0.7434895212594278,3.828569543796239
2024-03-20 14:14:50,1151.78,1236.22,1120.720335982901,1198.5291381010202,88.58,93.84,1159.6247370419605,2319.249474083921,77.80880211811927,0.0670982599504563,182.42000000000002,5.260000000000005,10.353221339033098,12.563620632993434,11.458420986013152,2.210399293960336,0.19290608223876587,-0.13774044634442362,3.428793122335719,1.6455263379953067,1.0900000000000034,0.9900000000000091,0.09999999999999432,6.356894697319733,18.217372672413724,0.8244929727059946,1.3688507032342165
2024-03-20 14:14:51,1161.73,1254.82,1130.9727519871758,1212.601853575765,89.65,94.82,1171.7873027814703,2343.5746055629406,81.62910158858926,0.06966204645259792,184.47,5.1699999999999875,10.252416004274892,14.072715474744882,12.162565739509773,3.8202994704699904,0.3141030632999406,-0.1008053347582063,1.5090948417514483,0.704144753496621,1.0700000000000074,0.9799999999999898,0.09000000000001762,6.352183533524621,17.70884195906103,2.2587223042825006,1.3298577503124442
2024-03-20 14:14:52,1171.68,1253.39,1141.149563990382,1222.798890181824,90.72,95.81,1181.974227086103,2363.948454172206,81.64932619144201,0.06907877029066163,186.53,5.090000000000003,10.176812003206123,10.197036606058873,10.186924304632612,0.02022460285274974,0.0019853490869862754,-0.07560400106876841,-3.875678868686009,-1.9756414348771614,1.0699999999999932,0.9900000000000091,0.07999999999998408,6.336644082718377,17.539645510786467,2.77195828923755,1.047133966149111
2024-03-20 14:14:53,1183.06,1260.55,1151.6271729927864,1232.2366676363679,91.79,96.79,1191.9319203145772,2383.8638406291543,80.60949464358146,0.06762927747977213,188.58,5.0,10.477609002404506,9.437777454543948,9.957693228474227,1.0398315478605582,0.10442493251973324,0.30079699919838276,-0.7592591515149252,-0.2292310761583849,1.0700000000000074,0.980000000000004,0.09000000000000341,6.320563760706402,17.389027989098697,2.667295974149392,1.0385435037215585
2024-03-20 14:14:54,1187.33,1270.57,1160.5528797445897,1241.8200007272758,92.85,97.78,1201.1864402359329,2402.3728804718658,81.26712098268604,0.06765570954919214,190.63,4.930000000000007,8.925706751803318,9.5833330909079,9.254519921355723,0.6576263391045813,0.07106000890732697,-1.551902250601188,0.14555563636395163,-0.7031733071185045,1.059999999999988,0.9899999999999949,0.06999999999999318,6.3011406071174125,16.34985661546686,1.6121259470085822,1.1802461018653208
2024-03-20 14:14:55,1198.72,1283.47,1170.0946598084424,1252.2325005454568,93.92,98.74,1211.1635801769496,2422.327160353899,82.13784073701436,0.06781729736060657,192.66,4.819999999999993,9.541780063852684,10.412499818181004,9.97713994101673,0.87071975432832,0.08727146980040441,0.616073312049366,0.8291667272731047,0.722620019661008,1.0700000000000074,0.9599999999999937,0.11000000000001364,6.286533654574982,15.491463569952646,0.5666699586879745,1.0949973318931296
2024-03-20 14:14:56,1137.58,1294.94,1161.9659948563317,1262.9093754090927,94.55,99.72,1212.4376851327122,2424.8753702654244,100.94338055276103,0.08325655141480967,194.26999999999998,5.170000000000002,-8.12866495211074,10.67687486363593,1.2741049557625956,18.80553981574667,14.759792724217286,-17.670445015963423,0.2643750454549263,-8.703034985254135,0.6299999999999955,0.980000000000004,0.3500000000000085,6.240992839304677,12.946141985061512,8.750781143132865,3.8487390134946957
2024-03-20 14:14:57,1133.33,1307.86,1154.8069961422489,1274.1470315568195,94.55,100.71,1214.4770138495342,2428.9540276990683,119.3400354145706,0.09826454840675271,195.26,6.159999999999997,-7.158998714082827,11.237656147726739,2.039328716821956,18.396654861809566,9.020932078839358,0.9696662380279122,0.5607812840908082,0.7652237610593602,0.0,0.9899999999999949,0.9899999999999949,6.2197941597344055,9.496854061153982,17.073134894263106,4.439625276572901
2024-03-20 14:14:58,1202.99,1309.3,1166.8527471066866,1282.9352736676146,94.96,101.69,1224.8940103871505,2449.788020774301,116.08252656092805,0.09476944574940696,196.64999999999998,6.730000000000004,12.04575096443773,8.788242110795181,10.416996537616342,3.2575088536425483,0.31271091712170496,19.204749678520557,-2.4494140369315573,8.377667820794386,0.4099999999999966,0.980000000000004,0.5700000000000074,6.228802462030756,8.466940651158495,18.052296184474653,4.532813858553477
2024-03-20 14:14:59,1139.0,1260.55,1159.889560330015,1277.338955250711,94.96,102.51,1218.614257790363,2437.228515580726,117.44939492069602,0.09637946878881935,197.47,7.550000000000011,-6.963186776671591,-5.596318416903614,-6.279752596787603,1.3668683597679774,0.21766273766970676,-19.00893774110932,-14.384560527698795,-16.696749134403944,0.0,0.8200000000000074,0.8200000000000074,6.171136130142436,5.564055822951417,15.800209726356332,6.937738663564238
2024-03-20 14:15:00,1134.75,1256.25,1153.6046702475112,1272.0667164380334,94.96,102.51,1212.8356933427722,2425.6713866855443,118.46204619052219,0.09767361460673038,197.47,7.550000000000011,-6.284890082503807,-5.272238812677642,-5.778564447590725,1.012651269826165,0.17524267554127518,0.6782966941677842,0.3240796042259717,0.5011881491968779,0.0,0.0,0.0,6.141873131113075,5.216234311168128,7.6501485732772165,6.829420348430403
2024-03-20 14:15:01,1141.84,1313.61,1150.6635026856334,1282.452537328525,95.34,102.62,1216.5580200070792,2433.1160400141584,131.7890346428917,0.1083294280808698,197.96,7.280000000000001,-2.941167561877819,10.385820890491686,3.7223266643070474,13.326988452369505,3.5802835360681424,3.343722520625988,15.658059703169329,9.500891111897772,0.38000000000000966,0.10999999999999943,0.27000000000001023,6.145473903119849,4.682188584687715,6.357745364311585,6.999286787455773
2024-03-20 14:15:02,1139.0,1263.41,1147.7476270142251,1277.6919029963938,95.34,102.95,1212.7197650053095,2425.439530010619,129.94427598216862,0.10715111571917736,198.29000000000002,7.609999999999999,-2.91587567140823,-4.760634332131303,-3.8382550017697667,1.8447586607230733,0.4806241844922487,0.025291890469588907,-15.14645522262299,-7.560581666076814,0.0,0.3299999999999983,0.3299999999999983,6.11588965096283,5.017497441831323,7.489990238103393,7.233796533820381
2024-03-20 14:15:03,1157.46,1259.11,1150.1757202606689,1273.0464272472952,95.65,102.95,1211.611073753982,2423.222147507964,122.87070698662637,0.10141101344057564,198.60000000000002,7.299999999999997,2.428093246443723,-4.645475749098523,-1.1086912513274,7.073568995542246,6.3801014096322035,5.343968917851953,0.11515858303278037,2.7295637504423667,0.3100000000000023,0.0,0.3100000000000023,6.100760662906452,2.9766766370290467,6.534619347986468,4.103563456828048
2024-03-20 14:15:04,1143.26,1266.27,1148.4467901955018,1271.3523204354715,95.65,103.34,1209.8995553154866,2419.7991106309732,122.90553023996972,0.1015832509388255,198.99,7.689999999999998,-1.7289300651671056,-1.694106811823758,-1.7115184384954318,0.03482325334334746,0.02034639663453662,-4.157023311610828,2.951368937274765,-0.6028271871680317,0.0,0.39000000000000057,0.39000000000000057,6.080202770165756,2.4458276709148827,5.522988088458575,3.568928695713118
2024-03-20 14:15:05,1227.23,1264.84,1168.1425926466263,1269.7242403266036,95.92,103.34,1218.933416486615,2437.86683297323,101.58164767997732,0.08333650240669752,199.26,7.420000000000002,19.695802451124564,-1.6280801088678345,9.033861171128365,21.3238825599924,2.360439218138853,21.42473251629167,0.06602670295592361,10.745379609623797,0.269999999999996,0.0,0.269999999999996,6.117301065789993,3.7089825357362955,12.0131049498546,5.1701211557837565
2024-03-20 14:15:06,1156.04,1322.23,1165.1169444849697,1282.8506802449529,95.95,103.53,1223.9838123649613,2447.9676247299226,117.73373575998312,0.09618896465330776,199.48000000000002,7.579999999999998,-3.0256481616565907,13.126439918349206,5.050395878346308,16.152088080005797,3.198181938781533,-22.721450612781155,14.75452002721704,-3.983465292782057,0.030000000000001137,0.18999999999999773,0.1599999999999966,6.1358722991231645,5.872755352702249,10.66553890764099,5.361421473673108
2024-03-20 14:15:07,1148.94,1266.27,1161.0727083637273,1278.7055101837145,95.95,103.69,1219.8891092737208,2439.7782185474416,117.63280181998721,0.09642909411134308,199.64,7.739999999999995,-4.04423612124242,-4.145170061238332,-4.09470309124049,0.10093393999591171,0.024649874019427323,-1.0185879595858296,-17.271609979587538,-9.145098969586797,0.0,0.1599999999999966,0.1599999999999966,6.110444315584435,5.920773194761502,8.76026871601659,5.425917705810964
2024-03-20 14:15:08,1160.3,1267.71,1160.8795312727955,1275.9566326377858,96.22,103.69,1218.4180819552907,2436.8361639105815,115.07710136499031,0.09444795918152259,199.91,7.469999999999999,-0.1931770909318402,-2.7488775459287353,-1.4710273184300604,2.555700454996895,1.7373563941477619,3.85105903031058,1.3962925153095966,2.6236757728104294,0.269999999999996,0.0,0.269999999999996,6.094833054176668,5.142600098062668,8.014978654795629,5.4706006114272565
2024-03-20 14:15:09,1157.46,1270.57,1160.0246484545967,1274.6099744783394,96.22,103.94,1217.317311466468,2434.634622932936,114.58532602374271,0.09412938175632743,200.16,7.719999999999999,-0.8548828181988029,-1.346658159446406,-1.100770488822718,0.49177534124760314,0.44675515876011646,-0.6617057272669626,1.4022193864823294,0.3702568296073423,0.0,0.25,0.25,6.081721150003731,2.5639145459202277,6.7186060815091775,5.3910744608611765
2024-03-20 14:15:10,1160.3,1270.57,1160.0934863409475,1273.5999808587544,96.41,103.94,1216.846733599851,2433.693467199702,113.50649451780691,0.09327920377345836,200.35,7.530000000000001,0.06883788635082055,-1.009993619584975,-0.47057786661707723,1.0788315059357956,2.2925625914554084,0.9237207045496234,0.33666453986143097,0.6301926222056409,0.18999999999999773,0.0,0.18999999999999773,6.073604829180166,2.8728075627512655,1.8916606213189715,3.354076005721597
2024-03-20 14:15:11,1158.88,1270.57,1159.7901147557106,1272.8424856440658,96.41,104.21,1216.3163001998882,2432.6326003997765,113.0523708883552,0.09294652285497593,200.62,7.799999999999997,-0.30337158523684593,-0.7574952146885607,-0.5304333999627033,0.4541236294517148,0.8561353288618645,-0.3722094715876665,0.2524984048964143,-0.0598555333456261,0.0,0.269999999999996,0.269999999999996,6.062786831507832,1.4213061650739762,1.7937908533280922,1.4905422676061664
2024-03-20 14:15:12,1168.83,1272.0,1162.050086066783,1272.6318642330493,96.6,104.21,1217.3409751499162,2434.6819502998324,110.5817781662663,0.09083878743324918,200.81,7.609999999999999,2.259971311072377,-0.21062141101651832,1.0246749500279293,2.4705927220888952,2.4110966223239214,2.563342896309223,0.5468738036720424,1.5551083499906326,0.18999999999999773,0.0,0.18999999999999773,6.062153125281426,0.7764694793973942,1.7524605521569294,0.952599261443599
2024-03-20 14:15:13,1157.46,1333.73,1160.9025645500874,1287.906398174787,96.6,104.4,1224.4044813624373,2448.8089627248746,127.00383362469961,0.10372702440589812,201.0,7.800000000000011,-1.1475215166956332,15.274533941737673,7.063506212521133,16.422055458433306,2.3249152247374694,-3.40749282776801,15.485155352754191,6.038831262493204,0.0,0.19000000000001194,0.19000000000001194,6.091564553586432,3.3575209829403545,6.461930666153841,3.3723204913149654
2024-03-20 14:15:14,1170.25,1277.74,1163.2394234125654,1285.3647986310903,96.79,104.46,1224.3021110218278,2448.6042220436557,122.12537521852482,0.09975101244973386,201.25,7.6699999999999875,2.3368588624780386,-2.541599543696748,-0.10237034060946826,4.878458406174786,47.65453277382968,3.484380379173672,-17.81613348543442,-7.165876553130602,0.19000000000001194,0.05999999999998806,0.13000000000002387,6.0834887201905055,4.134190719662205,6.982219936275007,3.2287333665390654
2024-03-20 14:15:15,1165.99,1272.0,1163.9270675594241,1282.0235989733178,96.79,104.46,1222.9753332663709,2445.9506665327417,118.09653141389367,0.09656493316337939,201.25,7.6699999999999875,0.6876441468587018,-3.3411996577724494,-1.3267777554569875,4.028843804631151,3.036560382098884,-1.6492147156193369,-0.7996001140757016,-1.2244074148475192,0.0,0.0,0.0,6.076896035724099,3.927431325561371,6.66067237641867,3.372065779453809
2024-03-20 14:15:16,1221.52,1280.6,1178.3253006695682,1281.6676992299883,96.85,104.73,1229.9964999497784,2459.9929998995567,103.34239856042018,0.0840184492237346,201.57999999999998,7.88000000000001,14.39823311014402,-0.3558997433294735,7.0211666834075,14.754132853473493,2.101378790359988,13.710588963285318,2.985299914442976,8.347944438864488,0.05999999999998806,0.27000000000001023,0.21000000000002217,6.101778419724179,4.511461148587337,9.384928878341366,4.018118534319393
2024-03-20 14:15:17,1168.83,1277.74,1175.951475502176,1280.6857744224912,96.99,104.73,1228.3186249623336,2456.6372499246672,104.73429892031527,0.08526639318707761,201.72,7.740000000000009,-2.3738251673921695,-0.9819248074970801,-1.6778749874447385,1.3919003598950894,0.8295609272141945,-16.77205827753619,-0.6260250641676066,-8.699041670852239,0.14000000000000057,0.0,0.14000000000000057,6.0892257528906795,2.9968795178886256,10.556011282155113,4.463021003261327
2024-03-20 14:15:18,1157.46,1283.47,1171.3286066266319,1281.3818308168684,96.99,104.98,1226.3552187217501,2452.7104374435003,110.0532241902365,0.0897400870648283,201.97,7.990000000000009,-4.6228688755441,0.6960563943771376,-1.9634062405834811,5.3189252699212375,2.7090280406323504,-2.2490437081519303,1.6779812018742177,-0.2855312531387426,0.0,0.25,0.25,6.0719671864622615,2.861244230155926,8.226208657814878,3.774147380046733
2024-03-20 14:15:19,1168.83,1279.17,1170.703954969974,1280.8288731126513,97.18,104.98,1225.7664140413126,2451.532828082625,110.12491814267742,0.08984168336751648,202.16000000000003,7.799999999999997,-0.6246516566579885,-0.5529577042170786,-0.5888046804375335,0.07169395244090992,0.1217616521424099,3.9982172188861114,-1.2490140985942162,1.3746015601459476,0.19000000000001194,0.0,0.19000000000001194,6.063347882756058,2.662184828082386,5.808636343798999,3.7962219255712792
2024-03-20 14:15:20,1163.15,1280.6,1168.8154662274806,1280.7716548344883,97.18,105.14,1224.7935605309845,2449.587121061969,111.95618860700779,0.09140821124750462,202.32,7.959999999999994,-1.8884887424933368,-0.05721827816296354,-0.9728535103281502,1.8312704643303732,1.8823682728393516,-1.2638370858353483,0.49573942605411503,-0.3840488298906166,0.0,0.1599999999999966,0.1599999999999966,6.053744338064651,2.092428421087667,3.766018557297419,3.7616138478833907
2024-03-20 14:15:21,1171.68,1277.74,1169.5315996706104,1280.0137411258663,97.34,105.14,1224.7726703982385,2449.545340796477,110.48214145525594,0.09020624319542181,202.48000000000002,7.799999999999997,0.7161334431298201,-0.7579137086220271,-0.02089013274598983,1.4740471517518472,70.55850774940859,2.604622185623157,-0.7006954304590636,0.9519633775821603,0.1599999999999966,0.0,0.1599999999999966,6.0488574888847335,1.4593311977835446,2.756877624319246,0.7915366075323955
2024-03-20 14:15:22,1173.1,1336.6,1170.4236997529579,1294.1603058443998,97.34,105.25,1232.2920027986788,2464.5840055973576,123.7366060914419,0.10041175769217837,202.59,7.909999999999997,0.8921000823474969,14.146564718533455,7.519332400440362,13.254464636185958,1.7627180403265166,0.17596663921767686,14.904478427155482,7.540222533186352,0.0,0.10999999999999943,0.10999999999999943,6.08268915897127,3.144996369046599,5.901001680210521,3.8252891665111908
2024-03-20 14:15:23,1170.25,1280.6,1170.3802748147184,1290.7702293833,97.53,105.31,1230.575252099009,2461.150504198018,120.38995456858152,0.09783225712153601,202.84,7.780000000000001,-0.04342493823946825,-3.390076461099852,-1.716750699669774,3.346651522860384,1.949409179850604,-0.9355250205869652,-17.536641179633307,-9.236083100110136,0.18999999999999773,0.060000000000002274,0.12999999999999545,6.066728682864722,3.5387482236614143,6.289893921808038,3.7821762146283597
2024-03-20 14:15:24,1168.83,1277.74,1169.9927061110388,1287.5126720374749,97.53,105.31,1228.752689074257,2457.505378148514,117.51996592643604,0.09564167539631915,202.84,7.780000000000001,-0.38756870367956253,-3.2575573458250346,-1.8225630247520712,2.869988642145472,1.5746983936742005,-0.3441437654400943,0.13251911527481752,-0.10581232508229732,0.0,0.0,0.0,6.057743457979262,3.392464461389987,5.587911821057269,3.936135202455855
2024-03-20 14:15:25,1180.21,1283.47,1172.5470295832793,1286.5020040281063,97.73,105.47,1229.5245168056927,2459.0490336113853,113.95497444482703,0.09268214890761198,203.2,7.739999999999995,2.5543234722404122,-1.010668009368601,0.7718277314356783,3.564991481609013,4.618889316257732,2.9418921759199748,2.2468893364564337,2.5943907561877495,0.20000000000000284,0.1599999999999966,0.04000000000000625,6.050809600171669,2.7998692745499763,5.212097049321271,3.8382643760670434
2024-03-20 14:15:26,1174.52,1283.47,1173.0402721874593,1285.7440030210798,97.73,105.47,1229.3921376042695,2458.784275208539,112.70373083362051,0.09167435458109664,203.2,7.739999999999995,0.49324260418006816,-0.7580010070264507,-0.13237920142319126,1.2512436112065188,9.451893846320417,-2.061080868060344,0.2526670023421502,-0.9042069328588695,0.0,0.0,0.0,6.0501581277269265,1.385457482861559,4.546680547895153,3.8456038387613987
2024-03-20 14:15:27,1227.23,1289.21,1186.5877041405945,1286.6105022658098,97.75,105.63,1236.599103203202,2473.198206406404,100.02279812521533,0.08088538782313338,203.38,7.8799999999999955,13.547431953135174,0.8664992447299937,7.206965598932584,12.68093270840518,1.7595381544134447,13.054189348955106,1.6245002517564444,7.339344800355775,0.01999999999999602,0.1599999999999966,0.14000000000000057,6.080239439094123,3.214737935764811,7.816899220980488,3.711884346570535
2024-03-20 14:15:28,1175.94,1284.9,1183.9257781054457,1286.1828766993574,97.89,105.63,1235.0543274024017,2470.1086548048033,102.25709859391168,0.08279562788641519,203.51999999999998,7.739999999999995,-2.661926035148781,-0.4276255664524342,-1.5447758008003802,2.234300468696347,1.4463581195281483,-16.209357988283955,-1.294124811182428,-8.751741399732964,0.14000000000000057,0.0,0.14000000000000057,6.068466594604635,3.669568460207103,7.6891254707460925,3.6827041892955426
2024-03-20 14:15:29,1173.1,1289.21,1181.2193335790844,1286.939657524518,97.89,105.8,1234.0794955518013,2468.1589911036026,105.72032394543362,0.08566735306828423,203.69,7.909999999999997,-2.706444526361338,0.7567808251606039,-0.974831850600367,3.4632253515219418,3.552635048551202,-0.04451849121255691,1.184406391613038,0.5699439502000132,0.0,0.1700000000000017,0.1700000000000017,6.058615982587193,3.294321300901173,6.198688958201623,3.5431360193344954
2024-03-20 14:15:30,1177.37,1286.34,1180.2570001843133,1286.7897431433885,98.08,105.8,1233.5233716638509,2467.0467433277017,106.53274295907522,0.08636459212687055,203.88,7.719999999999999,-0.9623333947711217,-0.14991438112951982,-0.5561238879504344,0.8124190136416019,1.4608571406248771,1.7441111315902162,-0.9066952062901237,0.4187079626499326,0.18999999999999773,0.0,0.18999999999999773,6.050242130731846,2.691072664561243,4.835057459035296,3.619586045125757
2024-03-20 14:15:31,1173.1,1296.38,1178.4677501382348,1289.1873073575414,98.08,105.96,1233.8275287478882,2467.6550574957764,110.71955721930658,0.0897366565016832,204.04,7.8799999999999955,-1.7892500460784504,2.397564214152908,0.30415708403734243,4.186814260231358,13.765257213144894,-0.8269166513073287,2.5474785952824277,0.8602809719877769,0.0,0.1599999999999966,0.1599999999999966,6.046988446877572,1.2478167850977957,4.119004601251926,3.5966730789377395
2024-03-20 14:15:32,1174.52,1289.21,1177.480812603676,1289.192980518156,98.27,105.96,1233.336896560916,2466.673793121832,111.71216791448,0.09057717168391323,204.23,7.689999999999998,-0.9869375345588196,0.005673160614605877,-0.49063218697210687,0.9926106951734255,2.0231217975677964,0.8023125115196308,-2.391891053538302,-0.7947892710094493,0.18999999999999773,0.0,0.18999999999999773,6.038960439318199,0.6723445913993888,3.861232258335993,0.6802088336865154
2024-03-20 14:15:33,1174.52,1353.88,1176.7406094527569,1305.364735388617,98.27,106.07,1241.052672420687,2482.105344841374,128.6241259358601,0.1036411497195652,204.33999999999997,7.799999999999997,-0.7402031509191147,16.171754870460973,7.715775859770929,16.911958021380087,2.191867174069907,0.2467343836397049,16.166081709846367,8.206408046743036,0.0,0.10999999999999943,0.10999999999999943,6.073469053279917,3.304116239554336,9.290040196701492,3.671851403478331
2024-03-20 14:15:34,1183.06,1292.07,1178.3204570895678,1302.0410515414626,98.44,106.15,1240.180754315515,2480.36150863103,123.72059445189484,0.09976013086932559,204.59,7.710000000000008,1.5798476368108822,-3.3236838471543706,-0.8719181051719715,4.903531483965253,5.6238376414496765,2.320050787729997,-19.495438717615343,-8.5876939649429,0.1700000000000017,0.0800000000000125,0.0899999999999892,6.061785758119797,3.8799299063627033,9.414495144088447,3.6568727026451127
2024-03-20 14:15:35,1178.79,1287.77,1178.4378428171758,1298.4732886560969,98.44,106.15,1238.4555657366363,2476.9111314732727,120.03544583892108,0.09692349815602806,204.59,7.710000000000008,0.11738572760805255,-3.5677628853657097,-1.725188578878715,3.6851486129737623,2.1360832792468645,-1.4624619092028297,-0.24407903821133914,-0.8532704737067434,0.0,0.0,0.0,6.053353339279941,3.586638138097191,7.707968478673742,3.8320241952975413
2024-03-20 14:15:36,1198.72,1290.64,1183.508382112882,1296.5149664920727,98.63,106.32,1240.0116743024773,2480.0233486049547,113.00658437919083,0.09113348416790108,204.95,7.689999999999998,5.070539295706112,-1.958322164024139,1.5561085658409866,7.028861459730251,4.516945087945373,4.95315356809806,1.6094407213415707,3.2812971447197015,0.18999999999999773,0.1699999999999875,0.020000000000010232,6.0503130922281745,3.091441711046831,7.143745439427702,3.817170958201631
2024-03-20 14:15:37,1180.21,1292.07,1182.6837865846614,1295.4037248690545,98.63,106.32,1239.0437557268579,2478.0875114537157,112.71993828439304,0.0909733313875546,204.95,7.689999999999998,-0.8245955282204704,-1.111241623018259,-0.9679185756194784,0.28664609479778846,0.2961466035174793,-5.895134823926583,0.8470805410058801,-2.524027141460465,0.0,0.0,0.0,6.045590386344316,1.0155433237879348,6.881312790400392,3.8766740210771604
2024-03-20 14:15:38,1215.82,1299.25,1190.9678399384961,1296.3652936517908,98.66,106.48,1243.6665667951434,2487.3331335902867,105.39745371329468,0.08474735627906316,205.14,7.820000000000007,8.284053353834679,0.9615687827363217,4.6228110682855,7.322484571098357,1.5839892392195183,9.10864888205515,2.0728104057545806,5.590729643904979,0.030000000000001137,0.1600000000000108,0.13000000000000966,6.062525888332932,2.025289845372135,7.120092795106331,2.6028230090342848
2024-03-20 14:15:39,1178.79,1293.51,1187.923379953872,1295.651470238843,98.82,106.48,1241.7874250963575,2483.574850192715,107.72809028497113,0.08675244089370564,205.3,7.660000000000011,-3.0444599846241545,-0.7138234129477041,-1.8791416987858156,2.3306365716764503,1.2402658793195227,-11.328513338458833,-1.6753921956840259,-6.501952767071316,0.1599999999999966,0.0,0.1599999999999966,6.048647925220212,2.131911511370272,5.650115429578741,2.77127648241665
2024-03-20 14:15:40,1184.48,1293.51,1187.062534965404,1295.1161026791324,98.82,106.65,1241.089318822268,2482.178637644536,108.0535677137284,0.08706349010335723,205.47,7.8300000000000125,-0.8608449884679885,-0.5353675597107213,-0.6981062740894686,0.32547742875726726,0.46622838758095286,2.183614996156166,0.17845585323698288,1.181035424696347,0.0,0.1700000000000017,0.1700000000000017,6.040245840181156,1.7656851256690407,3.3412646893103104,2.615335410688254
2024-03-20 14:15:41,1187.33,1296.38,1187.129401224053,1295.4320770093493,99.01,106.65,1241.2807391167012,2482.5614782334023,108.30267578529629,0.08725075020104961,205.66000000000003,7.640000000000001,0.06686625864904272,0.3159743302169318,0.19142029443310093,0.24910807156788906,1.3013602917357183,0.9277112471170312,0.851341889927653,0.8895265685225695,0.19000000000001194,0.0,0.19000000000001194,6.035596290387556,1.6542793895522006,2.6575346810277916,2.5514854038731776
2024-03-20 14:15:42,1180.21,1300.68,1185.3995509180397,1296.7440577570121,99.01,106.81,1241.071804337526,2482.143608675052,111.34450683897239,0.08971640992898938,205.82,7.799999999999997,-1.7298503060133044,1.3119807476628011,-0.2089347791752516,3.0418310536761055,14.558689113388626,-1.796716564662347,0.9960064174458694,-0.40035507360835254,0.0,0.1599999999999966,0.1599999999999966,6.029889215370891,1.0939640055560944,2.1207803828092335,2.4822674767601556
2024-03-20 14:15:43,1190.17,1302.12,1186.5921631885299,1298.088043317759,99.18,106.81,1242.3401032531444,2484.680206506289,111.49588012922914,0.08974666417635847,205.99,7.6299999999999955,1.1926122704901445,1.3439855607468871,1.2682989156185158,0.15137329025674262,0.1193513366930423,2.922462576503449,0.03200481308408598,1.4772336947937674,0.1700000000000017,0.0,0.1700000000000017,6.0310699413664475,0.544864556519569,1.869824149403823,1.1570979213983115
2024-03-20 14:15:44,1188.75,1362.52,1187.1316223913973,1314.1960324883194,99.18,106.89,1250.6638274398583,2501.3276548797166,127.06441009692207,0.10159757339062782,206.07,7.709999999999994,0.5394592028674197,16.10798917056036,8.32372418671389,15.568529967692939,1.8703801024741924,-0.6531530676227248,14.764003609813471,7.055425271095373,0.0,0.0799999999999983,0.0799999999999983,6.069121276123342,4.155603155453005,7.890257727826231,3.7317057294251015
2024-03-20 14:15:45,1194.44,1300.68,1188.9587167935479,1310.8170243662396,99.37,106.98,1249.8878705798938,2499.7757411597877,121.85830757269173,0.09749539166154109,206.35000000000002,7.609999999999999,1.8270944021505784,-3.3790081220797674,-0.7759568599644808,5.206102524230346,6.709259346208121,1.2876351992831587,-19.486997292640126,-9.09968104667837,0.18999999999999773,0.09000000000000341,0.09999999999999432,6.057125585281164,4.803565149692346,8.03040449549751,3.7447452646714403
2024-03-20 14:15:46,1184.48,1300.68,1187.8390375951608,1308.2827682746797,99.37,106.98,1248.0609029349203,2496.1218058698405,120.44373067951892,0.0965046900353826,206.35000000000002,7.609999999999999,-1.1196791983870753,-2.5342560915598824,-1.8269676449735925,1.414576893172807,0.7742754080999862,-2.9467736005376537,0.844752030519885,-1.0510107850091117,0.0,0.0,0.0,6.048271853097399,4.415211621675819,6.867441799006549,4.05223443798982
2024-03-20 14:15:47,1198.72,1302.12,1190.5592781963705,1306.7420762060096,99.56,107.14,1248.65067720119,2497.30135440238,116.1827980096391,0.09304667833682065,206.7,7.579999999999998,2.7202406012097526,-1.5406920686700687,0.589774266269842,4.260932669879821,7.224671690335521,3.839919799596828,0.9935640228898137,2.4167419112434345,0.18999999999999773,0.1599999999999966,0.030000000000001137,6.04088375017081,3.2821521851771442,5.888567828543622,3.990390244342908
2024-03-20 14:15:48,1191.6,1303.55,1190.8194586472778,1305.9440571545072,99.56,107.14,1248.3817579008924,2496.7635158017847,115.1245985072294,0.09221906495060297,206.7,7.579999999999998,0.2601804509072281,-0.7980190515024788,-0.26891930029773903,1.0581995024097068,3.934993011825831,-2.4600601503025246,0.7426730171675899,-0.858693566567581,0.0,0.0,0.0,6.039582737597048,1.1022221442839577,4.790768501461984,4.072595525567447
2024-03-20 14:15:49,1185.9,1300.68,1189.5895939854584,1304.6280428658804,99.56,107.3,1247.1088184256694,2494.2176368513387,115.03844888042204,0.09224411461816191,206.86,7.739999999999995,-1.2298646618194198,-1.316014288626775,-1.2729394752229837,0.08614962680735516,0.06767765538468258,-1.4900451127266479,-0.5179952371242962,-1.0040201749252446,0.0,0.1599999999999966,0.1599999999999966,6.028757673774106,1.0071552014427838,3.1950608400594906,0.9290893645017425
2024-03-20 14:15:50,1197.29,1300.68,1191.5146954890938,1303.6410321494104,99.75,107.3,1247.5778638192521,2495.1557276385042,112.12633666031661,0.08987522127651837,207.05,7.549999999999997,1.9251015036354602,-0.9870107164699675,0.46904539358274633,2.9121122201054277,6.208580345030818,3.15496616545488,0.3290035721568074,1.74198486880573,0.18999999999999773,0.0,0.18999999999999773,6.0254907403707385,0.619587447481026,3.0100367283487297,1.0643207097706862
2024-03-20 14:15:51,1193.02,1304.99,1191.8910216168204,1303.9782741120578,99.75,107.47,1247.934647864439,2495.869295728878,112.08725249523741,0.08981820690468964,207.22,7.719999999999999,0.37632612772654284,0.3372419626473402,0.3567840451869415,0.03908416507920265,0.10954541286539649,-1.5487753759089173,1.3242526791173077,-0.11226134839580482,0.0,0.1700000000000017,0.1700000000000017,6.022269287917044,0.6168100728661267,1.8850947558585434,0.7721134227534775
2024-03-20 14:15:52,1190.17,1307.86,1191.4607662126152,1304.9487055840432,99.91,107.47,1248.204735898329,2496.409471796658,113.48793937142796,0.09092093309422519,207.38,7.560000000000002,-0.430255404205127,0.970431471985421,0.27008803389003333,1.400686876190548,5.186019054593817,-0.8065815319316698,0.6331895093380808,-0.08669601129690818,0.1599999999999966,0.0,0.1599999999999966,6.018925305619654,0.5096130261462921,1.488498747868237,0.7199246055535579
2024-03-20 14:15:53,1193.02,1315.04,1191.8505746594615,1307.4715291880325,99.91,107.63,1249.661051923747,2499.322103847494,115.62095452857102,0.09252185163173689,207.54,7.719999999999999,0.3898084468462457,2.522823603989309,1.456316025417891,2.1330151571430633,1.4646640256993448,0.8200638510513727,1.552392132003888,1.1862279915278577,0.0,0.1599999999999966,0.1599999999999966,6.021302138876577,0.9656899036824704,1.6278808503715017,0.9790503838259903
2024-03-20 14:15:54,1191.6,1307.86,1191.787930994596,1307.5686468910244,100.11,107.63,1249.6782889428102,2499.3565778856205,115.78071589642832,0.09264841745928615,207.74,7.519999999999996,-0.06264366486539075,0.09711770299190903,0.01723701906325914,0.15976136785729977,9.267965609680337,-0.45245211171163646,-2.4257059009974,-1.439079006354632,0.20000000000000284,0.0,0.20000000000000284,6.015588153110725,0.9914115346886967,1.8075546795549196,0.5524861344901735
2024-03-20 14:15:55,1187.33,1368.28,1190.673448245947,1322.7464851682682,100.11,107.69,1256.7099667071075,2513.419933414215,132.0730369223213,0.10509428612497695,207.8,7.579999999999998,-1.1144827486491522,15.177838277243836,7.031677764297228,16.29232102589299,2.316988811920122,-1.0518390837837615,15.080720574251927,7.014440745233969,0.0,0.060000000000002274,0.060000000000002274,6.047689897302298,3.597659506474107,8.120563148187134,2.9617067474558674
2024-03-20 14:15:56,1198.72,1306.43,1192.6850861844603,1318.6673638762013,100.19,107.8,1255.676225030331,2511.352450060662,125.98227769174105,0.10033022452771828,207.99,7.609999999999999,2.0116379385133314,-4.0791212920669295,-1.0337416767765717,6.090759230580261,5.891949096628705,3.1261206871624836,-19.256959569310766,-8.0654194410738,0.0799999999999983,0.10999999999999943,0.030000000000001137,6.037195148772228,3.9039241250552665,8.049793198738538,3.1906430252729217
2024-03-20 14:15:57,1195.87,1309.3,1193.481314638345,1316.325522907151,100.19,107.8,1254.903418772748,2509.806837545496,122.84420826880591,0.09789136465262954,207.99,7.609999999999999,0.7962284538848508,-2.3418409690502813,-0.7728062575829426,3.138069422935132,4.0606107048604345,-1.2154094846284806,1.7372803230166483,0.26093541919362906,0.0,0.0,0.0,6.033479555455879,3.3985540488038914,7.006245674631474,3.326297738375385
2024-03-20 14:15:58,1198.72,1313.61,1194.790985978759,1315.6466421803632,100.38,107.96,1255.218814079561,2510.437628159122,120.85565620160423,0.09628254034253293,208.33999999999997,7.579999999999998,1.3096713404138427,-0.6788807267878383,0.3153953068131159,1.988552067201681,6.304931364906478,0.513442886528992,1.662960242262443,1.0882015643960585,0.18999999999999773,0.1599999999999966,0.030000000000001137,6.024857483223115,2.7466418765490435,6.055335888927608,3.3553081388019432
2024-03-20 14:15:59,1194.44,1309.3,1194.7032394840694,1314.0599816352724,100.38,107.96,1254.381610559671,2508.763221119342,119.35674215120298,0.09515185893294258,208.33999999999997,7.579999999999998,-0.08774649468955431,-1.5866605450908082,-0.8372035198901813,1.498914050401254,1.7903797874835543,-1.397417835103397,-0.9077798183029699,-1.1525988267032972,0.0,0.0,0.0,6.020839034937276,0.8812537790147515,5.040800336461677,3.4455217541733316
2024-03-20 14:16:00,1198.72,1316.48,1195.707429613052,1314.6649862264544,100.38,108.13,1255.186207919753,2510.372415839506,118.9575566134024,0.09477283590916798,208.51,7.75,1.0041901289826,0.6050045911820234,0.8045973600821981,0.39918553780057664,0.49613019067028136,1.0919366236721544,2.1916651362728317,1.6418008799723793,0.0,0.1700000000000017,0.1700000000000017,6.019788988057955,0.47558780487978886,2.8862246087262378,0.8138249263176431
2024-03-20 14:16:01,1204.42,1307.86,1197.885572209789,1312.9637396698408,100.54,108.13,1255.4246559398148,2510.8493118796296,115.07816746005187,0.09166473417892151,208.67000000000002,7.589999999999989,2.1781425967369614,-1.7012465566135688,0.2384480200616963,3.8793891533505303,16.2692602064239,1.1739524677543614,-2.3062511477955923,-0.5661493400205018,0.1600000000000108,0.0,0.1600000000000108,6.016315953052661,0.4037287267546795,2.8659930425556417,0.7227016005408959
2024-03-20 14:16:02,1200.14,1312.17,1198.4491791573419,1312.7653047523806,100.54,108.13,1255.6072419548614,2511.2144839097227,114.31612559503878,0.091044493599778,208.67000000000002,7.589999999999989,0.5636069475528984,-0.19843491746019026,0.18258601504658145,0.7620418650130887,4.173581921029144,-1.614535649184063,1.5028116391533786,-0.055862005015114846,0.0,0.0,0.0,6.017190951922511,0.46905104424481936,2.855179309108324,0.5997671510580789
2024-03-20 14:16:03,1191.6,1310.73,1196.7368843680065,1312.2564785642853,100.54,108.29,1254.496681466146,2508.993362932292,115.51959419627883,0.09208441585448056,208.83,7.75,-1.712294789335374,-0.5088261880953269,-1.110560488715464,1.203468601240047,1.0836577834443408,-2.2759017368882724,-0.3103912706351366,-1.2931465037620455,0.0,0.1600000000000108,0.1600000000000108,6.007262727859422,0.5517303203398837,2.3370183985173547,0.8011758941633815
2024-03-20 14:16:04,1194.44,1313.61,1196.1626632760049,1312.594858923214,100.54,108.29,1254.3787610996094,2508.757522199219,116.43219564720903,0.0928206050398382,208.83,7.75,-0.5742210920016078,0.338380358928589,-0.11792036653650939,0.9126014509301967,7.739067801997089,1.1380736973337662,0.8472065470239158,0.9926401221789547,0.0,0.0,0.0,6.006698056279803,0.5525545008891088,1.7910536555292018,0.704418237105735
2024-03-20 14:16:05,1197.29,1315.04,1196.4444974570038,1313.2061441924104,100.63,108.29,1254.825320824707,2509.650641649414,116.76164673540666,0.0930501199685845,208.92000000000002,7.660000000000011,0.28183418099888513,0.6112852691965145,0.4465597250975861,0.32945108819762936,0.7377520450900267,0.8560552730004929,0.2729049102679255,0.5644800916340955,0.0899999999999892,0.0,0.0899999999999892,6.006247916994347,0.548762606440181,0.9958362539897058,0.614575587724358
2024-03-20 14:16:06,1201.57,1313.61,1197.7258730927529,1313.3071081443077,100.63,108.29,1255.5164906185303,2511.0329812370605,115.58123505155481,0.09205871513687167,208.92000000000002,7.660000000000011,1.2813756357491002,0.10096395189725627,0.6911697938232919,1.180411683851844,1.7078436971016366,0.999541454750215,-0.5103213172992582,0.2446100687257058,0.0,0.0,0.0,6.009556215819328,0.5698958565101601,0.9516444697545076,0.6992910722940336
2024-03-20 14:16:07,1191.6,1369.72,1196.1944048195646,1327.4103311082308,100.63,108.32,1261.8023679638977,2523.6047359277954,131.2159262886662,0.10399087013635215,208.95,7.689999999999998,-1.5314682731882385,14.103222963923145,6.285877345367453,15.634691237111383,2.4872723234667418,-2.8128439089373387,14.002259012025888,5.594707551544161,0.0,0.029999999999986926,0.029999999999986926,6.038776558627046,3.160758724880081,6.793043057160483,2.9051986950701383
2024-03-20 14:16:08,1201.57,1316.48,1197.5383036146734,1324.677748331173,100.63,108.43,1261.1080259729233,2522.2160519458466,127.13944471649961,0.10081566526991058,209.06,7.800000000000011,1.343898795108771,-2.7325827770578144,-0.694341990974408,4.0764815721665855,5.870991174615077,2.8753670682970096,-16.83580574098096,-6.980219336341861,0.0,0.11000000000001364,0.11000000000001364,6.032277910363749,3.617842641140011,7.234321976164112,2.8259257796690225
2024-03-20 14:16:09,1198.72,1315.04,1197.8337277110052,1322.2683112483796,100.63,108.43,1260.0510194796925,2520.102038959385,124.43458353737446,0.09875360720711379,209.06,7.800000000000011,0.2954240963317716,-2.4094370827933744,-1.0570064932308014,2.704861179125146,2.558980136325798,-1.0484746987769995,0.32314569426443995,-0.36266450225639346,0.0,0.0,0.0,6.027221914533964,3.2553285665908986,6.720232008337057,2.9729554223892425
2024-03-20 14:16:10,1198.72,1316.48,1198.055295783254,1320.8212334362847,100.63,108.43,1259.4382646097692,2518.8765292195385,122.76593765303073,0.09747674102437438,209.06,7.800000000000011,0.22156807224882868,-1.4470778120949035,-0.6127548699232648,1.6686458843437322,2.723182210482449,-0.0738560240829429,0.9623592706984709,0.44425162330753665,0.0,0.0,0.0,6.024290914500519,2.4509073431952264,5.7934115519381635,3.070381151821609
2024-03-20 14:16:11,1197.29,1313.61,1197.8639718374404,1319.0184250772136,100.74,108.43,1258.4411984573271,2516.8823969146542,121.15445323977315,0.09627343199826748,209.17000000000002,7.690000000000012,-0.19132394581356493,-1.8028083590711503,-0.9970661524421303,1.6114844132575854,1.6162245534922643,-0.4128920180623936,-0.35573054697624684,-0.3843112825188655,0.10999999999999943,0.0,0.10999999999999943,6.01635603786858,1.3306811288450533,3.960077879628532,3.1925872651606
2024-03-20 14:16:12,1205.84,1313.61,1199.8579788780803,1317.66631880791,100.74,108.43,1258.7621488429952,2517.5242976859904,117.8083399298298,0.09359062785969849,209.17000000000002,7.690000000000012,1.9940070406398718,-1.3521062693034764,0.320950385668084,3.346113309943348,10.42560792494529,2.1853309864534367,0.4507020897676739,1.3180165381102142,0.0,0.0,0.0,6.017890437563248,1.0654326962750893,3.501109447262323,0.5530383484811368
2024-03-20 14:16:13,1198.72,1313.61,1199.5734841585602,1316.6522391059325,100.74,108.43,1258.1128616322462,2516.2257232644924,117.07875494737232,0.09305902389585148,209.17000000000002,7.690000000000012,-0.2844947195201257,-1.0140797019776073,-0.6492872107489802,0.7295849824574816,1.1236689198713092,-2.2785017601599975,0.3380265673258691,-0.9702375964170642,0.0,0.0,0.0,6.014786325082277,0.7818244754983429,3.157671150354942,0.5516460179006074
2024-03-20 14:16:14,1190.17,1312.17,1197.2226131189202,1315.5316793294494,100.74,108.43,1256.3771462241848,2512.7542924483696,118.30906621052918,0.09416684032491272,209.17000000000002,7.690000000000012,-2.3508710396399692,-1.1205597764831055,-1.7357154080614237,1.2303112631568638,0.708820437165174,-2.0663763201198435,-0.10648007450549812,-1.0864281973124434,0.0,0.0,0.0,6.006488216368009,1.1439418135676276,2.4246970165433908,0.7428713740173842
2024-03-20 14:16:15,1198.72,1313.61,1197.5969598391903,1315.051259497087,100.74,108.43,1256.3241096681386,2512.648219336277,117.45429965789663,0.09349044459190714,209.17000000000002,7.690000000000012,0.37434672027006854,-0.480419832362486,-0.053036556046208716,0.8547665526325545,16.116250754236173,2.725217759910038,0.6401399441206195,1.682678852015215,0.0,0.0,0.0,6.006234659185848,1.166666010809815,1.6261741264641607,0.805396268679417
2024-03-20 14:16:16,1200.14,1319.35,1198.2327198793928,1316.125944622815,100.74,108.54,1257.179332251104,2514.358664502208,117.89322474342225,0.0937759805822983,209.28,7.800000000000011,0.6357600402025128,1.0746851257281378,0.8552225829653253,0.43892508552562504,0.5132284636068333,0.2614133199324442,1.5551049580906238,0.908259139011534,0.0,0.10999999999999943,0.10999999999999943,6.007164211792525,1.072862861450354,0.46528684158444256,0.9941137118174586
2024-03-20 14:16:17,1190.17,1317.92,1196.2170399095446,1316.5744584671113,100.74,108.54,1256.395749188328,2512.791498376656,120.35741855756669,0.09579578611239783,209.28,7.800000000000011,-2.015679969848179,0.44851384429625796,-0.7835830627759606,2.464193814144437,3.144772757902543,-2.651440010050692,-0.6261712814318798,-1.6388056457412858,0.0,0.0,0.0,6.003420026686295,0.7755480477241457,1.2817955922105704,0.9568873175121744
2024-03-20 14:16:18,1201.57,1315.04,1197.5552799321583,1316.1908438503335,100.74,108.54,1256.873061891246,2513.746123782492,118.6355639181752,0.09438945540393082,209.28,7.800000000000011,1.3382400226137179,-0.383614616777777,0.47731270291797046,1.7218546393914949,3.6073857273848415,3.353919992461897,-0.8321284610740349,1.260895765693931,0.0,0.0,0.0,6.005700763979096,0.3785572288946762,1.1137804969593776,1.0345694362332838
2024-03-20 14:16:19,1193.02,1316.48,1196.4214599491188,1316.26313288775,100.74,108.54,1256.3422964184344,2512.684592836869,119.84167293863129,0.09538934825714707,209.28,7.800000000000011,-1.1338199830395297,0.07228903741656723,-0.5307654728114812,1.206109020456097,2.2723911215931025,-2.4720600056532476,0.4559036541943442,-1.0080781757294517,0.0,0.0,0.0,6.0031646139873365,0.38464572807924374,1.241389058591628,0.6814538613625818
2024-03-20 14:16:20,1200.14,1313.61,1197.3510949618392,1315.5998496658126,100.74,108.54,1256.4754723138258,2512.9509446276516,118.24875470397342,0.09411147070949534,209.28,7.800000000000011,0.9296350127203823,-0.6632832219374905,0.13317589539133223,1.5929182346578727,11.96092032313247,2.063454995759912,-0.7355722593540577,0.6639413682028135,0.0,0.0,0.0,6.003800966695455,0.3604453782069502,1.0574762303738785,0.6833924888360667
2024-03-20 14:16:21,1262.94,1313.61,1213.7483212213792,1315.1023872493595,100.82,108.54,1264.4253542353695,2528.850708470739,101.35406602798025,0.08015820436400016,209.36,7.720000000000013,16.397226259540048,-0.49746241645311784,7.949881921543692,16.894688675993166,2.1251493692076395,15.467591246819666,0.1658208054843726,7.81670602615236,0.0799999999999983,0.0,0.0799999999999983,6.039479118245559,3.5407816140530137,8.058593675275626,3.6688190636113927
2024-03-20 14:16:22,1195.87,1315.04,1209.2787409160344,1315.0867904370195,100.85,108.54,1262.182765676527,2524.365531353054,105.80804952098515,0.08382942020321665,209.39,7.690000000000012,-4.469580305344834,-0.01559681233993615,-2.242588558842499,4.453983493004898,1.9860894631578498,-20.866806564884882,0.4818656041131817,-10.192470480386191,0.030000000000001137,0.0,0.030000000000001137,6.027903718652387,3.781121047913292,8.561865506869477,3.938882749791174
2024-03-20 14:16:23,1204.42,1315.04,1208.0640556870258,1315.0750928277646,100.85,108.54,1261.5695742573953,2523.1391485147906,107.01103714073884,0.08482373008948443,209.39,7.690000000000012,-1.2146852290086372,-0.011697609254952113,-0.613191419131681,1.202987619753685,1.9618435946373753,3.2548950763361972,0.0038992030849840376,1.629397139710818,0.0,0.0,0.0,6.024975253032237,3.619899552459882,8.141471661410902,4.015402590413521
2024-03-20 14:16:24,1202.99,1312.17,1206.7955417652693,1314.3488196208234,100.85,108.54,1260.5721806930464,2521.144361386093,107.55327785555414,0.08532099900150242,209.39,7.690000000000012,-1.2685139217564938,-0.7262732069411868,-0.9973935643488403,0.542240714815307,0.5436571786104676,-0.05382869274785662,-0.7145755976862347,-0.38420214521715934,0.0,0.0,0.0,6.020211923553344,2.919787020909158,6.228714620651693,4.063249170098695
2024-03-20 14:16:25,1190.17,1310.73,1202.639156323952,1313.4441147156176,100.85,108.54,1258.041635519785,2516.08327103957,110.80495839166565,0.08807733796330758,209.39,7.690000000000012,-4.156385441317298,-0.90470490520579,-2.530545173261544,3.2516805361115075,1.2849718256357738,-2.887871519560804,-0.17843169826460326,-1.5331516089127035,0.0,0.0,0.0,6.008126603522892,2.3318152255715545,3.4228078682168954,4.344931215963519
2024-03-20 14:16:26,1198.72,1315.04,1201.659367242964,1313.8430860367132,100.85,108.54,1257.7512266398385,2515.502453279677,112.18371879374922,0.08919388534747144,209.39,7.690000000000012,-0.9797890809879846,0.398971321095587,-0.29040887994642617,1.3787604020835715,4.7476360044566,3.176596360329313,1.303676226301377,2.2401362933151177,0.0,0.0,0.0,6.006739675405219,2.027611736260323,2.6969533446319605,0.9973967919208214
2024-03-20 14:16:27,1198.72,1309.3,1200.924525432223,1312.707314527535,100.85,108.54,1256.8159199798788,2513.6318399597576,111.78278909531195,0.08894125800710759,209.39,7.690000000000012,-0.7348418107410453,-1.135771509178312,-0.9353066599596787,0.4009296984372668,0.4286607665060189,0.2449472702469393,-1.534742830273899,-0.6448977800132525,0.0,0.0,0.0,6.002272859150896,2.0192895138452633,2.4200740517916635,0.8621174270377697
2024-03-20 14:16:28,1200.14,1316.48,1200.7283940741672,1313.6504858956512,100.85,108.62,1257.1894399849093,2514.3788799698186,112.92209182148395,0.08982106287260759,209.47,7.77000000000001,-0.19613135805570892,0.9431713681162819,0.37352000503051386,1.1393027261719908,3.050170434401456,0.5387104526853363,2.078942877294594,1.3088266649901925,0.0,0.0799999999999983,0.0799999999999983,6.001763660586937,1.475749690924718,2.0984598574081947,1.0793505694392245
2024-03-20 14:16:29,1198.72,1319.35,1200.2262955556255,1315.0753644217384,100.85,108.62,1257.6508299886818,2515.3016599773637,114.84906886611293,0.0913203140619135,209.47,7.77000000000001,-0.502098518541743,1.424878526087241,0.4613900037725216,1.926977044628984,4.176451272073429,-0.3059671604860341,0.4817071579709591,0.08786999874200774,0.0,0.0,0.0,6.003966314912472,0.48557373417289623,1.5152156586632501,1.2255952310810814
2024-03-20 14:16:30,1198.72,1319.35,1199.8497216667192,1316.144023316304,100.85,108.62,1257.9968724915116,2515.993744983023,116.29430164958467,0.09244403074454013,209.47,7.77000000000001,-0.37657388890625043,1.0686588945654876,0.34604250282973226,1.445232783471738,4.176448254781574,0.1255246296354926,-0.3562196315217534,-0.11534750094278934,0.0,0.0,0.0,6.0056183056566255,0.47310877802622264,1.9096398494197766,0.5980966609755497
2024-03-20 14:16:31,1198.72,1315.04,1199.5672912500395,1315.868017487228,100.85,108.62,1257.7176543686337,2515.4353087372674,116.30072623718843,0.0924696618042632,209.47,7.77000000000001,-0.28243041667974467,-0.27600582907598437,-0.2792181228778645,0.006424587603760301,0.023009124652864598,0.09414347222650576,-1.344664723641472,-0.6252606257075968,0.0,0.0,0.0,6.004285331380858,0.4685284277403042,2.026842892862943,0.5967996381394214
2024-03-20 14:16:32,1200.14,1317.92,1199.7104684375297,1316.381013115421,100.85,108.62,1258.0457407764752,2516.0914815529504,116.67054467789126,0.09273950922733684,209.47,7.77000000000001,0.1431771874902097,0.512995628193039,0.32808640784151066,0.3698184407028293,1.1271948629051858,0.42560760416995436,0.7890014572690234,0.6073045307193752,0.0,0.0,0.0,6.005851600566304,0.3424358676232928,1.5547227375326744,0.29801634028579443
2024-03-20 14:16:33,1188.75,1315.04,1196.9703513281472,1316.0457598365656,100.85,108.62,1256.5080555823565,2513.016111164713,119.07540850841838,0.09476692798317421,209.47,7.77000000000001,-2.7401171093824814,-0.3352532788553617,-1.5376851941186942,2.4048638305271197,1.5639496795413694,-2.883294296872691,-0.8482489070484007,-1.8657716019602049,0.0,0.0,0.0,5.998510763278015,0.625230801876533,1.530863819990119,0.8351419663600569
2024-03-20 14:16:34,1205.84,1315.04,1199.1877634961104,1315.7943198774242,100.93,108.62,1257.4910416867674,2514.982083373535,116.6065563813138,0.09272953239664522,209.55,7.689999999999998,2.2174121679631753,-0.2514399591414076,0.9829861044108839,2.468852127104583,2.511581399212959,4.957529277345657,0.08381331971395412,2.520671298529578,0.0800000000000125,0.0,0.0800000000000125,6.000911647272039,0.625033727046532,1.1786753858210957,0.952756506447129
2024-03-20 14:16:35,1202.99,1315.04,1200.1383226220828,1315.6057399080682,100.93,108.62,1257.8720312650755,2515.744062530151,115.46741728598545,0.09179583799002267,209.55,7.689999999999998,0.9505591259724042,-0.188579969355942,0.3809895783081174,1.1391390953283462,2.9899403297240954,-1.266853041990771,0.06285998978546559,-0.6019965261027664,0.0,0.0,0.0,6.0027297793478676,0.6049851931995904,1.346644212521694,0.9563441955235329
2024-03-20 14:16:36,1204.42,1313.61,1201.2087419665622,1315.106804931051,100.93,108.62,1258.1577734488067,2516.3155468976133,113.89806296448887,0.0905276470706443,209.55,7.689999999999998,1.0704193444794328,-0.49893497701714296,0.2857421837311449,1.5693543214965757,5.492184628884018,0.11986021850702855,-0.31035500766120094,-0.09524739457697251,0.0,0.0,0.0,6.00409337840474,0.6683743871489003,1.896520771565292,0.9521605460849775
2024-03-20 14:16:37,1200.14,1315.04,1200.9415564749218,1315.0901036982882,100.93,108.62,1258.015830086605,2516.03166017321,114.14854722336645,0.09073697198609272,209.55,7.689999999999998,-0.26718549164047545,-0.016701232762898144,-0.1419433622015731,0.2504842588775773,1.7646650771650112,-1.3376048361199082,0.4822337442542448,-0.427685545932718,0.0,0.0,0.0,6.003416006123546,0.6636718359622736,2.1110674737026485,0.9457150839733484
2024-03-20 14:16:38,1201.57,1315.04,1201.0986673561913,1315.0775777737163,100.93,108.62,1258.0881225649537,2516.1762451299073,113.97891041752496,0.09059692106030785,209.55,7.689999999999998,0.15711088126954564,-0.012525924571946234,0.07229247834857233,0.16963680584149188,2.3465021979377743,0.4242963729100211,0.00417530819095191,0.21423584055014544,0.0,0.0,0.0,6.003760995281282,0.2646545154491128,1.1852406094435388,0.42400327899904594
2024-03-20 14:16:39,1198.72,1309.3,1200.5040005171436,1313.6331833302872,100.93,108.62,1257.0685919237153,2514.1371838474306,113.12918281314364,0.08999443900672557,209.55,7.689999999999998,-0.5946668390477043,-1.4443944434290188,-1.0195306412383616,0.8497276043813144,0.8334489779534486,-0.75177772031725,-1.4318685188570726,-1.091823119586934,0.0,0.0,0.0,5.998895661774371,0.4442849055204525,0.8466302967062616,0.5603404640941453
2024-03-20 14:16:40,1198.72,1315.04,1200.0580003878576,1313.9848874977154,100.93,108.62,1257.0214439427864,2514.042887885573,113.92688710985772,0.09063241328793967,209.55,7.689999999999998,-0.4460001292859488,0.3517041674281245,-0.04714798092891215,0.7977042967140733,16.918802506395515,0.14866670976175556,1.7960986108571433,0.9723826603094494,0.0,0.0,0.0,5.9986706654455535,0.5732939642133109,0.3961928455260084,0.5009961621669377
2024-03-20 14:16:41,1198.72,1313.61,1199.7235002908933,1313.8911656232865,100.93,108.62,1256.8073329570898,2513.6146659141796,114.1676653323932,0.09083943278158109,209.55,7.689999999999998,-0.3345000969643479,-0.0937218744288657,-0.2141109856966068,0.2407782225354822,1.124543410085697,0.11150003232160088,-0.4454260418569902,-0.16696300476769466,0.0,0.0,0.0,5.997648899830307,0.6035621830856306,0.42722963608796294,0.4324769909748447
2024-03-20 14:16:42,1200.14,1315.04,1199.82762521817,1314.1783742174648,100.93,108.62,1257.0029997178174,2514.0059994356347,114.35074899929486,0.09097094353314537,209.55,7.689999999999998,0.10412492727664358,0.2872085941783098,0.19566676072759037,0.18308366690166622,0.9356864218247799,0.4386250242409915,0.3809304686071755,0.4097777464241972,0.0,0.0,0.0,5.998582647192721,0.5076618128163175,0.4678028694195187,0.48110700140850626
2024-03-20 14:16:43,1188.75,1310.73,1197.0582189136276,1313.3162806630985,100.93,108.62,1255.187249788363,2510.374499576726,116.25806174947093,0.09262208620781567,209.55,7.689999999999998,-2.769406304542372,-0.8620935543663109,-1.8157499294543413,1.907312750176061,1.0504264209569951,-2.8735312318190154,-1.1493021485446206,-2.0114166901819317,0.0,0.0,0.0,5.989917651149822,0.805747615749558,1.155638620500777,0.8276064718662506
2024-03-20 14:16:44,1198.72,1312.17,1197.4736641852207,1313.0297104973238,100.93,108.62,1255.2516873412724,2510.5033746825447,115.55604631210304,0.09205806882028758,209.55,7.689999999999998,0.41544527159317113,-0.2865701657747195,0.0644375529093395,0.7020154373678906,10.894338958163397,3.184851576135543,0.5755233885915914,1.8801874823636808,0.0,0.0,0.0,5.99022515557646,0.9485165683142553,1.0059934325924116,0.825715368597611
2024-03-20 14:16:45,1195.87,1313.61,1197.0727481389156,1313.1747828729929,100.93,108.62,1255.1237655059542,2510.2475310119084,116.10203473407728,0.09250245898640347,209.55,7.689999999999998,-0.40091604630515576,0.1450723756690877,-0.12792183531814771,0.5459884219742435,4.268107571383599,-0.8163613178983269,0.4316425414438072,-0.19235938822748722,0.0,0.0,0.0,5.989614695854638,0.9443912884660292,0.9758463573090501,0.8187423749286942
2024-03-20 14:16:46,1197.29,1319.35,1197.1270611041866,1314.7185871547445,100.93,108.78,1255.9228241294654,2511.845648258931,117.59152605055783,0.09362957953920141,209.71,7.849999999999994,0.05431296527103768,1.5438042817515907,0.7990586235112005,1.489491316480553,1.8640552878087884,0.45522901157619344,1.398731906082503,0.9269804588293482,0.0,0.1599999999999966,0.1599999999999966,5.988855172097708,0.7973982286307095,1.1750613560715546,0.9795117396337862
2024-03-20 14:16:47,1190.17,1317.92,1195.38779582814,1315.5189403660584,100.93,108.78,1255.4533680970992,2510.9067361941984,120.13114453791832,0.09568746039872002,209.71,7.849999999999994,-1.7392652760465808,0.8003532113139045,-0.46945603236622446,2.5396184873604852,5.4096931396680485,-1.7935782413176184,-0.7434510704376862,-1.268514655877425,0.0,0.0,0.0,5.986616575797447,0.32365539120668146,1.838081126954672,0.9612590726016832
2024-03-20 14:16:48,1201.57,1319.35,1196.933346871105,1316.4767052745437,100.93,108.78,1256.7050260728242,2513.4100521456485,119.54335840343879,0.09512443718147982,209.71,7.849999999999994,1.5455510429649166,0.9577649084853874,1.2516579757250383,0.5877861344795292,0.469605656076606,3.2848163190114974,0.15741169717148296,1.7211140080912628,0.0,0.0,0.0,5.992585094083444,0.6428861191775581,2.0269593673495554,0.7045066647254299
2024-03-20 14:16:49,1200.14,1313.61,1197.7350101533289,1315.7600289559077,100.93,108.78,1256.7475195546183,2513.4950391092366,118.02501880257887,0.09391307074192035,209.71,7.849999999999994,0.8016632822238989,-0.7166763186360186,0.04249348179405388,1.5183396008599175,35.73027689144274,-0.7438877607410177,-1.674441227121406,-1.2091644939309845,0.0,0.0,0.0,5.9927877238177985,0.7293739613570878,1.6050969966940631,0.7064343968441331
2024-03-20 14:16:50,1198.72,1316.48,1197.9812576149966,1315.940021716931,100.93,108.78,1256.9606396659638,2513.9212793319275,117.95876410193432,0.09384443735599972,209.71,7.849999999999994,0.24624746166773548,0.17999276102318618,0.21312011134546083,0.0662547006445493,0.31087816794063666,-0.5554158205561635,0.8966690796592047,0.17062662955140695,0.0,0.0,0.0,5.9938039848941855,0.6409102873366397,1.1158689481379795,0.6704356569129888
2024-03-20 14:16:51,1210.12,1316.48,1201.0159432112473,1316.0750162876982,101.12,108.78,1258.5454797494726,2517.0909594989453,115.05907307645089,0.09142226072587571,209.9,7.659999999999997,3.0346855962507107,0.13499457076727595,1.5848400835088796,2.8996910254834347,1.8296415051681036,2.788438134582975,-0.04499819025591023,1.3717199721634188,0.18999999999999773,0.0,0.18999999999999773,5.995928888773434,1.1026946678225686,1.9667351720366308,0.8617302539718105
2024-03-20 14:16:52,1207.27,1317.92,1202.5794574084355,1316.5362622157736,101.12,108.78,1259.5578598121047,2519.1157196242093,113.95680480733813,0.09047365615571169,209.9,7.659999999999997,1.5635141971881694,0.46124592807541376,1.012380062632019,1.1022682691127557,1.0887879177105955,-1.4711713990625412,0.3262513573081378,-0.5724600208768607,0.0,0.0,0.0,6.000752042931646,1.2855222957649464,2.3143590974886625,0.6672957739736659
2024-03-20 14:16:53,1205.84,1312.17,1203.3945930563266,1315.4446966618302,101.12,108.78,1259.4196448590783,2518.8392897181566,112.05010360550364,0.08896963293682127,209.9,7.659999999999997,0.8151356478911111,-1.0915655539433828,-0.13821495302636322,1.906701201834494,13.795087760027318,-0.7483785492970583,-1.5528114820187966,-1.1505950156583822,0.0,0.0,0.0,6.0000935629298935,1.3309490141979587,2.5912521842462337,0.729576881087496
2024-03-20 14:16:54,1195.87,1316.48,1201.5134447922449,1315.7035224963727,101.12,108.78,1258.6084836443088,2517.2169672886175,114.19007770412782,0.09072724290143229,209.9,7.659999999999997,-1.8811482640817303,0.25882583454244923,-0.8111612147695269,2.1399740986241795,2.638158015326446,-2.6962839119728415,1.350391388485832,-0.6729462617431636,0.0,0.0,0.0,5.9962290502528806,1.0341860425041687,2.1544443912236373,0.9442589798797274
2024-03-20 14:16:55,1202.99,1315.04,1201.8825835941836,1315.5376418722794,101.12,108.78,1258.7101127332317,2517.4202254664633,113.6550582780958,0.09029486379592529,209.9,7.659999999999997,0.3691388019387887,-0.16588062409323356,0.10162908892289124,0.5350194260320222,5.264380182112721,2.250287066020519,-0.4247064586356828,0.9127903036924181,0.0,0.0,0.0,5.996713228854304,0.4811960075711274,1.1004066121382214,0.9502518929465169
2024-03-20 14:16:56,1205.84,1315.04,1202.8719376956378,1315.4132314042095,101.12,108.78,1259.1425845499236,2518.2851690998473,112.54129370857163,0.08937930858673947,209.9,7.659999999999997,0.9893541014541825,-0.12441046806998202,0.43247181669198653,1.1137645695241645,2.575340059621375,0.6202152995153938,0.04147015602325155,0.3308427277690953,0.0,0.0,0.0,5.998773599576703,0.42025896907566507,0.9334476601250504,0.6760275135312568
2024-03-20 14:16:57,1202.99,1316.48,1202.9014532717283,1315.679923553157,101.12,108.78,1259.2906884124427,2518.5813768248854,112.77847028142878,0.08955713818073945,209.9,7.659999999999997,0.02951557609048905,0.2666921489476408,0.14810386251906493,0.23717657285715177,1.6014097634817426,-0.9598385253636934,0.39110261701762283,-0.2843679541729216,0.0,0.0,0.0,5.999479192057949,0.35789948809787925,0.8657267207610654,0.46960219235756706
2024-03-20 14:16:58,1204.42,1312.17,1203.2810899537963,1314.8024426648678,101.12,108.78,1259.0417663093322,2518.0835326186643,111.52135271107159,0.08857637260867142,209.9,7.659999999999997,0.37963668206793955,-0.8774808882892557,-0.2489221031105444,1.2571175703571953,5.0502245659332035,0.3501211059774505,-1.1441730372368966,-0.39702596562960935,0.0,0.0,0.0,5.998293283997326,0.28955870139120976,1.0333904751927372,0.4771481395051352
2024-03-20 14:16:59,1204.42,1315.04,1203.5658174653472,1314.8618319986508,101.12,108.78,1259.213824731999,2518.427649463998,111.2960145333036,0.08838531809210849,209.9,7.659999999999997,0.28472751155095466,0.05938933378297406,0.17205842266685067,0.2253381777679806,1.3096532248878383,-0.09490917051698489,0.9368702220722298,0.4209805257773951,0.0,0.0,0.0,5.999113000156674,0.22610489113261498,0.9644354406458235,0.24370773776160728
2024-03-20 14:17:00,1198.72,1307.86,1202.3543630990105,1313.111373998988,101.12,108.78,1257.7328685489992,2515.4657370979985,110.75701089997756,0.08806083833977643,209.9,7.659999999999997,-1.2114543663367385,-1.7504579996627854,-1.480956182999762,0.5390036333260468,0.36395625715138147,-1.4961818778876932,-1.8098473334457594,-1.6530146056666126,0.0,0.0,0.0,5.99205746811311,0.650199779502103,0.8550074855660454,0.758742861151827
2024-03-20 14:17:01,1198.72,1313.61,1201.4457723242579,1313.236030499241,101.12,108.78,1257.3409014117494,2514.681802823499,111.79025817498314,0.08891006246639581,209.9,7.659999999999997,-0.9085907747526107,0.12465650025296782,-0.39196713724982146,1.0332472750055786,2.6360491499517904,0.3028635915841278,1.8751144999157532,1.0889890457499405,0.0,0.0,0.0,5.990190068706809,0.9161553464038291,0.7466789236840542,0.6728963692303134
2024-03-20 14:17:02,1201.57,1315.04,1201.4768292431934,1313.6870228744308,101.12,108.78,1257.581926058812,2515.163852117624,112.21019363123742,0.08922694515312463,209.9,7.659999999999997,0.031056918935519207,0.4509923751897986,0.24102464706265891,0.4199354562542794,1.7422853599688075,0.93964769368813,0.3263358749368308,0.6329917843124804,0.0,0.0,0.0,5.991338351917455,0.876515071562295,0.5435079827698861,0.6914757571909466
2024-03-20 14:17:03,1195.87,1316.48,1200.075121932395,1314.385267155823,101.12,108.78,1257.230194544109,2514.460389088218,114.31014522342798,0.09092220790477942,209.9,7.659999999999997,-1.4017073107984288,0.6982442813921352,-0.3517315147030331,2.099951592190564,5.9703084145164915,-1.432764229733948,0.2472519062023366,-0.592756161765692,0.0,0.0,0.0,5.989662641993551,0.8038072516256978,1.3637372483441246,0.6895511294088028
2024-03-20 14:17:04,1201.57,1313.61,1200.4488414492962,1314.1914503668672,101.12,108.78,1257.3201459080817,2514.6402918161634,113.74260891757103,0.09046431745906507,209.9,7.659999999999997,0.3737195169012466,-0.19381678895570076,0.08995136397265924,0.5675363058569474,6.309298397421199,1.7754268276996754,-0.892061070347836,0.44168287867569234,0.0,0.0,0.0,5.990091185888473,0.20863339119450366,1.4514809631733443,0.6744562146325571
2024-03-20 14:17:05,1201.57,1313.61,1200.729131086972,1314.0460877751505,101.12,108.78,1257.3876094310613,2514.7752188621225,113.31695668817838,0.09012094261794955,209.9,7.659999999999997,0.2802896376758781,-0.14536259171677557,0.06746352297955127,0.4256522293926537,6.309275017354978,-0.0934298792253685,0.04845419723892519,-0.022487840993107966,0.0,0.0,0.0,5.990412593809665,0.1304580770472515,1.052173388884992,0.2847138821344136
2024-03-20 14:17:06,1194.44,1309.3,1199.1568483152291,1312.859565831363,101.12,108.78,1256.008207073296,2512.016414146592,113.70271751613382,0.09052704973206555,209.9,7.659999999999997,-1.5722827717429482,-1.1865219437875112,-1.3794023577652297,0.385760827955437,0.27965774172132496,-1.8525724094188263,-1.0411593520707356,-1.446865880744781,0.0,0.0,0.0,5.983840881798262,0.6269451360100745,0.7816558454910725,0.6599216882326585
2024-03-20 14:17:07,1198.72,1312.17,1199.0476362364218,1312.6871743735223,101.12,108.78,1255.8674053049722,2511.7348106099444,113.63953813710054,0.09048689182200541,209.9,7.659999999999997,-0.10921207880733164,-0.17239145784060383,-0.14080176832385405,0.0631793790332722,0.448708358403552,1.4630706929356165,1.0141304859469074,1.2386005894413756,0.0,0.0,0.0,5.983170077759896,0.7567398912958696,0.3589888424744,0.6064275209681713
2024-03-20 14:17:08,1198.72,1307.86,1198.9657271773165,1311.4803807801418,101.12,108.78,1255.2230539787292,2510.4461079574585,112.51465360282532,0.08963717895121992,209.9,7.659999999999997,-0.0819090591053282,-1.206793593380553,-0.6443513262429406,1.1248845342752247,1.7457600267141873,0.02730301970200344,-1.034402135539949,-0.5035495579190865,0.0,0.0,0.0,5.980100276315526,0.9535338367842453,0.5137451773457717,0.6214266970401793
2024-03-20 14:17:09,1191.6,1309.3,1197.1242953829874,1310.9352855851064,101.12,108.78,1254.0297904840468,2508.0595809680935,113.810990202119,0.09075620928226316,209.9,7.659999999999997,-1.8414317943290825,-0.545095195035401,-1.1932634946824692,1.2963365992936815,1.0863782548383292,-1.7595227352237544,0.6616983983451519,-0.5489121684395286,0.0,0.0,0.0,5.974415362123065,1.2235264031481676,0.5264546341576137,0.6326345638640354
2024-03-20 14:17:10,1200.14,1313.61,1197.8782215372405,1311.6039641888297,101.12,108.78,1254.7410928630352,2509.4821857260704,113.72574265158914,0.09063681998447656,209.9,7.659999999999997,0.7539261542531221,0.668678603723265,0.711302378988421,0.08524755052985711,0.11984696410565598,2.5953579485822047,1.213773798758666,1.9045658736708901,0.0,0.0,0.0,5.977804129991572,0.8178848659010852,0.5424216662049623,0.8465789223887309
2024-03-20 14:17:11,1200.14,1313.61,1198.4436661529305,1312.1054731416223,101.12,108.78,1255.2745696472764,2510.549139294553,113.66180698869175,0.09054736680444547,209.9,7.659999999999997,0.5654446156900121,0.5015089527926193,0.533476784241202,0.06393566289739283,0.1198469079426286,-0.18848153856311,-0.16716965093064573,-0.17782559474721893,0.0,0.0,0.0,5.980345705892952,0.685962555856744,0.538492564691095,0.7971504432106075
2024-03-20 14:17:12,1201.57,1307.86,1199.2252496146978,1311.0441048562166,101.12,108.78,1255.1346772354573,2510.2693544709145,111.8188552415188,0.08908912898392735,209.9,7.659999999999997,0.7815834617672408,-1.061368285405706,-0.13989241181911893,1.8429517471729469,13.17397097695972,0.21613884607722866,-1.5628772381983254,-0.673369196060321,0.0,0.0,0.0,5.9796792341866505,0.5197069170424884,0.8939302124989033,0.7971522368978923
2024-03-20 14:17:13,1198.72,1319.35,1199.0989372110234,1313.1205786421624,101.12,108.89,1256.109757926593,2512.219515853186,114.02164143113896,0.09077362915210213,210.01,7.769999999999996,-0.12631240367431928,2.0764737859458364,0.9750806911356449,2.2027861896201557,2.2590786081263046,-0.9078958654415601,3.1378420713515425,1.1149731029547638,0.0,0.10999999999999943,0.10999999999999943,5.981190190683314,0.7610225827522543,0.8985705546739313,0.8699899114787745
2024-03-20 14:17:14,1267.24,1319.35,1216.1342029082675,1314.6779339816217,101.15,108.89,1265.4060684449446,2530.812136889889,98.54373107335414,0.07787518445883476,210.04000000000002,7.739999999999995,17.035265697244085,1.5573553394592636,9.296310518351675,15.477910357784822,1.6649517743924749,17.161578100918405,-0.5191184464865728,8.32122982721603,0.030000000000001137,0.0,0.030000000000001137,6.024595612361211,4.540333030603821,6.659393396114818,3.9464651905117267
2024-03-20 14:17:15,1198.72,1316.48,1211.7806521812006,1315.1284504862163,101.23,108.89,1263.4545513337084,2526.909102667417,103.34779830501566,0.08179779645743762,210.12,7.659999999999997,-4.353550727066931,0.4505165045945887,-1.9515171112361713,4.80406723166152,2.4617077361472335,-21.388816424311017,-1.106838834864675,-11.247827629587846,0.0799999999999983,0.0,0.0799999999999983,6.013014207694147,4.950377969655748,6.956567540343136,4.3674903063850214
2024-03-20 14:17:16,1207.27,1319.35,1210.6529891359005,1316.183837864662,101.23,108.89,1263.4184135002813,2526.8368270005626,105.53084872876161,0.08352802802110662,210.12,7.659999999999997,-1.1276630453000962,1.0553873784458574,-0.036137833427119403,2.1830504237459536,60.4073296430134,3.225887681766835,0.6048708738512687,1.915379277809052,0.0,0.0,0.0,6.012842221051966,4.721425495253978,6.303307866875235,4.414097527602705
2024-03-20 14:17:17,1197.29,1319.35,1207.3122418519254,1316.9753783984966,101.23,108.89,1262.143810125211,2524.287620250422,109.6631365465712,0.0868864035777394,210.12,7.659999999999997,-3.3407472839751335,0.7915405338344499,-1.2746033750702281,4.132287817809583,3.242016031509309,-2.2130842386750373,-0.2638468446114075,-1.2384655416431087,0.0,0.0,0.0,6.006776147527294,3.549218889106833,5.923899997932023,4.554693227232448
2024-03-20 14:17:18,1205.84,1319.35,1206.9441813889441,1317.5690337988724,101.23,108.89,1262.2566075939083,2524.5132151878165,110.62485240992828,0.08764054127881249,210.12,7.659999999999997,-0.36806046298124784,0.5936554003758374,0.1127974686971811,0.9617158633570853,8.52596559567585,2.9726868209938857,-0.19788513345861247,1.3874008437674092,0.0,0.0,0.0,6.00731297157146,1.312672309974568,4.914508328114559,4.591070112137208
2024-03-20 14:17:19,1202.99,1319.35,1205.955636041708,1318.014275349154,101.23,108.89,1261.984955695431,2523.969911390862,112.05863930744613,0.08879554285724382,210.12,7.659999999999997,-0.9885453472361405,0.44524155028170753,-0.2716518984773302,1.433786897517848,5.2780106730114635,-0.6204848842548927,-0.14841385009412988,-0.3844493671745113,0.0,0.0,0.0,6.006020129875361,0.7230176262818268,3.659503213361886,0.8916353341061787
2024-03-20 14:17:20,1198.72,1319.35,1204.146727031281,1318.3482065118656,101.23,108.89,1261.2474667715733,2522.4949335431465,114.20147948058457,0.09054644897116082,210.12,7.659999999999997,-1.8089090104269872,0.3339311627114512,-0.7374889238576543,2.1428401731384383,2.9055856952318657,-0.8203636631908466,-0.11131038757025635,-0.4658370253803241,0.0,0.0,0.0,6.002510283500205,0.7816539187676543,3.2211505796076425,0.566145562016878
2024-03-20 14:17:21,1202.99,1319.35,1203.8575452734608,1318.5986548838991,101.23,108.89,1261.22810007868,2522.45620015736,114.74110961043834,0.09097570020229066,210.12,7.659999999999997,-0.28918175782018807,0.2504483720335884,-0.01936669289329984,0.5396301298537765,27.862385717632833,1.519727252606799,-0.0834827906778628,0.7181222309643545,0.0,0.0,0.0,6.00241811382192,0.4973428073837418,2.201316525685799,0.5691884993717196
2024-03-20 14:17:22,1197.29,1313.61,1202.2156589550955,1317.3514911629243,101.23,108.89,1259.7835750590098,2519.5671501180195,115.1358322078288,0.09139334278988544,210.12,7.659999999999997,-1.641886318365323,-1.2471637209748678,-1.444525019670209,0.3947225973904551,0.27325405843542494,-1.3527045605451349,-1.4976120930084562,-1.4251583267769092,0.0,0.0,0.0,5.995543351720285,0.9606945708462139,1.9328355705144444,0.6331061568578064
2024-03-20 14:17:23,1198.72,1313.61,1201.3417442163216,1316.416118372193,101.23,108.89,1258.8789312942572,2517.7578625885144,115.07437415587151,0.09141019934788566,210.12,7.659999999999997,-0.8739147387739195,-0.9353727907312077,-0.9046437647525636,0.06145805195728826,0.06793611630980712,0.7679715795914035,0.3117909302436601,0.5398812549176455,0.0,0.0,0.0,5.991237984499425,1.2606967477375846,1.2756957482997269,0.5570801495446185
2024-03-20 14:17:24,1202.99,1313.61,1201.753808162241,1315.7145887791448,101.23,108.89,1258.734198470693,2517.468396941386,113.96078061690378,0.09053601678958521,210.12,7.659999999999997,0.412063945919499,-0.7015295930482353,-0.14473282356425443,1.1135935389677343,7.69407945941092,1.2859786846934185,0.23384319768297246,0.7599109411883092,0.0,0.0,0.0,5.990549174186864,1.2213751014226641,0.5236647391638123,0.5824004074828625
2024-03-20 14:17:25,1194.44,1316.48,1199.9253561216808,1315.9059415843585,101.23,108.89,1257.9156488530198,2515.8312977060395,115.98058546267771,0.09220060619822114,210.12,7.659999999999997,-1.8284520405602507,0.1913528052136826,-0.8185496176731704,2.0198048457739333,2.467538112078486,-2.2405159864797497,0.8928823982619178,-0.6738167941089159,0.0,0.0,0.0,5.986653544957006,1.2614422076481346,0.7297649424729654,0.586552828115975
2024-03-20 14:17:26,1194.44,1316.48,1198.5540170912604,1316.0494561882688,101.23,108.89,1257.3017366397646,2514.603473279529,117.49543909700833,0.09345047062256784,210.12,7.659999999999997,-1.3713390304203585,0.14351460391026194,-0.613912213255162,1.5148536343306205,2.467537107237662,0.45711301013989214,-0.04783820130342065,0.20463740441800837,0.0,0.0,0.0,5.983731823034613,0.9514069587189585,1.3125727548933783,0.47159998278790405
2024-03-20 14:17:27,1205.84,1317.92,1200.3755128184453,1316.5170921412016,101.23,108.89,1258.4463024798233,2516.8926049596466,116.14157932275634,0.09228965828864102,210.12,7.659999999999997,1.8214957271848107,0.4676359529328238,1.1445658400587035,1.353859774251987,1.1828577649362522,3.192834757605169,0.32412134902256184,1.7584780533138655,0.0,0.0,0.0,5.989179023846584,0.6479559488508454,1.3142437720270026,0.8424088950028549
2024-03-20 14:17:28,1194.44,1317.92,1198.891634613834,1316.8678191059012,101.23,108.89,1257.8797268598676,2515.759453719735,117.9761844920672,0.0937897176328532,210.12,7.659999999999997,-1.483878204611301,0.350726964699561,-0.5665756199557563,1.834605169310862,3.238053080012594,-3.3053739317961117,-0.11690898823326279,-1.7111414600144599,0.0,0.0,0.0,5.986482585538668,0.5549711552389859,1.568211051725882,0.790445486325637
2024-03-20 14:17:29,1202.99,1316.48,1199.9162259603754,1316.7708643294259,101.23,108.89,1258.3435451449006,2516.6870902898013,116.85463836905046,0.09286385957717974,210.12,7.659999999999997,1.024591346541456,-0.09695477647528605,0.463818285033085,1.121546123016742,2.4180670343121684,2.508469551152757,-0.44768174117484705,1.0303939049888413,0.0,0.0,0.0,5.988689982658531,0.4538188032362725,0.8565587416703284,0.8459544867891398
2024-03-20 14:17:30,1194.44,1310.73,1198.5471694702815,1315.2606482470694,101.23,108.89,1256.9039088586755,2513.807817717351,116.71347877678795,0.09285791687123564,210.12,7.659999999999997,-1.3690564900939535,-1.5102160823564645,-1.4396362862250953,0.14115959226251107,0.0980521924606779,-2.3936478366354095,-1.4132613058811785,-1.9034545712581803,0.0,0.0,0.0,5.981838486944779,0.6647624182381592,0.7127291110505414,1.0112966399451235
2024-03-20 14:17:31,1194.44,1317.92,1197.520377102711,1315.9254861853021,101.23,108.89,1256.7229316440066,2513.4458632880132,118.40510908259103,0.0942173537276667,210.12,7.659999999999997,-1.0267923675703514,0.6648379382327221,-0.18097721466892835,1.6916303058030735,9.34714882063374,0.34226412252360205,2.1750540205891866,1.258659071556167,0.0,0.0,0.0,5.980977182862314,0.8036718538431149,0.939325065653288,0.9854527691765479
2024-03-20 14:17:32,1200.14,1307.86,1198.1752828270335,1313.9091146389765,101.23,108.89,1256.042198733005,2512.08439746601,115.73383181194299,0.09214167472760416,210.12,7.659999999999997,0.6549057243223615,-2.016371546325672,-0.6807329110015417,2.6712772706480337,3.924113706511066,1.681698091892713,-2.6812094845583943,-0.4997556963326133,0.0,0.0,0.0,5.977737448863828,0.9250908985411964,1.0654001502316919,0.6980141571866653
2024-03-20 14:17:33,1197.29,1315.04,1197.953962120275,1314.1918359792323,101.23,108.89,1256.0728990497537,2512.1457980995074,116.2378738589573,0.09254070671722402,210.12,7.659999999999997,-0.22132070675843352,0.2827213402558755,0.030700316748607293,0.504042047014309,16.417603555625146,-0.876226431080795,2.2990928865815476,0.7114332277501489,0.0,0.0,0.0,5.9778835573570825,0.9355139316129513,1.0048557539492289,0.730042335906825
2024-03-20 14:17:34,1201.57,1310.73,1198.8579715902063,1313.3263769844243,101.23,108.89,1256.0921742873152,2512.1843485746303,114.46840539421805,0.09113057755338286,210.12,7.659999999999997,0.9040094699312249,-0.8654589948080229,0.0192752375614873,1.7694684647392478,91.79532359958736,1.1253301766896584,-1.1481803350638984,-0.01142507918711999,0.0,0.0,0.0,5.977975291782505,0.4130613465452244,1.4388280569799365,0.6237552768354643
2024-03-20 14:17:35,1198.72,1307.86,1198.8234786926548,1311.9597827383182,101.23,108.89,1255.3916307154864,2510.7832614309727,113.13630404566334,0.09012032674701131,210.12,7.659999999999997,-0.03449289755144491,-1.3665942461061604,-0.7005435718288027,1.3321013485547155,1.9015226184355492,-0.9385023674826698,-0.5011352512981375,-0.71981880939029,0.0,0.0,0.0,5.974641275180112,0.4710676627321989,1.9776037782646108,0.36428984069642373
2024-03-20 14:17:36,1200.14,1310.73,1199.1526090194911,1311.6523370537386,101.23,108.89,1255.402473036615,2510.80494607323,112.49972803424748,0.08961247915380985,210.12,7.659999999999997,0.3291303268363208,-0.3074456845795339,0.010842321128620824,0.6365760114158547,58.70673789560834,0.36362322438776573,1.0591485615266265,0.7113858929574235,0.0,0.0,0.0,5.974692875794413,0.36854196228550967,1.6099975446465205,0.38950866663761446
2024-03-20 14:17:37,1194.44,1310.73,1197.9744567646185,1311.4217527903038,101.23,108.89,1254.6981047774611,2509.3962095549223,113.44729602568532,0.09041800214991863,210.12,7.659999999999997,-1.178152254872657,-0.23058426343482097,-0.7043682591538527,0.9475679914378361,1.3452716442738202,-1.5072825817089779,0.07686142114471295,-0.7152105802824735,0.0,0.0,0.0,5.97134065679669,0.5784089272502206,1.459528893617966,0.39591976094501213
2024-03-20 14:17:38,1201.57,1315.04,1198.8733425734638,1312.3263145927278,101.23,108.89,1255.5998285830958,2511.1996571661916,113.45297201926405,0.09035758794020743,210.12,7.659999999999997,0.8988858088453071,0.9045618024240412,0.9017238056346741,0.005675993578734051,0.006294596248507363,2.077038063717964,1.1351460658588621,1.6060920647885268,0.0,0.0,0.0,5.975632127391318,0.5012442025647887,0.7117853917324578,0.6625201354691053
2024-03-20 14:17:39,1195.87,1315.04,1198.1225069300979,1313.004735944546,101.23,108.89,1255.563621437322,2511.127242874644,114.88222901444806,0.091498532580481,210.12,7.659999999999997,-0.7508356433659173,0.6784213518180877,-0.03620714577391482,1.429256995184005,39.473355087232186,-1.6497214522112245,-0.22614045060595345,-0.937930951408589,0.0,0.0,0.0,5.975459810878841,0.3659652627939214,0.8727882963102045,0.6605975803141473
2024-03-20 14:17:40,1197.29,1316.48,1197.9143801975733,1313.8735519584093,101.23,108.89,1255.8939660779913,2511.7879321559826,115.95917176083594,0.09233197610673358,210.12,7.659999999999997,-0.2081267325245335,0.868816013863352,0.3303446406694093,1.0769427463878856,3.2600483063907824,0.5427089108413838,0.19039466204526434,0.3665517864433241,0.0,0.0,0.0,5.9770319822052125,0.4467595905888916,1.3657017244143437,0.5850915308348295
2024-03-20 14:17:41,1198.72,1310.73,1198.11578514818,1313.087663968807,101.23,108.89,1255.6017245584935,2511.203449116987,114.9718788206269,0.09156715579495339,210.12,7.659999999999997,0.20140495060672947,-0.7858879896023154,-0.292241519497793,0.9872929402090449,3.3783343433586195,0.409531683131263,-1.6547040034656675,-0.6225861601672023,0.0,0.0,0.0,5.975641150689379,0.4523634500938134,1.0831993813998928,0.6117891542639327
2024-03-20 14:17:42,1200.14,1307.86,1198.621838861135,1311.7807479766052,101.23,108.89,1255.2012934188701,2510.4025868377403,113.15890911547012,0.09015200161011636,210.12,7.659999999999997,0.5060537129550085,-1.3069159922017661,-0.40043113962337884,1.8129697051567746,4.527532946935627,0.304648762348279,-0.5210280025994507,-0.10818962012558586,0.0,0.0,0.0,5.9737354247341266,0.246380633475776,1.1609934364831185,0.5288323936282023
2024-03-20 14:17:43,1191.6,1310.73,1196.8663791458512,1311.5180609824538,101.23,108.89,1254.1922200641525,2508.384440128305,114.65168183660262,0.09141476076077347,210.12,7.659999999999997,-1.755459715283905,-0.2626869941514087,-1.009073354717657,1.4927727211324964,1.4793485873002692,-2.2615134282389135,1.0442289980503574,-0.6086422150942781,0.0,0.0,0.0,5.968933057753757,0.6614007791278234,1.0083236096191015,0.4945061751392098
2024-03-20 14:17:44,1210.12,1307.86,1200.1797843593883,1310.6035457368403,101.37,108.89,1255.3916650481142,2510.7833300962284,110.42376137745191,0.08795961002756872,210.26,7.519999999999996,3.3134052135371803,-0.9145152456135293,1.1994449839617118,4.22792045915071,3.524894422661781,5.068864928821085,-0.6518282514621205,2.2085183386793688,0.14000000000000057,0.0,0.14000000000000057,5.970663269654005,0.6479875775491463,2.154367525971535,0.8375352663786101
2024-03-20 14:17:45,1205.84,1307.86,1201.5948382695412,1309.9176593026302,101.37,108.89,1255.7562487860857,2511.5124975721715,108.32282103308899,0.08626102482192817,210.26,7.519999999999996,1.415053910152892,-0.6858864342100333,0.3645837379715431,2.1009403443629253,5.762557028722662,-1.8983513033842883,0.228628811403496,-0.8348612459901688,0.0,0.0,0.0,5.972397235868394,0.6162496253977706,2.8611677624296985,0.8413940217795952
2024-03-20 14:17:46,1205.84,1309.3,1202.656128702156,1309.7632444769727,101.37,108.89,1256.2096865895642,2512.4193731791283,107.10711577481675,0.08526213165919429,210.26,7.519999999999996,1.061290432614669,-0.15441482565756814,0.45343780347843676,1.2157052582722372,2.681079009882422,-0.353763477538223,0.5314716085524651,0.08885406550689368,0.0,0.0,0.0,5.974553793470039,0.7530608977980023,3.173827731014328,0.8488000323550869
2024-03-20 14:17:47,1207.27,1323.66,1203.809596526617,1313.2374333577295,101.37,109.03,1258.5235149421733,2517.0470298843466,109.42783683111247,0.08694937793767889,210.4,7.659999999999997,1.1534678244611314,3.4741888807568557,2.3138283526091072,2.3207210562957243,1.0029784839918492,0.09217739184646234,3.628603706414424,1.8603905491306705,0.0,0.14000000000000057,0.14000000000000057,5.981575612930597,1.589699254266721,2.886429660300453,1.2187898633200331
2024-03-20 14:17:48,1197.29,1323.66,1202.1796973949627,1315.8430750182972,101.37,109.03,1259.01138620663,2518.02277241326,113.66337762333455,0.09027986464484615,210.4,7.659999999999997,-1.6298991316543834,2.6056416605676986,0.4878712644567713,4.235540792222082,8.68165932108932,-2.7833669561155148,-0.8685472201891571,-1.825957088152336,0.0,0.0,0.0,5.98389439269361,1.6675367128362057,2.4943108551177127,0.8252488969134494
2024-03-20 14:17:49,1198.72,1323.66,1201.314773046222,1317.797306263723,101.37,109.03,1259.5560396549724,2519.112079309945,116.48253321750099,0.09247903980273062,210.4,7.659999999999997,-0.8649243487407148,1.9542312454257171,0.5446534483423875,2.819155594166432,5.176044375927357,0.7649747829136686,-0.6514104151419815,0.05678218388561618,0.0,0.0,0.0,5.9864830497551775,1.7160983705991264,3.9352661908554207,0.8304503846075151
2024-03-20 14:17:50,1202.99,1317.92,1201.7335797846665,1317.8279796977922,101.37,109.03,1259.7807797412293,2519.5615594824585,116.0943999131257,0.09215444598608506,210.4,7.659999999999997,0.41880673844457306,0.030673434069285577,0.22474008625681563,0.3881333043752875,1.7270242430516718,1.2837310871852878,-1.9235578113564316,-0.31991336208557186,0.0,0.0,0.0,5.9875512060536025,1.4313991380381197,4.142461885083877,0.8522340437086475
2024-03-20 14:17:51,1202.99,1319.35,1202.0476848385,1318.208484773344,101.37,109.03,1260.1280848059218,2520.2561696118437,116.16079993484414,0.09218174028757786,210.4,7.659999999999997,0.31410505383337295,0.38050507555180957,0.34730506469259126,0.06640002171843662,0.19118589759498972,-0.10470168461120011,0.349831641482524,0.12256497843577563,0.0,0.0,0.0,5.98920189551673,0.6361398821655389,2.981925526895271,0.8644112725943058
2024-03-20 14:17:52,1198.72,1320.79,1201.215763628875,1318.853863580008,101.37,109.03,1260.0348136044415,2520.069627208883,117.63809995113297,0.09336099176597965,210.4,7.659999999999997,-0.831921209624852,0.6453788066639845,-0.09327120148032009,1.4773000162888366,15.838588484485793,-1.146026263458225,0.26487373111217494,-0.44057626617291135,0.0,0.0,0.0,5.988758591329291,0.4463101484258634,1.4500408920796979,0.2538156080289794
2024-03-20 14:17:53,1198.72,1316.48,1200.5918227216564,1318.260397685006,101.37,109.03,1259.426110203331,2518.852220406662,117.66857496334956,0.09343031235943008,210.4,7.659999999999997,-0.623940907218639,-0.5934658950020548,-0.6087034011104606,0.03047501221658422,0.050065371896422295,0.207980302406213,-1.2388447016660393,-0.5154321996301405,0.0,0.0,0.0,5.985865514341566,0.3005646434920186,0.784804584783888,0.45072065683306073
2024-03-20 14:17:54,1200.14,1316.48,1200.4788670412424,1317.8152982637544,101.37,109.03,1259.1470826524983,2518.2941653049966,117.33643122251192,0.09318723185391949,210.4,7.659999999999997,-0.11295568041396109,-0.44509942125159796,-0.2790275508327795,0.33214374083763687,1.190357545298972,0.510985226804678,0.14836647375045686,0.3296758502776811,0.0,0.0,0.0,5.9845393377754705,0.41308546468106444,0.7889312278169086,0.385601954750619
2024-03-20 14:17:55,1195.87,1310.73,1199.3266502809317,1316.0439736978158,101.37,109.03,1257.6853119893738,2515.3706239787475,116.71732341688403,0.0928032809252263,210.4,7.659999999999997,-1.1522167603106936,-1.7713245659385848,-1.4617706631245255,0.6191078056278911,0.4235324991213423,-1.0392610798967326,-1.3262251446869868,-1.182743112291746,0.0,0.0,0.0,5.977591758611131,0.9837358460330217,0.6513786841673156,0.6775457514795691
2024-03-20 14:17:56,1202.99,1320.79,1200.2424877106987,1317.2304802733618,101.37,109.03,1258.7364839920301,2517.4729679840602,116.98799256266307,0.09294081323415662,210.4,7.659999999999997,0.9158374297669525,1.186506575545991,1.051172002656358,0.27066914577903844,0.2574924822983907,2.068054190077646,2.9578311414845757,2.5129426657808835,0.0,0.0,0.0,5.982587823238794,0.8763147297162512,0.4134464249002226,0.909876531097482
2024-03-20 14:17:57,1198.72,1317.92,1199.861865783024,1317.4028602050214,101.37,109.03,1258.6323629940227,2517.2647259880455,117.54099442199731,0.09338786907481389,210.4,7.659999999999997,-0.38062192767461056,0.17237993165963417,-0.10412099800737451,0.5530018593342447,5.311095348891384,-1.296459357441563,-1.0141266438863568,-1.1552930006637325,0.0,0.0,0.0,5.982092951577613,0.6632067611944107,0.3936194235996429,0.9093376565776377
2024-03-20 14:17:58,1190.17,1313.61,1197.4388993372681,1316.454645153766,101.37,109.03,1256.946772245517,2513.893544491034,119.01574581649788,0.09468638477760805,210.4,7.659999999999997,-2.4229664457559466,-0.9482150512553744,-1.6855907485057742,1.4747513945005721,0.8749161211828989,-2.042344518081336,-1.1205949829150086,-1.5814697504983997,0.0,0.0,0.0,5.974081588742563,0.8948212550520399,0.8942475834871395,1.111555940644296
2024-03-20 14:17:59,1202.99,1320.79,1198.8266745029512,1317.5384838653245,101.37,109.03,1258.182579184138,2516.365158368276,118.71180936237329,0.09435181446002816,210.4,7.659999999999997,1.3877751656830242,1.0838387115584283,1.2358069386209536,0.3039364541245959,0.2459414967537437,3.8107416114389707,2.0320537628138027,2.9213976871267278,0.0,0.0,0.0,5.979955195837371,0.7377683948504095,1.025661512563915,1.3633560435431178
2024-03-20 14:18:00,1202.99,1319.35,1199.8675058772133,1317.9913628989934,101.37,109.03,1258.9294343881033,2517.8588687762067,118.12385702178017,0.09382881494494955,210.4,7.659999999999997,1.0408313742620976,0.4528790336689781,0.7468552039654242,0.5879523405931195,0.7872363347474299,-0.3469437914209266,-0.6309596778894502,-0.48895173465552944,0.0,0.0,0.0,5.983504887854555,0.7970471574451196,0.8306107932966832,1.1971281582888893
2024-03-20 14:18:01,1191.6,1317.92,1197.80062940791,1317.973522174245,101.37,109.03,1257.8870757910777,2515.7741515821554,120.17289276633505,0.09553551744318822,210.4,7.659999999999997,-2.0668764693032244,-0.0178407247483392,-1.0423585970256681,2.0490357445548852,1.9657666609505278,-3.107707843565322,-0.4707197584173173,-1.7892138009910923,0.0,0.0,0.0,5.978550712036725,0.7668504152448947,0.9929287288055192,1.2123614792350936
2024-03-20 14:18:02,1201.57,1319.35,1198.7429720559326,1318.3176416306837,101.37,109.03,1258.5303068433082,2517.0606136866163,119.57466957475117,0.09501135477592222,210.4,7.659999999999997,0.9423426480225316,0.34411945643864783,0.643231052230476,0.5982231915838838,0.9300270244765956,3.009219117325756,0.36196018118698703,1.6855896492561442,0.0,0.0,0.0,5.9816078938293735,0.7508498665848731,0.7882094825887457,1.2673202235868808
2024-03-20 14:18:03,1201.57,1316.48,1199.4497290419495,1317.8582312230128,101.37,109.03,1258.6539801324811,2517.3079602649623,118.40850218106334,0.09407549966554318,210.4,7.659999999999997,0.7067569860168987,-0.45941040767093,0.12367328917298437,1.1661673936878287,9.42934381500022,-0.2355856620056329,-0.8035298641095778,-0.5195577630574917,0.0,0.0,0.0,5.982195694630634,0.40786769631591446,0.852416992672709,0.8685695776926875
2024-03-20 14:18:04,1191.6,1316.48,1197.4872967814622,1317.5136734172597,101.37,109.03,1257.500485099361,2515.000970198722,120.02637663579753,0.09544837394704091,210.4,7.659999999999997,-1.962432260487276,-0.3445578057530838,-1.1534950331201799,1.6178744547341921,1.4025834578363305,-2.6691892465041747,0.11485260191784619,-1.2771683222931642,0.0,0.0,0.0,5.976713303814865,0.5882731029197562,0.9401575348305299,0.9097864767113267
2024-03-20 14:18:05,1211.54,1325.1,1201.0004725860967,1319.4102550629448,101.53,109.11,1260.2053638245206,2520.4107276490413,118.40978247684802,0.09396070337578366,210.64,7.579999999999998,3.5131758046345567,1.8965816456850462,2.7048787251596877,1.6165941589495105,0.5976584259597981,5.475608065121833,2.24113945143813,3.8583737582798676,0.1599999999999966,0.0799999999999983,0.0799999999999983,5.982744767573946,1.0358850102177741,0.8588601070281967,1.5681895004839823
2024-03-20 14:18:06,1210.12,1319.35,1203.2803544395724,1319.3951912972084,101.53,109.11,1261.3377728683904,2522.675545736781,116.11483685763596,0.09205689329474685,210.64,7.579999999999998,2.279881853475672,-0.015063765736385903,1.1324090438697567,2.294945619212058,2.0266030239096056,-1.2332939511588847,-1.911645411421432,-1.572469681289931,0.0,0.0,0.0,5.98812080744526,1.517021612564913,1.515752380053181,1.4121658150714649
2024-03-20 14:18:07,945.76,1115.16,1138.9002658296793,1268.3363934729064,100.6,107.8,1203.6183296512927,2407.2366593025854,129.4361276432271,0.10753917944502192,208.39999999999998,7.200000000000003,-64.38008860989316,-51.05879782430202,-57.719443217097705,13.321290785591145,0.2307938159537077,-66.65997046336884,-51.04373405856563,-58.85185226096746,-0.9300000000000068,-1.3100000000000023,0.37999999999999545,5.775519788271464,25.000099643414032,5.19734417173977,26.16492710910365
2024-03-20 14:18:08,810.38,1017.56,1056.7701993722594,1205.6422951046798,97.86,105.33,1131.2062472384696,2262.412494476939,148.87209573242035,0.13160473252711083,203.19,7.469999999999999,-82.13006645741984,-62.694098368226605,-72.41208241282311,19.43596808919324,0.2684078012006407,-17.74997784752668,-11.635300543924586,-14.692639195725405,-2.739999999999995,-2.469999999999999,0.269999999999996,5.5672338287870256,56.66964221393294,13.456566592347986,36.52529312216564
2024-03-20 14:18:09,537.69,754.67,927.0001495291946,1092.8992213285098,94.66,102.43,1009.9496854288523,2019.8993708577045,165.89907179931527,0.1642646896460048,197.09,7.77000000000001,-129.77004984306484,-112.74307377616992,-121.25656180961732,17.026976066894917,0.14042106812501898,-47.639983385644996,-50.04897540794332,-48.84447939679421,-3.200000000000003,-2.8999999999999915,0.30000000000001137,5.124307069382238,105.68537676679924,21.255844025050937,52.51313317209704
2024-03-20 14:18:10,236.5,398.44,754.375112146896,919.2844159963823,91.29,99.31,836.8297640716391,1673.6595281432783,164.90930384948638,0.19706433821145075,190.60000000000002,8.019999999999996,-172.62503738229861,-173.6148053321275,-173.11992135721312,0.989767949828888,0.00571723887321654,-42.854987539233775,-60.87173155595758,-51.86335954759579,-3.3699999999999903,-3.1200000000000045,0.2499999999999858,4.390502411758325,169.15744857909013,21.935819834180663,65.9556809802815
2024-03-20 14:18:11,13.73,82.47,569.213834110172,710.0808119972867,88.17,96.22,639.6473230537293,1279.2946461074587,140.86697788711467,0.22022600984926824,184.39,8.049999999999997,-185.16127803672396,-209.20360399909566,-197.1824410179098,24.042325962371706,0.12192934480539588,-12.536240654425342,-35.58879866696816,-24.062519660696694,-3.1200000000000045,-3.0900000000000034,0.030000000000001137,3.468991374720636,228.5075826885522,15.673423993096138,60.88886746545056
2024-03-20 14:18:12,9.78,-9.9,429.355375582629,530.085608997965,88.17,93.92,479.720492290297,959.440984580594,100.73023341533599,0.20997692369665,182.09,5.75,-139.858458527543,-179.9952029993217,-159.92683076343235,40.136744471778684,0.2509694216362013,45.30281950918095,29.20840099977397,37.25561025447746,0.0,-2.299999999999997,2.299999999999997,2.6345240796077376,265.29666551931444,26.56250968569556,48.910788913619
2024-03-20 14:18:13,7.15,-8.59,323.80403168697177,395.41670674847376,88.17,93.92,359.6103692177228,719.2207384354456,71.61267506150199,0.1991396271974714,182.09,5.75,-105.55134389565723,-134.66890224949123,-120.1101230725742,29.117558353834,0.24242384710418152,34.30711463188578,45.326300749830466,39.81670769085815,0.0,0.0,0.0,1.9749045375518604,263.03503535239327,41.48534913445966,33.487195557487716
2024-03-20 14:18:14,8.47,-3.33,244.97052376522885,295.73003006135536,88.17,93.92,270.3502769132921,540.7005538265842,50.75950629612652,0.18775459262670455,182.09,5.75,-78.83350792174292,-99.68667668711839,-89.26009230443071,20.85316876537547,0.23362252932285874,26.717835973914305,34.98222556237283,30.850030768143483,0.0,0.0,0.0,1.4847068780744972,226.01466711958125,47.29569606116001,43.07076195615705
2024-03-20 14:18:15,7.15,-2.01,185.51539282392164,221.29502254601653,88.17,93.92,203.40520768496907,406.81041536993814,35.77962972209488,0.17590321286958702,182.09,5.75,-59.4551309413072,-74.43500751533884,-66.945069228323,14.979876574031636,0.22376369944704272,19.378376980435718,25.251669171779554,22.315023076107707,0.0,0.0,0.0,1.117058633466475,173.51459626512687,41.878735104457114,52.64888544351253
2024-03-20 14:18:16,8.47,-0.69,141.25404461794125,165.79876690951238,88.17,93.92,153.5264057637268,307.0528115274536,24.544722291571134,0.15987296784288602,182.09,5.75,-44.2613482059804,-55.496255636504145,-49.87880192124226,11.234907430523748,0.22524412721499085,15.193782735326806,18.938751878834694,17.06626730708075,0.0,0.0,0.0,0.8431347406260205,129.70551606408998,30.281848944519652,43.8098872129589
2024-03-20 14:18:17,7.15,0.62,107.72803346345593,124.50407518213429,88.17,93.92,116.11605432279511,232.23210864559022,16.776041718678357,0.14447650389123234,182.09,5.75,-33.52601115448532,-41.294691727378094,-37.410351440931706,7.768680572892777,0.20766125058989948,10.73533705149508,14.201563909126051,12.468450480310551,0.0,0.0,0.0,0.6376849562584994,96.83800341290554,21.858075952912856,32.86806904424609
2024-03-20 14:18:18,9.78,-0.69,83.24102509759194,93.20555638660072,88.17,93.92,88.22329074209634,176.44658148419268,9.964531289008775,0.1129467184033231,182.09,5.75,-24.487008365863986,-31.298518795533568,-27.89276358069877,6.811510429669582,0.24420348904328434,9.039002788621332,9.996172931844526,9.517587860232936,0.0,0.0,0.0,0.48450376329063966,72.42378626092714,16.130448388112452,24.414404742254934
2024-03-20 14:18:19,9.78,-0.69,64.87576882319395,69.73166728995054,88.17,93.92,67.30371805657225,134.6074361131445,4.855898466756585,0.07214903626165074,182.09,5.75,-18.365256274397993,-23.473889096650183,-20.919572685524088,5.10863282225219,0.24420348612492318,6.121752091465993,7.824629698883385,6.973190895174682,0.0,0.0,0.0,0.3696178685647448,54.12690768035096,12.217251601220212,18.29703076198485
2024-03-20 14:18:20,13.73,-0.69,52.089326617395464,52.1262504674629,88.17,93.92,52.107788542429184,104.21557708485837,0.03692385006743848,0.0007086051891986887,182.09,5.75,-12.786442205798487,-17.605416822487634,-15.195929514143067,4.818974616689147,0.3171227067802172,5.578814068599506,5.868472274162549,5.7236431713810205,0.0,0.0,0.0,0.2861650187064867,40.38236114659635,9.689630868094666,13.745895055491292
