time,force_left_raw,force_right_raw,force_left,force_right,dis_left,dis_right,force_avg,force_sum,force_diff,force_diff_ratio,total_delta_dis,dis_diff,left_force_rate,right_force_rate,force_rate,force_rate_diff,force_rate_ratio,left_force_acc,right_force_acc,force_acc,left_dis_rate,right_dis_rate,dis_rate_diff,stiffness_ratio,force_std_5s,force_diff_std_5s,force_rate_std_5s
2024-03-28 08:40:26,270.43,221.49,270.43,221.49,3.33,-0.15,245.96,491.92,48.94,0.19897544235251485,3.18,3.48,0.0,0.0,0.0,0.0,0.0,0.0,0.0,0.0,0.0,0.0,0.0,77.34588762707936,0.0,0.0,0.0
2024-03-28 08:40:27,269.11,226.78,270.1,222.8125,3.47,-0.15,246.45625,492.9125,47.28750000000002,0.19186975298102713,3.3200000000000003,3.62,-0.3299999999999841,1.322499999999991,0.4962500000000034,1.652499999999975,3.3299681008198747,-0.3299999999999841,1.322499999999991,0.4962500000000034,0.14000000000000012,0.0,0.14000000000000012,74.23378788138919,0.0,0.0,0.0
2024-03-28 08:40:28,271.75,225.46,270.51250000000005,223.474375,3.47,-0.15,246.99343750000003,493.98687500000005,47.038125000000036,0.1904428121073347,3.3200000000000003,3.62,0.41250000000002274,0.6618750000000091,0.5371875000000159,0.24937499999998636,0.46422252151708193,0.7425000000000068,-0.6606249999999818,0.040937500000012506,0.0,0.0,0.0,74.39559129650864,0.0,0.0,0.0
2024-03-28 08:40:29,271.75,233.4,270.82187500000003,225.95578125,3.64,-0.15,248.38882812500003,496.77765625000006,44.86609375000003,0.18062846830934362,3.49,3.79,0.30937499999998863,2.481406249999992,1.3953906250000045,2.1720312500000034,1.5565746641198284,-0.1031250000000341,1.819531249999983,0.8582031249999886,0.16999999999999993,0.0,0.16999999999999993,71.17156359697319,0.0,0.0,0.0
2024-03-28 08:40:30,271.75,230.75,271.05390625,227.1543359375,3.64,-0.15,249.10412109375,498.2082421875,43.8995703125,0.17622980279699452,3.49,3.79,0.23203124999997726,1.1985546875000068,0.7152929687499636,0.9665234375000296,1.3512254817262201,-0.07734375000001137,-1.2828515624999852,-0.6800976562500409,0.0,0.0,0.0,71.37651854361933,1.3237702755910747,2.015643877924553,0.5041066379508871
2024-03-28 08:40:31,274.4,240.01,271.89042968750005,230.368251953125,3.81,-0.15,251.1293408203125,502.258681640625,41.52217773437505,0.16534180129411125,3.66,3.96,0.8365234375000341,3.2139160156249886,2.0252197265625114,2.3773925781249545,1.1738930709840198,0.6044921875000568,2.015361328124982,1.3099267578125477,0.16999999999999993,0.0,0.16999999999999993,68.61455524747466,1.8507267906527458,2.381220919738376,0.6615685031962721
2024-03-28 08:40:32,271.75,233.4,271.85532226562503,231.12618896484375,3.81,-0.15,251.49075561523438,502.98151123046875,40.729133300781285,0.16195081620074964,3.66,3.96,-0.03510742187501137,0.7579370117187523,0.36141479492187045,0.7930444335937636,2.1942716525856354,-0.8716308593750455,-2.4559790039062364,-1.663804931640641,0.0,0.0,0.0,68.71330243222184,1.8881980124820257,2.5530400035841203,0.6910527611040972
2024-03-28 08:40:33,277.04,298.19,273.15149169921875,247.8921417236328,3.95,-0.15,260.5218167114258,521.0436334228516,25.259349975585963,0.09695675470668326,3.8000000000000003,4.1000000000000005,1.2961694335937182,16.76595275878904,9.031061096191422,15.469783325195323,1.712952824421309,1.3312768554687295,16.00801574707029,8.669646301269552,0.14000000000000012,0.0,0.14000000000000012,68.55835477712395,4.873007393271064,8.003870775779074,3.593311506390804
2024-03-28 08:40:34,274.4,238.69,273.46361877441404,245.59160629272458,3.95,-0.15,259.5276125335693,519.0552250671386,27.872012481689467,0.10739517118121339,3.8000000000000003,4.1000000000000005,0.31212707519529204,-2.300535430908212,-0.9942041778564885,2.6126625061035043,2.6278906651204714,-0.9840423583984261,-19.066488189697253,-10.02526527404791,0.0,0.0,0.0,68.29672216759134,5.2670212344308,8.610822682565866,3.952144432971857
2024-03-28 08:40:35,277.04,234.72,274.3577140808105,242.87370471954344,4.06,-0.15,258.61570940017697,517.2314188003539,31.484009361267084,0.12174051341486306,3.9099999999999997,4.21,0.8940953063964798,-2.7179015731811376,-0.9119031333923431,3.6119968795776174,3.9609392559070353,0.5819682312011878,-0.41736614227292534,0.08230104446414543,0.10999999999999943,0.0,0.10999999999999943,66.14210825014545,4.567796299874033,7.4192698486340545,4.168877156014403
2024-03-28 08:40:36,275.72,238.69,274.6982855606079,241.82777853965757,4.06,-0.15,258.2630320501328,516.5260641002656,32.870507020950356,0.1272753077850274,3.9099999999999997,4.21,0.3405714797974042,-1.0459261798858677,-0.3526773500441891,1.3864976596832719,3.931337604107396,-0.5535238265990756,1.67197539329527,0.559225783348154,0.0,0.0,0.0,66.05190946246121,3.5711254235153382,5.896210740099954,4.285357792817303
2024-03-28 08:40:37,279.69,238.69,275.94621417045596,241.04333390474318,4.17,-0.15,258.49477403759954,516.9895480751991,34.90288026571278,0.1350235425866382,4.02,4.32,1.2479286098480316,-0.7844446349143936,0.2317419874667621,2.032373244762425,8.769944959192863,0.9073571300506273,0.261481544971474,0.5844193375109512,0.11000000000000032,0.0,0.11000000000000032,64.30216660085397,0.9360260328464384,3.883979555851572,4.293800899113843
2024-03-28 08:40:38,274.4,242.66,275.55966062784194,241.4475004285574,4.17,-0.15,258.5035805281997,517.0071610563994,34.112160199284546,0.1319601066941632,4.02,4.32,-0.3865535426140241,0.4041665238142116,0.008806490600136385,0.7907200664282357,89.77813344654507,-1.6344821524620556,1.1886111587286052,-0.22293549686662573,0.0,0.0,0.0,64.30435726961254,0.4903750127700319,2.7678486875605848,0.5439478444592273
2024-03-28 08:40:39,310.09,238.69,284.19224547088146,240.75812532141805,4.28,-0.15,262.47518539614975,524.9503707922995,43.43412014946341,0.16547895725239703,4.13,4.430000000000001,8.632584843039524,-0.689375107139341,3.9716048679500773,9.321959950178865,2.347151318665551,9.019138385653548,-1.0935416309535526,3.962798377349941,0.11000000000000032,0.0,0.11000000000000032,63.55329826703426,1.796083734360411,4.695166526011557,1.9394418405843799
2024-03-28 08:40:40,277.04,243.98,282.40418410316107,241.56359399106356,4.28,-0.15,261.9838890471123,523.9677780942246,40.840590112097516,0.15588970033521218,4.13,4.430000000000001,-1.7880613677203883,0.8054686696455065,-0.4912963490374409,2.5935300373658947,5.278941647959607,-10.420646210759912,1.4948437767848475,-4.462901216987518,0.0,0.0,0.0,63.43434034207554,2.095755483412576,4.62787848417867,1.8657608179481557
2024-03-28 08:40:41,290.26,242.66,284.3681380773708,241.83769549329767,4.31,-0.15,263.10291678533423,526.2058335706685,42.53044258407314,0.16164945239707965,4.159999999999999,4.46,1.963953974209744,0.27410150223411733,1.1190277382219165,1.6898524719756267,1.5101064112622542,3.7520153419301323,-0.5313671674113891,1.6103240872593574,0.02999999999999936,0.0,0.02999999999999936,63.245878254676924,2.238083820696399,4.360505788358988,1.7773664128167868
2024-03-28 08:40:42,277.04,243.98,282.5361035580281,242.37327161997325,4.45,-0.15,262.4546875890007,524.9093751780014,40.162831938054865,0.15302767938335116,4.3,4.6000000000000005,-1.8320345193426988,0.5355761266755792,-0.6482291963335456,2.367610646018278,3.6524226415395624,-3.795988493552443,0.26147462444146186,-1.767256934555462,0.14000000000000057,0.0,0.14000000000000057,61.03595966349791,1.8327745090795298,3.6524903056301494,1.9073106712695078
2024-03-28 08:40:43,275.72,241.33,280.8320776685211,242.11245371497995,4.45,-0.15,261.4722656917505,522.944531383501,38.719623953541145,0.14808310052701568,4.3,4.6000000000000005,-1.7040258895070224,-0.2608179049933028,-0.9824218972501626,1.4432079845137196,1.4690292628086246,0.1280086298356764,-0.796394031668882,-0.334192700916617,0.0,0.0,0.0,60.80748950796768,0.6091673235251971,1.877432491438158,2.0548707966518713
2024-03-28 08:40:44,277.04,249.27,279.8840582513908,243.90184028623497,4.54,-0.15,261.8929492688129,523.7858985376258,35.982217965155826,0.13739284668878202,4.39,4.69,-0.9480194171302969,1.7893865712550223,0.4206835770623911,2.7374059883853192,6.50702720670299,0.7560064723767255,2.050204476248325,1.4031054743125537,0.08999999999999986,0.0,0.08999999999999986,59.6566946724643,0.6222871409001202,2.4645301111104354,0.8643095433752571
2024-03-28 08:40:45,275.72,243.98,278.8430436885431,243.92138021467622,4.54,-0.15,261.38221195160963,522.7644239032193,34.921663473866886,0.1336038251398997,4.39,4.69,-1.0410145628476926,0.01953992844124741,-0.5107373172032794,1.06055449128894,2.0765124831368933,-0.09299514571739564,-1.769846642813775,-0.9314208942656705,0.0,0.0,0.0,59.540353624431894,0.7204482725535317,3.090093724630595,0.8664584767646685
2024-03-28 08:40:46,278.36,247.95,278.7222827664074,244.92853516100718,4.65,-0.15,261.8254089637073,523.6508179274146,33.7937476054002,0.12906977825446542,4.5,4.800000000000001,-0.1207609221357302,1.0071549463309566,0.4431970120976416,1.1279158684666868,2.544947941278658,0.9202536407119624,0.9876150178897092,0.953934329300921,0.11000000000000032,0.0,0.11000000000000032,58.18341128451022,0.42417748147485435,2.654844536709106,0.6506149973368498
2024-03-28 08:40:47,277.04,243.98,278.30171207480555,244.6914013707554,4.65,-0.15,261.4965567227805,522.993113445561,33.610310704050164,0.12853060474960956,4.5,4.800000000000001,-0.42057069160182436,-0.23713379025178938,-0.32885224092677845,0.183436901350035,0.5578077954563281,-0.29980976946609417,-1.244288736582746,-0.7720492530244201,0.0,0.0,0.0,58.11033302498833,0.22919075439347078,2.0839007512217207,0.6172407350306455
2024-03-28 08:40:48,279.69,306.12,278.64878405610415,260.0485510280665,4.76,-0.15,269.3486675420853,538.6973350841706,18.60023302803762,0.06905633923759814,4.609999999999999,4.91,0.3470719812985976,15.35714965731114,7.852110819304812,15.010077676012543,1.9115975448935292,0.767642672900422,15.59428344756293,8.18096306023159,0.10999999999999943,0.0,0.10999999999999943,58.42703017680155,3.449981138110508,7.2084444264853165,3.5351979351989993
2024-03-28 08:40:49,278.36,249.27,278.57658804207813,257.3539132710499,4.76,-0.15,267.965250656564,535.930501313128,21.22267477102821,0.07919935379617099,4.609999999999999,4.91,-0.07219601402601938,-2.694637757016608,-1.3834168855212852,2.6224417429905884,1.8956251545081242,-0.419267995324617,-18.051787414327748,-9.235527704826097,0.0,0.0,0.0,58.12693981119832,3.916816429434728,7.847244059644757,3.766972848459726
2024-03-28 08:40:50,278.36,292.91,278.5224410315586,266.24293495328743,4.87,-0.15,272.38268799242303,544.7653759848461,12.279506078271197,0.04508181530806747,4.72,5.0200000000000005,-0.05414701051950033,8.889021682237512,4.417437335859006,8.943168692757013,2.0245146650174894,0.018049003506519057,11.58365943925412,5.800854221380291,0.11000000000000032,0.0,0.11000000000000032,57.708184382253954,4.788014904284379,9.519294178068616,3.846612534978768
2024-03-28 08:40:51,279.69,249.27,278.814330773669,261.99970121496557,4.87,-0.15,270.40701599431725,540.8140319886345,16.814629558703416,0.062182667245860655,4.72,5.0200000000000005,0.29188974211035656,-4.243233738321862,-1.9756719981057813,4.535123480432219,2.2954828480119764,0.3460367526298569,-13.132255420559375,-6.393109333964787,0.0,0.0,0.0,57.28960989506512,4.141390214775688,8.018259569353914,4.25340648800844
2024-03-28 08:40:52,282.33,247.95,279.69324808025175,258.4872759112242,4.96,-0.15,269.09026199573793,538.1805239914759,21.205972169027575,0.07880616687108984,4.81,5.11,0.878917306582764,-3.512425303741395,-1.3167539985793155,4.391342610324159,3.334973184124688,0.5870275644724074,0.7308084345804673,0.6589179995264658,0.08999999999999986,0.0,0.08999999999999986,55.94390978208486,1.666205392796146,3.71316230254517,4.3928205118236905
2024-03-28 08:40:53,279.69,251.92,279.6924360601888,256.8454569334181,4.96,-0.15,268.26894649680344,536.5378929936069,22.84697912677069,0.08516445656477974,4.81,5.11,-0.0008120200629377905,-1.6418189778060537,-0.8213154989344957,1.641006957743116,1.9980202027744662,-0.8797293266457018,1.8706063259353414,0.4954384996448198,0.0,0.0,0.0,55.77315815460401,1.809417192853423,4.31472152072965,2.6223136479989164
2024-03-28 08:40:54,279.69,249.27,279.6918270451416,254.9515927000636,5.07,-0.15,267.3217098726026,534.6434197452052,24.740234345078022,0.09254854109798986,4.92,5.220000000000001,-0.000609015047189132,-1.8938642333545204,-0.9472366242008547,1.8932552183073312,1.9987120126320916,0.00020300501574865848,-0.2520452555484667,-0.125921125266359,0.11000000000000032,0.0,0.11000000000000032,54.33366982498633,1.9723540063436138,5.022186018909775,2.580690846266176
2024-03-28 08:40:55,279.69,251.92,279.6913702838562,254.19369452504768,5.07,-0.15,266.9425324044519,533.8850648089038,25.497675758808526,0.09551747124605393,4.92,5.220000000000001,-0.0004567612854202707,-0.7578981750159244,-0.3791774681506581,0.7574414137305041,1.9975855101285753,0.0001522537617688613,1.135966058338596,0.5680591560501966,0.0,0.0,0.0,54.25660124956315,1.3971833801515767,3.4544941156016638,0.5986765186596708
2024-03-28 08:40:56,282.33,249.27,280.3510277128921,252.96277089378574,5.13,-0.15,266.65689930333895,533.3137986066779,27.388256819106374,0.10270972469848151,4.9799999999999995,5.28,0.6596574290359172,-1.2309236312619305,-0.28563310111297824,1.8905810602978477,6.618891277095997,0.6601141903213374,-0.4730254562460061,0.09354436703767988,0.05999999999999961,0.0,0.05999999999999961,53.54555135698546,1.006454042306384,2.3897397814508654,0.4237759565518723
2024-03-28 08:40:57,282.33,254.56,280.84577078466907,253.36207817033932,5.13,-0.15,267.10392447750417,534.2078489550083,27.483692614329755,0.1028951280487432,4.9799999999999995,5.28,0.4947430717769521,0.39930727655357146,0.44702517416521914,0.09543579522338064,0.2134903966229681,-0.16491435725896508,1.630230907815502,0.7326582752781974,0.0,0.0,0.0,53.635315430158386,0.6145424446597346,1.941299751219231,0.5495230547690514
2024-03-28 08:40:58,286.3,251.92,282.2093280885018,253.00155862775446,5.27,-0.15,267.6054433581281,535.2108867162563,29.207769460747357,0.1091448999881314,5.119999999999999,5.42,1.3635573038327493,-0.3605195425848535,0.5015188806239621,1.7240768464176028,3.4377038937571243,0.8688142320557972,-0.759826819138425,0.05449370645874296,0.13999999999999968,0.0,0.13999999999999968,52.26667794754887,0.36137632286529414,1.7698404446822715,0.6094925048729785
2024-03-28 08:40:59,282.33,254.56,282.2394960663764,253.39116897081584,5.27,-0.15,267.8153325185961,535.6306650371922,28.848327095560535,0.10771723454571137,5.119999999999999,5.42,0.030167977874555163,0.38961034306137776,0.20988916046798067,0.3594423651868226,1.7125260392645063,-1.3333893259581941,0.7501298856462313,-0.29162972015598143,0.0,0.0,0.0,52.307671916196135,0.47707837585358454,1.4650192125621173,0.40988879928547106
2024-03-28 08:41:00,310.09,253.24,289.20212204978225,253.35337672811187,5.44,-0.15,271.2777493889471,542.5554987778942,35.84874532167038,0.13214775362252118,5.29,5.590000000000001,6.9626259834058715,-0.03779224270397208,3.462416870350978,7.0004182261098435,2.0218293944399686,6.932458005531316,-0.42740258576534984,3.2525277098829974,0.17000000000000082,0.0,0.17000000000000082,51.281228375750224,1.8369872477213618,3.5005556325697977,1.4837875307513813
2024-03-28 08:41:01,300.84,258.53,292.11159153733666,254.64753254608388,6.36,-0.15,273.3795620417103,546.7591240834206,37.464058991252784,0.1370404523820853,6.21,6.510000000000001,2.909469487554418,1.2941558179720118,2.101812652763215,1.615313669582406,0.7685332462555772,-4.053156495851454,1.331948060675984,-1.3606042175877633,0.9199999999999999,0.0,0.9199999999999999,44.02246666976548,2.7549863214751737,4.542358934269478,1.4020087647970487
2024-03-28 08:41:02,298.19,253.24,293.6311936530025,254.2956494095629,7.29,-0.15,273.96342153128273,547.9268430625655,39.335544243439614,0.14357954751769117,7.14,7.44,1.5196021156658617,-0.3518831365209678,0.5838594895724327,1.8714852521868295,3.205363756601064,-1.3898673718885561,-1.6460389544929797,-1.517953163190782,0.9299999999999997,0.0,0.9299999999999997,38.37022173124104,3.0001128356363904,4.829377677437038,1.3812922931185927
2024-03-28 08:41:03,306.12,255.88,296.75339523975185,254.6917370571722,8.21,-0.15,275.722566148462,551.445132296924,42.06165818257966,0.15255065487596337,8.06,8.360000000000001,3.122201586749327,0.39608764760927784,1.7591446171792882,2.726113939140049,1.5496806589048904,1.6025994710834652,0.7479707841302456,1.1752851276068554,0.9200000000000008,0.0,0.9200000000000008,34.20875086100635,3.0297221010868367,4.966134800488797,1.2949851041741391
2024-03-28 08:41:04,331.22,254.56,305.3700464298139,254.65880279287916,9.14,-0.15,280.0144246113465,560.028849222693,50.71124363693474,0.18110225402215802,8.99,9.290000000000001,8.616651190062043,-0.03293426429303281,4.291858462884477,8.649585454355076,2.015346851208836,5.494449603312717,-0.42902191190231065,2.5327138457051888,0.9299999999999997,0.0,0.9299999999999997,31.147318516577087,3.2840339511118892,5.856803676934389,1.4575585911956794
2024-03-28 08:41:05,353.68,261.17,317.4475348223604,256.2866020946594,10.07,-0.15,286.8670684585099,573.7341369170198,61.16093272770104,0.21320304503109533,9.92,10.22,12.077488392546513,1.6277993017802146,6.852643847163392,10.449689090766299,1.524913274192501,3.46083720248447,1.6607335660732474,2.5607853842789154,0.9299999999999997,0.0,0.9299999999999997,28.918048340772337,5.601592770769757,9.807266531649539,2.481254776620223
2024-03-28 08:41:06,370.84,258.53,330.7956511167703,256.8474515709945,10.96,-0.15,293.8215513438824,587.6431026877648,73.94819954577576,0.25167724748533216,10.81,11.110000000000001,13.348116294409863,0.5608494763351359,6.954482885372499,12.787266818074727,1.8387082390068417,1.2706279018633495,-1.0669498254450787,0.101839038209107,0.8900000000000006,0.0,0.8900000000000006,27.180529524824504,8.23623763059069,14.283271990227352,2.8984524028405843
2024-03-28 08:41:07,380.08,262.5,343.1167383375777,258.2605886782459,11.89,-0.15,300.68866350791177,601.3773270158235,84.85614965933183,0.28220601464375816,11.74,12.040000000000001,12.321087220807442,1.413137107251373,6.867112164029379,10.907950113556069,1.5884331382061672,-1.0270290736024208,0.852287630916237,-0.0873707213431203,0.9299999999999997,0.0,0.9299999999999997,25.61232009332127,10.112065676488315,17.24341213422921,2.299332320483199
2024-03-28 08:41:08,388.0,259.85,354.3375537531833,258.6579415086844,12.79,-0.15,306.4977476309339,612.9954952618677,95.67961224449886,0.31217068533743286,12.639999999999999,12.94,11.220815415605557,0.3973528304385354,5.809084123022103,10.823462585167022,1.8631957280626406,-1.100271805201885,-1.0157842768128376,-1.058028041007276,0.8999999999999986,0.0,0.8999999999999986,24.248237609390532,10.565840135146022,17.975097571499862,1.1427967590882564
2024-03-28 08:41:09,381.4,314.05,361.1031653148874,272.5059561315133,13.72,-0.15,316.8045607232003,633.6091214464006,88.5972091833741,0.27965888086164487,13.57,13.870000000000001,6.765611561704134,13.848014622828885,10.306813092266452,7.082403061124751,0.6871573502464661,-4.455203853901423,13.450661792390349,4.497728969244349,0.9300000000000015,0.0,0.9300000000000015,23.345949696186487,11.525576404704669,13.521095477417576,1.714192288942667
2024-03-28 08:41:10,374.8,259.85,364.5273739861655,269.341967098635,14.61,-0.15,316.9346705424002,633.8693410848005,95.18540688753052,0.30033131567556,14.459999999999999,14.76,3.424208671278109,-3.1639890328783054,0.13010981919990172,6.588197704156414,50.63527956145088,-3.341402890426025,-17.01200365570719,-10.17670327306655,0.8899999999999988,0.0,0.8899999999999988,21.91802549269535,10.106570168723312,8.91205805980452,3.6980638749750128
2024-03-28 08:41:11,368.2,258.53,365.44553048962416,266.63897532397624,15.54,-0.15,316.0422529068002,632.0845058136003,98.80655516564792,0.3126371677971442,15.389999999999999,15.69,0.918156503458647,-2.7029917746587557,-0.8924176356000544,3.6211482781174027,4.057678911739191,-2.506052167819462,0.4609972582195496,-1.022527454799956,0.9299999999999997,0.0,0.9299999999999997,20.535557658950133,7.418843714975422,5.71568233322153,4.722142155641699
2024-03-28 08:41:12,364.24,261.17,365.1441478672181,265.2717314929822,16.44,-0.15,315.20793968010014,630.4158793602003,99.87241637423591,0.31684613071215406,16.290000000000003,16.59,-0.3013826224060381,-1.3672438309940276,-0.8343132267000328,1.0658612085879895,1.2775297058085604,-1.219539125864685,1.3357479436647282,0.058104408900021554,0.9000000000000021,0.0,0.9000000000000021,19.349780253549405,4.414442831592128,4.4087655586670085,4.983056158524508
2024-03-28 08:41:13,380.08,259.85,368.87811090041356,263.91629861973666,17.34,-0.15,316.3972047600751,632.7944095201502,104.9618122806769,0.3317406423629093,17.19,17.49,3.7339630331954368,-1.3554328732455474,1.189265079974973,5.089395906440984,4.279442584075118,4.035345655601475,0.011810957748480178,2.023578306675006,0.8999999999999986,0.0,0.8999999999999986,18.405886349865543,0.693414680806174,6.075153093775601,4.731657046443952
2024-03-28 08:41:14,409.11,262.5,378.93608317531016,263.5622239648025,18.23,-0.15,321.24915357005636,642.4983071401127,115.37385921050765,0.35914136292410853,18.080000000000002,18.38,10.0579722748966,-0.354074654934152,4.851948809981252,10.412046929830751,2.1459510789685976,6.324009241701162,1.0013582183113954,3.662683730006279,0.8900000000000006,0.0,0.8900000000000006,17.76820441381924,2.3671454308408872,7.830513067288225,2.372461481873333
2024-03-28 08:41:15,430.22,255.88,391.7570623814826,261.6416679736019,19.16,-0.15,326.6993651775423,653.3987303550846,130.11539440788073,0.398272564560687,19.01,19.31,12.820979206172467,-1.9205559912006152,5.450211607485926,14.741535197373082,2.7047633292553437,2.763006931275868,-1.5664813362664631,0.5982627975046739,0.9299999999999997,0.0,0.9299999999999997,17.185657443023924,4.852072369579989,13.101532170695664,3.0447988761395584
2024-03-28 08:41:16,439.45,263.82,403.68029678611197,262.1862509802014,20.06,-0.15,332.9332738831567,665.8665477663134,141.49404580591056,0.4249922025834397,19.91,20.209999999999997,11.92323440462934,0.5445830065995096,6.233908705614397,11.378651398029831,1.8252833190352382,-0.8977448015431264,2.465138997800125,0.7836970981284708,0.8999999999999986,0.0,0.8999999999999986,16.721911459630597,7.3903773233866,17.346415558297604,3.047824783224059
2024-03-28 08:41:17,448.68,261.17,414.930222589584,261.93218823515105,20.96,-0.15,338.4312054123675,676.862410824735,152.99803435443295,0.45208016121305844,20.810000000000002,21.11,11.249925803472024,-0.2540627450503621,5.497931529210803,11.503988548522386,2.0924208304487357,-0.6733086011573164,-0.7986457516498717,-0.7359771764035941,0.9000000000000021,0.0,0.9000000000000021,16.262911540098795,8.82265834945744,19.34396852595296,1.9928258734160202
2024-03-28 08:41:18,443.4,266.46,422.047666942188,263.0641411763633,21.83,-0.15,342.5559040592757,685.1118081185514,158.9835257658247,0.4641097217060505,21.68,21.979999999999997,7.117444352604025,1.131952941212262,4.1246986469082,5.985491411391763,1.4511338821672453,-4.132481450867999,1.386015686262624,-1.3732328823026023,0.8699999999999974,0.0,0.8699999999999974,15.800548351417312,8.611582072611553,17.574791998726916,0.7894162073147789
2024-03-28 08:41:19,438.13,263.82,426.068250206641,263.25310588227245,22.72,-0.15,344.66067804445674,689.3213560889135,162.81514432436853,0.47239257108109944,22.57,22.869999999999997,4.020583264452966,0.18896470590914305,2.1047739851810547,3.8316185585438234,1.820440942866025,-3.0968610881510585,-0.9429882353031189,-2.0199246617271456,0.8900000000000006,0.0,0.8900000000000006,15.27074270153806,7.318265132378407,13.407884865750034,1.6291863175839651
2024-03-28 08:41:20,424.94,265.14,425.7861876549807,263.7248294117044,23.62,-0.15,344.75550853334255,689.5110170666851,162.06135824327635,0.47007619533808437,23.470000000000002,23.77,-0.2820625516602604,0.47172352943192664,0.0948304888858047,0.753786081092187,7.948689722671022,-4.302645816113227,0.2827588235227836,-2.00994349629525,0.9000000000000021,0.0,0.9000000000000021,14.689198715131818,5.025997947936254,8.817299436981838,2.516754435324731
2024-03-28 08:41:21,424.94,265.14,425.57464074123556,264.07862205877825,24.52,-0.15,344.82663140000693,689.6532628000139,161.4960186824573,0.4683397496255978,24.37,24.669999999999998,-0.21154691374516688,0.3537926470738739,0.07112286666438195,0.5653395608190408,7.9486617830658055,0.07051563791509352,-0.11793088235805271,-0.023707622221422753,0.8999999999999986,0.0,0.8999999999999986,14.149635504734157,2.749398839365673,3.9978506855488893,2.4183736392177257
2024-03-28 08:41:22,443.4,267.79,430.0309805559267,265.0064665440837,25.42,-0.15,347.51872355000523,695.0374471000105,165.024514011843,0.4748651003641021,25.270000000000003,25.57,4.456339814691148,0.9278444853054566,2.6920921499983024,3.5284953293856915,1.3106884245026649,4.667886728436315,0.5740518382315827,2.6209692833339204,0.9000000000000021,0.0,0.9000000000000021,13.75222436872896,1.762765534731458,2.1874676423954695,1.745567723119733
2024-03-28 08:41:23,476.36,261.17,441.61323541694503,264.0473499080628,26.32,-0.15,352.8302926625039,705.6605853250078,177.56588550888222,0.5032614508966483,26.17,26.47,11.582254861018328,-0.9591166360208945,5.31156911249866,12.541371497039222,2.3611420411317003,7.125915046327179,-1.886961121326351,2.6194769625003573,0.8999999999999986,0.0,0.8999999999999986,13.482242230808621,3.51645300740539,6.716550940090667,2.167466214233971
2024-03-28 08:41:24,490.86,267.79,453.92492656270883,264.9830124310471,27.19,-0.15,359.45396949687796,718.9079389937559,188.94191413166175,0.5256359079035484,27.040000000000003,27.34,12.311691145763803,0.9356625229842734,6.623676834374066,11.376028622779529,1.7174791569334467,0.729436284745475,1.894779159005168,1.3121077218754067,0.870000000000001,0.0,0.870000000000001,13.293415540068874,6.27968247495079,11.947310748423895,2.982405835549762
2024-03-28 08:41:25,501.4,266.46,465.7936949220316,265.3522593232853,28.09,-0.15,365.5729771226585,731.145954245317,200.4414355987463,0.5482939046208536,27.94,28.24,11.868768359322758,0.36924689223820906,6.119007625780512,11.499521467084548,1.879311203882757,-0.442922786441045,-0.5664156307460644,-0.5046692085935547,0.8999999999999986,0.0,0.8999999999999986,13.084214890423892,8.532250948868459,16.293163827544376,2.7434984272023715
2024-03-28 08:41:26,506.66,267.79,476.0102711915237,265.96169449246395,28.96,-0.15,370.98598284199386,741.9719656839877,210.04857669905977,0.5661900606695731,28.810000000000002,29.11,10.216576269492123,0.6094351691786528,5.413005719335388,9.60714110031347,1.7748252678121634,-1.6521920898306348,0.24018827694044376,-0.706001906445124,0.870000000000001,0.0,0.870000000000001,12.87698611471738,9.441767837584834,17.87275858394201,1.5177098747781892
2024-03-28 08:41:27,493.49,266.46,480.3802033936428,266.08627086934797,29.85,-0.15,373.23323713149534,746.4664742629907,214.2939325242948,0.5741555430515972,29.700000000000003,30.0,4.36993220211906,0.12457637688402201,2.247254289501484,4.245355825235038,1.8891293058995529,-5.846644067373063,-0.4848587922946308,-3.165751429833904,0.8900000000000006,0.0,0.8900000000000006,12.566775237869361,8.382978288712671,15.13183134360457,1.705260726410048
2024-03-28 08:41:28,484.27,270.43,481.3526525452321,267.172203152011,30.72,-0.15,374.26242784862154,748.5248556972431,214.18044939322112,0.5722734447380263,30.57,30.869999999999997,0.9724491515893305,1.0859322826630091,1.0291907171261983,0.11348313107367858,0.11026432605827455,-3.397483050529729,0.9613559057789871,-1.2180635723752857,0.8699999999999974,0.0,0.8699999999999974,12.242800641341868,6.164087470635137,10.875422578314936,2.4928939856539456
2024-03-28 08:41:29,477.68,267.79,480.4344894089241,267.3266523640082,31.62,-0.15,373.88057088646616,747.7611417729323,213.10783704491587,0.5699890635387947,31.470000000000002,31.77,-0.91816313630801,0.15444921199724604,-0.381856962155382,1.072612348305256,2.808930164113742,-1.8906122878973406,-0.9314830706657631,-1.4110476792815803,0.9000000000000021,0.0,0.9000000000000021,11.880538894373283,3.5936809493631783,5.832716977954303,2.8005677917411735
2024-03-28 08:41:30,502.71,335.19,486.0033670566931,284.2924892730062,32.49,-0.15,385.14792816484965,770.2958563296993,201.7108777836869,0.5237231269062629,32.34,32.64,5.568877647769,16.96583690899797,11.267357278383486,11.396959261228972,1.0115023397360254,6.48704078407701,16.811387697000725,11.649214240538868,0.870000000000001,0.0,0.870000000000001,11.909335691265118,5.539656974279028,5.292712331122524,4.633395876916594
2024-03-28 08:41:31,529.05,351.04,496.7650252925198,300.97936695475465,33.36,-0.15,398.8721961236372,797.7443922472744,195.78565833776514,0.4908480955795424,33.21,33.51,10.761658235826701,16.686877681748456,13.72426795878755,5.925219445921755,0.4317329734439429,5.192780588057701,-0.2789592272495156,2.4569106804040644,0.8699999999999974,0.0,0.8699999999999974,12.010604761006698,11.101723254986519,8.55095027839599,6.442745783416644
2024-03-28 08:41:32,547.48,356.32,509.44376896938985,314.814525216066,34.26,-0.15,412.1291470927279,824.2582941854558,194.62924375332386,0.4722530416837511,34.11,34.41,12.678743676870056,13.835158261311335,13.256950969090724,1.1564145844412792,0.08723080442152316,1.9170854410433549,-2.851719420437121,-0.4673169896968261,0.8999999999999986,0.0,0.8999999999999986,12.082355174739748,16.529890745875726,9.314667786981413,6.886259978564606
2024-03-28 08:41:33,556.7,352.36,521.2578267270424,324.20089391204954,35.13,-0.15,422.72936031954595,845.4587206390919,197.05693281499282,0.4661538820011966,34.980000000000004,35.28,11.814057757652506,9.386368695983549,10.600213226818028,2.427689061668957,0.22902264140351256,-0.8646859192175498,-4.448789565327786,-2.6567377422726963,0.8700000000000045,0.0,0.8700000000000045,12.084887027863319,19.731540467580867,7.565720618885203,5.782673400027547
2024-03-28 08:41:34,546.17,357.64,527.4858700452818,332.56067043403715,36.0,-0.15,430.0232702396595,860.046540479319,194.92519961124464,0.4532898860317943,35.85,36.15,6.228043318239429,8.359776521987612,7.293909920113549,2.1317332037481833,0.2922620288478924,-5.586014439413077,-1.0265921739959367,-3.3063033067044785,0.8699999999999974,0.0,0.8699999999999974,11.995069964981576,18.088073158287887,2.8912088411552217,2.5603087843240275
2024-03-28 08:41:35,530.37,357.64,528.2069025339613,338.8305028255279,36.87,-0.15,433.5187026797446,867.0374053594892,189.37639970843338,0.43683559233082675,36.72,37.019999999999996,0.7210324886794979,6.269832391490752,3.4954324400850965,5.548799902811254,1.5874425869989297,-5.507010829559931,-2.0899441304968605,-3.7984774800284526,0.8699999999999974,0.0,0.8699999999999974,11.80606456627669,14.120175632556416,2.9382827391995563,4.299407077936854
2024-03-28 08:41:36,518.52,368.2,525.785176900471,346.17287711914594,37.74,-0.15,435.9790270098085,871.958054019617,179.61229978132508,0.4119746323607204,37.59,37.89,-2.4217256334902686,7.342374293618036,2.4603243300638837,9.764099927108305,3.968621469606531,-3.1427581221697665,1.0725419021272842,-1.0351081100212127,0.8700000000000045,0.0,0.8700000000000045,11.598271226696921,9.637948444221824,7.026891441987262,4.588034858273607
2024-03-28 08:41:37,531.69,361.6,527.2613826753533,350.0296578393594,38.58,-0.15,438.64552025735634,877.2910405147127,177.23172483599387,0.4040431652601117,38.43,38.73,1.47620577488226,3.8567807202134645,2.666493247547862,2.3805749453312046,0.8927733286956864,3.8979314083725285,-3.4855935734045715,0.20616891748397848,0.8399999999999963,0.0,0.8399999999999963,11.414142827041726,6.164287337542417,8.909882187049375,3.5469516210083656
2024-03-28 08:41:38,564.6,376.12,536.596037006515,356.5522433795195,39.45,-0.15,446.57414019301723,893.1482803860345,180.04379362699547,0.4031666346511035,39.300000000000004,39.6,9.334654331161687,6.522585540160094,7.92861993566089,2.812068791001593,0.3546731283814608,7.858448556279427,2.6658048199466293,5.262126688113028,0.8700000000000045,0.0,0.8700000000000045,11.363209384982387,6.248900322710718,7.561344925218964,2.6330049637036357
2024-03-28 08:41:39,585.65,401.2,548.8595277548862,367.71418253463963,40.32,-0.15,458.28685514476297,916.5737102895259,181.1453452202466,0.39526628964245636,40.17,40.47,12.263490748371282,11.161939155120137,11.712714951745738,1.1015515932511448,0.09404749485852276,2.9288364172095953,4.639353614960044,3.784095016084848,0.8699999999999974,0.0,0.8699999999999974,11.408684185613113,10.047591320718743,4.638532596843238,4.051730780756877
2024-03-28 08:41:40,594.86,414.39,560.3596458161647,379.3831369009797,41.19,-0.15,469.8713913585722,939.7427827171445,180.97650891518504,0.38516179503236647,41.04,41.339999999999996,11.5001180612785,11.668954366340074,11.584536213809258,0.16883630506157488,0.014574281384353868,-0.763372687092783,0.5070152112199366,-0.12817873793648005,0.8699999999999974,0.0,0.8699999999999974,11.44910769759904,14.148408613385122,1.5720060671691223,4.558288388376602
2024-03-28 08:41:41,594.86,403.83,568.9847343621236,385.49485267573476,42.03,-0.15,477.2397935189292,954.4795870378584,183.48988168638886,0.3844815201786592,41.88,42.18,8.625088545958874,6.111715774755055,7.368402160356993,2.5133727712038194,0.3411014186528372,-2.875029515319625,-5.557238591585019,-4.216134053452265,0.8400000000000034,0.0,0.8400000000000034,11.39541027038011,15.939351625583225,2.260678953564343,3.7136757722639744
2024-03-28 08:41:42,581.7,409.11,572.1635507715928,391.39863950680103,42.9,-0.15,481.7810951391969,963.5621902783938,180.76491126479175,0.3752013366928886,42.75,43.05,3.1788164094691638,5.90378683106627,4.541301620267689,2.7249704215971065,0.6000415848606192,-5.446272136489711,-0.20792894368878478,-2.8271005400893046,0.8699999999999974,0.0,0.8699999999999974,11.269732956010854,14.356207810672672,1.3026180228051947,3.0427533435890872
2024-03-28 08:41:43,569.86,411.75,571.5876630786946,396.4864796301008,43.75,-0.15,484.0370713543977,968.0741427087954,175.10118344859382,0.3617515960025266,43.6,43.9,-0.5758876928981636,5.08784012329977,2.2559762152008034,5.663727816197934,2.510543004617096,-3.7547041023673273,-0.8159467077664999,-2.285325405066885,0.8500000000000014,0.0,0.8500000000000014,11.101767436986933,10.433563675485937,3.1060970585747185,4.2041981422142545
2024-03-28 08:41:44,577.75,422.3,573.1282473090209,402.9398597225756,44.62,-0.15,488.0340535157983,976.0681070315966,170.18838758644534,0.3487223606870986,44.47,44.769999999999996,1.540584230326317,6.453380092474788,3.996982161400581,4.912795862148471,1.2291259842153002,2.1164719232244806,1.3655399691750176,1.7410059461997776,0.8699999999999974,0.0,0.8699999999999974,10.97445564518423,6.964877672009017,5.385473626741594,3.647066731944271
2024-03-28 08:41:45,610.64,420.99,582.5061854817657,407.4523947919317,45.46,-0.15,494.9792901368487,989.9585802736974,175.053790689834,0.3536588172967346,45.31,45.61,9.377938172744734,4.51253506935609,6.945236621050412,4.865403103388644,0.7005380332333093,7.837353942418417,-1.9408450231186976,2.9482544596498315,0.8400000000000034,0.0,0.8400000000000034,10.924283363773236,6.709537218985267,5.245286547214688,2.1293814474777712
2024-03-28 08:41:46,627.73,428.9,593.8121391113243,412.81429609394877,46.33,-0.15,503.31321760263654,1006.6264352052731,180.99784301737554,0.35961273482918893,46.18,46.48,11.305953629558644,5.361901302017088,8.333927465787838,5.944052327541556,0.713235342964951,1.9280154568139096,0.8493662326609979,1.3886908447374253,0.8699999999999974,0.0,0.8699999999999974,10.898943410647318,8.776203371915948,4.535242313199826,2.419436170163158
2024-03-28 08:41:47,639.56,446.04,605.2491043334933,421.12072207046157,47.17,-0.15,513.1849132019775,1026.369826403955,184.1283822630317,0.35879539161699353,47.02,47.32,11.436965222168965,8.306425976512799,9.87169559934091,3.1305392456561663,0.3171227168656276,0.1310115926103208,2.9445246744957103,1.5377681335530724,0.8400000000000034,0.0,0.8400000000000034,10.914183374899917,11.76749518569243,5.489621542869268,3.1211524326561384
2024-03-28 08:41:48,638.25,447.36,613.49932825012,427.6805415528462,48.01,-0.15,520.589934901483,1041.179869802966,185.81878669727382,0.3569388762299054,47.86,48.16,8.250223916626737,6.559819482384626,7.405021699505596,1.6904044342421116,0.22827808945879033,-3.1867413055422276,-1.746606494128173,-2.466673899835314,0.8399999999999963,0.0,0.8399999999999963,10.87734901847334,13.194154363055581,6.513883835456792,2.163843733023173
2024-03-28 08:41:49,619.84,444.72,615.08449618759,431.9404061646347,48.85,-0.15,523.5124511761123,1047.0249023522247,183.14409002295537,0.34983712280705165,48.7,49.0,1.5851679374700325,4.259864611788487,2.922516274629288,2.6746966743184544,0.9152030331994294,-6.665055979156705,-2.299954870596139,-4.482505424876308,0.8400000000000034,0.0,0.8400000000000034,10.749742103210888,11.926699715944624,4.169211576783313,2.5871383984233347
2024-03-28 08:41:50,601.43,447.36,611.6708721406925,435.795304623476,49.7,-0.15,523.7330883820842,1047.4661767641685,175.8755675172165,0.33581144877578706,49.550000000000004,49.85,-3.413624046897553,3.854898458841319,0.2206372059719115,7.268522505738872,32.94317261927065,-4.998791984367585,-0.40496615294716776,-2.7018790686573766,0.8500000000000014,0.0,0.8500000000000014,10.569789663214825,8.69523167258269,3.8384510900521045,4.030281219338127
2024-03-28 08:41:51,625.1,452.63,615.0281541055193,440.003978467607,50.57,-0.15,527.5160662865632,1055.0321325731263,175.02417563791232,0.3317892790227255,50.42,50.72,3.357281964826825,4.208673844130999,3.782977904478912,0.8513918793041739,0.2250585849939994,6.770906011724378,0.3537753852896799,3.5623406985070005,0.8699999999999974,0.0,0.8699999999999974,10.462436648634005,5.361523491685247,4.984257030495824,3.808866218138072
2024-03-28 08:41:52,654.02,459.23,624.7761155791395,444.8104838507053,51.41,-0.15,534.7932997149223,1069.5865994298447,179.96563172843423,0.3365143719785805,51.26,51.559999999999995,9.747961473620194,4.806505383098283,7.277233428359182,4.9414560905219105,0.679029394912055,6.390679508793369,0.5978315389672844,3.4942555238802697,0.8399999999999963,0.0,0.8399999999999963,10.432955311782424,5.482061038393955,4.623543926577592,3.0540425332795085
2024-03-28 08:41:53,675.04,468.45,637.3420866843546,450.720362888029,52.25,-0.15,544.0312247861918,1088.0624495723837,186.62172379632563,0.3430349490079992,52.1,52.4,12.565971105215112,5.909879037323719,9.237925071269501,6.656092067891393,0.7205180055069108,2.8180096315949186,1.103373654225436,1.9606916429103194,0.8400000000000034,0.0,0.8400000000000034,10.442057856893166,8.729423272015492,4.88425533825333,3.581175633759663
2024-03-28 08:41:54,678.98,488.22,647.7515650132659,460.09527216602174,53.06,-0.15,553.9234185896438,1107.8468371792876,187.65629284724417,0.33877660017744554,52.910000000000004,53.21,10.409478328911291,9.374909277992742,9.89219380345196,1.0345690509185488,0.104584379045743,-2.1564927763038213,3.465030240669023,0.6542687321824587,0.8100000000000023,0.0,0.8100000000000023,10.469162882639973,12.313250229732354,5.893770089738442,4.048058146671427
2024-03-28 08:41:55,660.59,485.58,650.9611737599495,466.4664541245163,53.91,-0.15,558.713813942233,1117.427627884466,184.49471963543317,0.3302132768177723,53.76,54.059999999999995,3.209608746683557,6.37118195849456,4.790395352589144,3.161573211811003,0.6599815503997317,-7.199869582227734,-3.003727319498182,-5.101798450862816,0.8499999999999943,0.0,0.8499999999999943,10.392741881500951,12.95420746315853,5.233236057668712,2.6777537954070127
2024-03-28 08:41:56,650.08,482.95,650.7408803199621,470.58734059338724,54.75,-0.15,560.6641104566747,1121.3282209133495,180.15353972657488,0.32132168984120224,54.6,54.9,-0.2202934399873584,4.1208864688709355,1.9502965144417885,4.341179908858294,2.225906497194517,-3.4299021866709154,-2.2502954896236247,-2.8400988381473553,0.8400000000000034,0.0,0.8400000000000034,10.268573263518341,10.851418885081136,3.581636178423612,3.284275487298884
2024-03-28 08:41:57,654.02,485.58,651.5606602399716,474.33550544504044,55.59,-0.15,562.948082842506,1125.896165685012,177.2251547949312,0.3148161613505249,55.440000000000005,55.74,0.8197799200095233,3.7481648516532005,2.283972385831248,2.928384931643677,1.2821449452126152,1.0400733599968817,-0.372721617217735,0.33367587138945964,0.8400000000000034,0.0,0.8400000000000034,10.154186015301587,7.499043025115542,4.422051214587342,3.7624616032187137
2024-03-28 08:41:58,693.43,494.81,662.0279951799787,479.45412908378034,56.4,-0.15,570.7410621318795,1141.482124263759,182.57386609619834,0.31988913693075477,56.25,56.55,10.46733494000705,5.118623638739905,7.792979289373534,5.348711301267144,0.6863499075649682,9.647555019997526,1.3704587870867044,5.509006903542286,0.8099999999999952,0.0,0.8099999999999952,10.146507590851057,6.190888116532684,3.9959402975250353,3.4594441833418506
2024-03-28 08:41:59,711.81,496.13,674.473496384984,483.62309681283523,57.25,-0.15,579.0482965989096,1158.0965931978192,190.85039957214872,0.32959323145155917,57.1,57.4,12.445501205005257,4.168967729054884,8.30723446703007,8.276533475950373,0.9963041867295627,1.9781662649982081,-0.9496559096850206,0.5142551776565369,0.8500000000000014,0.0,0.8500000000000014,10.140950726058824,8.407068193718535,5.135124168652657,2.977282556556859
2024-03-28 08:42:00,719.69,510.62,685.777622288738,490.3723226096264,58.06,-0.15,588.0749724491823,1176.1499448983645,195.40529967911164,0.33227957063538827,57.910000000000004,58.21,11.304125903754084,6.7492257967911655,9.026675850272682,4.5549001069629185,0.5046043170167682,-1.1413753012511734,2.580258067736281,0.7194413832426108,0.8100000000000023,0.0,0.8100000000000023,10.154981217306183,11.398154673027447,7.616232320635409,3.4578247562649964
2024-03-28 08:42:01,709.19,525.1,691.6307167165536,499.0542419572198,58.9,-0.15,595.3424793368868,1190.6849586737735,192.5764747593338,0.32347175133607203,58.75,59.05,5.853094427815563,8.681919347593407,7.267506887704485,2.828824919777844,0.3892427725553328,-5.451031475938521,1.9326935508022416,-1.7591689625681965,0.8399999999999963,0.0,0.8399999999999963,10.133488837504645,12.990779728307825,7.5675764802367915,2.680339539329565
2024-03-28 08:42:02,693.43,515.88,692.0805375374151,503.2606814679149,59.72,-0.15,597.670609502665,1195.34121900533,188.81985606950025,0.3159262857357084,59.57,59.87,0.4498208208615324,4.206439510695077,2.328130165778248,3.7566186898335445,1.6135769088327039,-5.403273606954031,-4.47547983689833,-4.939376721926237,0.8200000000000003,0.0,0.8200000000000003,10.03308040069808,11.27827501050645,4.824641563789541,2.6611850038686424
2024-03-28 08:42:03,690.8,517.2,691.7604031530614,506.7455111009362,60.53,-0.15,599.2529571269988,1198.5059142539976,185.01489205212516,0.3087425594533573,60.38,60.68,-0.3201343843537643,3.48482963302132,1.5823476243338064,3.8049640173750845,2.4046306603116836,-0.7699552052152967,-0.7216098776737567,-0.7457825414444414,0.8100000000000023,0.0,0.8100000000000023,9.924692732731137,8.351814808314428,3.917914383175778,3.4873363972178133
2024-03-28 08:42:04,714.44,529.05,697.430302364796,512.3216333257021,61.37,-0.15,604.8759678452491,1209.7519356904982,185.1086690390939,0.30602748096023624,61.22,61.519999999999996,5.669899211734673,5.576122224765925,5.623010718250271,0.09377698696874859,0.01667735933474623,5.990033596088438,2.0912925917446046,4.040663093916464,0.8399999999999963,0.0,0.8399999999999963,9.880365206874941,6.122713396537299,4.586222764538546,3.1790751987617747
2024-03-28 08:42:05,747.25,534.32,709.885226773597,517.8212249942766,62.19,-0.15,613.8532258839368,1227.7064517678737,192.0640017793204,0.3128826132498845,62.04,62.339999999999996,12.454924408800935,5.499591668574453,8.97725803868775,6.955332740226481,0.774772423325681,6.785025197066261,-0.07653055619147153,3.35424732043748,0.8200000000000003,0.0,0.8200000000000003,9.894474790287912,7.402440518106521,3.634356925100433,3.164111717264735
2024-03-28 08:42:06,756.43,551.43,721.5214200801977,526.2234187457074,63.0,-0.15,623.8724194129525,1247.744838825905,195.29800133449032,0.31304156898812585,62.85,63.15,11.636193306600717,8.402193751430787,10.019193529015638,3.2339995551699303,0.3227803937536347,-0.8187311022002177,2.9026020828563333,1.0419354903278872,0.8100000000000023,0.0,0.8100000000000023,9.926370874885944,10.94435361718181,4.465649368610791,3.798886953005828
2024-03-28 08:42:07,760.37,567.23,731.2335650601483,536.4750640592805,63.81,-0.15,633.8543145597143,1267.7086291194287,194.7585010008678,0.3072606689265649,63.660000000000004,63.96,9.712144979950608,10.251645313573135,9.981895146761872,0.5395003336225273,0.05404788085253134,-1.9240483266501087,1.8494515621423488,-0.03729838225376625,0.8100000000000023,0.0,0.8100000000000023,9.956869377990024,14.016820051314081,5.0680742731329005,3.6360556512753526
2024-03-28 08:42:08,736.75,554.07,732.6126737951113,540.8737980444604,64.6,-0.15,636.7432359197858,1273.4864718395715,191.7388757506509,0.3011243223849197,64.44999999999999,64.75,1.3791087349629834,4.398733985179888,2.8889213600714356,3.0196252502169045,1.0452427839363039,-8.333036244987625,-5.8529113283932475,-7.092973786690436,0.789999999999992,0.0,0.789999999999992,9.879646641429623,13.406614129642978,4.056965629489635,3.1413988506737325
2024-03-28 08:42:09,718.38,554.07,729.0545053463335,544.1728485333454,65.41,-0.15,636.6136769398395,1273.227353879679,184.88165681298813,0.2904142075792151,65.25999999999999,65.56,-3.558168448777792,3.2990504888849728,-0.12955897994629595,6.857218937662765,52.926983629552566,-4.937277183740775,-1.0996834962949151,-3.0184803400177316,0.8100000000000023,0.0,0.8100000000000023,9.755036273135202,9.965016315681872,4.150669665079374,4.677602164180743
2024-03-28 08:42:10,742.0,564.6,732.2908790097501,549.279636400009,66.23,-0.15,640.7852577048795,1281.570515409759,183.0112426097411,0.28560463918853796,66.08,66.38000000000001,3.236373663416657,5.106787866663694,4.171580765040062,1.8704142032470372,0.4483705003512198,6.794542112194449,1.8077373777787216,4.301139744986358,0.8200000000000074,0.0,0.8200000000000074,9.697113317308812,6.369594267688111,5.673547643435473,4.492224958892224
2024-03-28 08:42:11,774.8,563.28,742.9181592573127,552.7797273000067,67.04,-0.15,647.8489432786597,1295.6978865573194,190.138431957306,0.2934919222088315,66.89,67.19000000000001,10.627280247562567,3.5000908999976446,7.0636855737801625,7.127189347564922,1.0089900327713401,7.39090658414591,-1.6066969666660498,2.8921048087401005,0.8100000000000023,0.0,0.8100000000000023,9.685288288135318,5.445493386654482,4.866706893686902,3.883422572384653
2024-03-28 08:42:12,789.22,583.02,754.4936194429845,560.3397954750051,67.86,-0.15,657.4167074589948,1314.8334149179896,194.1538239679794,0.2953283989740419,67.71,68.01,11.575460185671773,7.560068174998378,9.567764180335075,4.015392010673395,0.4196791972828049,0.948179938109206,4.059977275000733,2.5040786065549128,0.8199999999999932,0.0,0.8199999999999932,9.709299922458941,8.836079865662436,4.689184179094668,3.7471733246853796
2024-03-28 08:42:13,795.78,600.12,764.8152145822382,570.2848466062538,68.64,-0.15,667.550030594246,1335.100061188492,194.5303679759844,0.29140942067129577,68.49,68.79,10.321595139253759,9.94505113124876,10.133323135251203,0.37654400800499843,0.03715898188779925,-1.2538650464180137,2.384982956250383,0.5655589549161277,0.7800000000000011,0.0,0.7800000000000011,9.746678651592457,12.567160349921952,5.260234319744414,4.234653322434355
2024-03-28 08:42:14,780.04,586.96,768.6214109366787,574.4536349546904,69.46,-0.15,671.5375229456845,1343.075045891369,194.16777598198826,0.2891391308130281,69.30999999999999,69.61,3.8061963544404307,4.168788348436578,3.9874923514385046,0.3625919939961477,0.09093231311980525,-6.515398784813328,-5.776262782812182,-6.145830783812698,0.8199999999999932,0.0,0.8199999999999932,9.68889789722676,12.937080780766907,4.919522205833576,2.8934918534181087
2024-03-28 08:42:15,768.24,590.91,768.5260582025089,578.5677262160178,70.27,-0.15,673.5468922092634,1347.0937844185269,189.9583319864911,0.28202688469305015,70.11999999999999,70.42,-0.09535273416975087,4.114091261327417,2.0093692635789466,4.209443995497168,2.0949070819827935,-3.9015490886101816,-0.05469708710916166,-1.978123087859558,0.8100000000000023,0.0,0.8100000000000023,9.605631526007302,10.768873840558802,2.3257156110556796,3.5140690114729973
2024-03-28 08:42:16,769.55,602.75,768.7820436518816,584.6132946620133,71.08,-0.15,676.6976691569475,1353.395338313895,184.16874898986828,0.27215809527931983,70.92999999999999,71.23,0.2559854493727016,6.045568445995514,3.1507769476841077,5.789582996622812,1.8375090510196965,0.3513381835424525,1.931477184668097,1.141407684105161,0.8100000000000023,0.0,0.8100000000000023,9.540358940033677,7.450348370167135,4.455688612357028,3.796103518018687
2024-03-28 08:42:17,803.64,611.95,777.4965327389112,591.44747099651,71.87,-0.15,684.4720018677106,1368.9440037354211,186.04906174240125,0.27181398357115766,71.72,72.02000000000001,8.71448908702962,6.834176334496647,7.774332710763019,1.8803127525329728,0.2418615951524967,8.458503637656918,0.788607888501133,4.623555763078912,0.7900000000000063,0.0,0.7900000000000063,9.543669720078652,6.362334209233818,4.670553559763693,3.4129075293968105
2024-03-28 08:42:18,823.3,631.67,788.9473995541834,601.5031032473825,72.68,-0.15,695.225251400783,1390.450502801566,187.444296306801,0.26961663958481075,72.53,72.83000000000001,11.450866815272207,10.055632250872463,10.753249533072449,1.3952345643997432,0.12975002861772747,2.736377728242587,3.2214559163758167,2.9789168223094293,0.8100000000000023,0.0,0.8100000000000023,9.585347329593764,9.68930983142006,3.873965446828419,3.6316012564811135
2024-03-28 08:42:19,836.41,623.79,800.8130496656375,607.0748274355368,73.5,-0.15,703.9439385505872,1407.8878771011744,193.73822223010075,0.2752182543879664,73.35,73.65,11.865650111454102,5.571724188154349,8.718687149804168,6.293925923299753,0.7218890978961235,0.4147832961818949,-4.483908062718115,-2.0345623832682804,0.8199999999999932,0.0,0.8199999999999932,9.597054246128602,12.728102859469343,3.7143814233338706,3.7422565376474535
2024-03-28 08:42:20,820.68,626.42,805.7797872492281,611.9111205766526,74.28,-0.15,708.8454539129403,1417.6909078258807,193.8686666725755,0.27349920258201593,74.13,74.43,4.966737583590543,4.836293141115789,4.901515362353166,0.1304444424747544,0.026613079061951636,-6.898912527863558,-0.7354310470385599,-3.8171717874510023,0.7800000000000011,0.0,0.7800000000000011,9.56219404223319,13.330331853946134,4.489137729319904,3.0349088448463983
2024-03-28 08:42:21,793.16,629.05,802.624840436921,616.1958404324894,75.1,-0.15,709.4103404347052,1418.8206808694104,186.4290000044316,0.26279430833697637,74.94999999999999,75.25,-3.1549468123071165,4.284719855836784,0.5648865217648336,7.4396666681439,13.170173497372955,-8.12168439589766,-0.5515732852790052,-4.336628840588332,0.8199999999999932,0.0,0.8199999999999932,9.465114489254047,10.554009335228795,3.9564358517377154,3.9499464375752282
2024-03-28 08:42:22,790.53,627.73,799.6011303276907,619.0793803243671,75.88,-0.15,709.3402553260289,1418.6805106520578,180.52175000332363,0.2544924645026092,75.72999999999999,76.03,-3.023710109230251,2.8835398918777173,-0.07008510867626683,5.907250001107968,84.28560399028592,0.13123670307686552,-1.4011799639590663,-0.6349716304411004,0.7800000000000011,0.0,0.7800000000000011,9.366700725727299,6.10561619776307,5.596158605385313,4.803923830463089
2024-03-28 08:42:23,828.55,654.02,806.838347745768,627.8145352432753,76.7,-0.15,717.3264414945216,1434.6528829890433,179.02381250249277,0.24957090927797496,76.55,76.85000000000001,7.237217418077307,8.735154918908165,7.986186168492736,1.497937500830858,0.1875660398670032,10.260927527307558,5.851615027030448,8.056271277169003,0.8200000000000074,0.0,0.8200000000000074,9.370691471245333,4.8013427038681815,7.037277450693417,4.075874629278506
2024-03-28 08:42:24,854.75,657.96,818.816260809326,635.3509014324565,77.48,-0.15,727.0835811208913,1454.1671622417825,183.46535937686951,0.252330493891368,77.33,77.63000000000001,11.977913063557935,7.536366189181194,9.757139626369622,4.441546874376741,0.45520988622148467,4.740695645480628,-1.1987887297269708,1.7709534578768853,0.7800000000000011,0.0,0.7800000000000011,9.402348011360964,7.918143460953131,5.878940740262746,4.365810151115286
2024-03-28 08:42:25,861.3,647.45,829.4371956069945,638.3756760743424,78.3,-0.15,733.9064358406685,1467.812871681337,191.06151953265203,0.2603349826922578,78.14999999999999,78.45,10.620934797668497,3.0247746418859833,6.822854719777183,7.596160155782513,1.1133402885486465,-1.3569782658894383,-4.511591547295211,-2.9342849065924383,0.8199999999999932,0.0,0.8199999999999932,9.390997139471164,10.894546874452445,4.818228825971288,4.47899920188734
2024-03-28 08:42:26,853.44,654.02,835.4378967052459,642.2867570557569,79.08,-0.15,738.8623268805013,1477.7246537610026,193.15113964948898,0.2614169546355975,78.92999999999999,79.23,6.0007010982513975,3.911080981414443,4.9558910398328635,2.0896201168369544,0.4216435911116874,-4.620233699417099,0.8863063395284598,-1.8669636799443197,0.7800000000000011,0.0,0.7800000000000011,9.360982104643599,12.036191493750987,6.330854917783022,3.7621189685456806
2024-03-28 08:42:27,840.34,660.59,836.6634225289345,646.8625677918177,79.87,-0.15,741.762995160376,1483.525990320752,189.80085473711677,0.25587803074511967,79.72,80.02000000000001,1.2255258236885993,4.5758107360608165,2.900668279874708,3.350284912372217,1.1550041004732983,-4.775175274562798,0.6647297546463733,-2.0552227599581556,0.7900000000000063,0.0,0.7900000000000063,9.304603435220429,9.814563546536101,5.87024031808431,2.6580166726761734
2024-03-28 08:42:28,835.1,681.61,836.2725668967008,655.5494258438633,80.65,-0.15,745.9109963702821,1491.8219927405642,180.7231410528375,0.24228512743474628,80.5,80.80000000000001,-0.39085563223363806,8.686858052045636,4.148001209906056,9.077713684279274,2.188454399228699,-1.6163814559222374,4.11104731598482,1.247332930031348,0.7800000000000011,0.0,0.7800000000000011,9.26597499508456,7.2833589285665274,5.291958771549373,2.670131608766476
2024-03-28 08:42:29,862.61,692.12,842.8569251725256,664.6920693828974,81.47,-0.15,753.7744972777116,1507.5489945554232,178.16485578962818,0.23636360237274473,81.32,81.62,6.584358275824798,9.142643539034111,7.863500907429511,2.5582852632093136,0.3253366366951881,6.975213908058436,0.455785486988475,3.7154996975234553,0.8199999999999932,0.0,0.8199999999999932,9.269238662179944,7.513064976398352,6.684969094993237,2.005345263053055
2024-03-28 08:42:30,888.79,675.04,854.3401938793942,667.2790520371731,82.25,-0.15,760.8096229582836,1521.6192459165673,187.0611418422211,0.24587115613626617,82.1,82.4,11.483268706868557,2.58698265427563,7.035125680572037,8.896286052592927,1.2645523608211071,4.89891043104376,-6.555660884758481,-0.8283752268574744,0.7800000000000011,0.0,0.7800000000000011,9.266864965790727,8.999186326611907,6.239081271882729,2.046459806070906
2024-03-28 08:42:31,894.03,680.29,864.2626454095457,670.5317890278798,83.04,-0.15,767.3972172187127,1534.7944344374255,193.73085638166594,0.2524518616725706,82.89,83.19000000000001,9.922451530151534,3.252736990706694,6.587594260429114,6.66971453944484,1.0124657444438043,-1.5608171767170234,0.6657543364310641,-0.4475314201429228,0.7900000000000063,0.0,0.7900000000000063,9.258019157445936,10.500711321879194,6.413257380149586,2.0914011563501327
2024-03-28 08:42:32,840.34,681.61,858.2819840571593,673.3013417709099,83.07,-0.15,765.7916629140345,1531.583325828069,184.98064228624946,0.24155478703019,82.91999999999999,83.22,-5.980661352386392,2.76955274303009,-1.6055543046782077,8.750214095416482,5.449961187833537,-15.903112882537926,-0.4831842476766042,-8.193148565107322,0.029999999999986926,0.0,0.029999999999986926,9.235306966699563,8.919027402270874,6.030427410252922,3.8416266692033862
2024-03-28 08:42:33,836.41,698.68,852.8139880428695,679.6460063281824,83.07,-0.15,766.2299971855259,1532.4599943710518,173.16798171468713,0.22600000277300325,82.91999999999999,83.22,-5.467996014289838,6.344664557272495,0.43833427149138515,11.812660571562333,26.948916365710474,0.5126653380965536,3.5751118142424048,2.043888576169593,0.0,0.0,0.0,9.240593197599287,5.640714320918146,7.980095412596945,4.327863812999617
2024-03-28 08:42:34,865.23,714.44,855.9179910321521,688.3445047461367,83.83,-0.15,772.1312478891444,1544.262495778289,167.5734862860154,0.21702720428308175,83.67999999999999,83.98,3.1040029892826624,8.698498417954397,5.90125070361853,5.594495428671735,0.9480184390781539,8.5719990035725,2.3538338606819025,5.462916432127145,0.7600000000000051,0.0,0.7600000000000051,9.227189754564469,4.0455855952796,10.674864562021066,3.9714617682034787
2024-03-28 08:42:35,852.13,702.62,854.9709932741141,691.9133785596025,84.61,-0.15,773.4421859168583,1546.8843718337166,163.0576147145116,0.21082068895737593,84.46,84.76,-0.9469977580380373,3.568873813465757,1.3109380277138598,4.515871571503794,3.4447609507659567,-4.0510007473207,-5.12962460448864,-4.59031267590467,0.7800000000000011,0.0,0.7800000000000011,9.157496764851546,3.538112926848285,12.652138138896861,3.5634719269929453
2024-03-28 08:42:36,888.79,696.06,863.4257449555855,692.9500339197019,85.43,-0.15,778.1878894376437,1556.3757788752873,170.4757110358836,0.2190675454227514,85.28,85.58000000000001,8.454751681471407,1.0366553600994166,4.745703520785355,7.418096321371991,1.5631180341890287,9.401749439509445,-2.5322184533663403,3.4347654930714953,0.8200000000000074,0.0,0.8200000000000074,9.125092405165939,5.2121693630070425,8.240663132461734,3.104321200287282
2024-03-28 08:42:37,912.35,709.19,875.6568087166892,697.0100254397764,86.21,-0.15,786.3334170782327,1572.6668341564655,178.64678327691274,0.227189610882262,86.05999999999999,86.36,12.231063761103655,4.0599915200745045,8.14552764058908,8.171072241029151,1.0031359045639823,3.7763120796322482,3.023336159975088,3.399824119803725,0.7799999999999869,0.0,0.7799999999999869,9.137037043239552,7.513778486884337,5.861032971293427,3.209908290565046
2024-03-28 08:42:38,916.28,721.0,885.8126065375168,703.0075190798323,87.0,-0.15,794.4100628086745,1588.820125617349,182.80508745768452,0.230114264390426,86.85,87.15,10.155797820827615,5.997493640055836,8.076645730441783,4.158304180771779,0.5148552759028902,-2.07526594027604,1.9375021199813318,-0.06888191014729728,0.7900000000000063,0.0,0.7900000000000063,9.146920594838848,9.379623683933348,8.08554275380244,2.820621712509981
2024-03-28 08:42:39,909.73,734.13,891.7919549031376,710.7881393098742,87.81,-0.15,801.2900471065059,1602.5800942130118,181.00381559326343,0.22589050746478853,87.66,87.96000000000001,5.979348365620808,7.7806202300419045,6.879984297831356,1.8012718644210963,0.26181333047163285,-4.176449455206807,1.7831265899860682,-1.1966614326104263,0.8100000000000023,0.0,0.8100000000000023,9.14088567152202,11.409088849084789,8.263751389781682,2.8770278412404875
2024-03-28 08:42:40,880.94,730.19,889.0789661773532,715.6386044824056,88.6,-0.15,802.3587853298794,1604.7175706597588,173.44036169494757,0.21616309891525237,88.44999999999999,88.75,-2.7129887257843848,4.850465172531472,1.0687382233735434,7.563453898315856,7.076987288294083,-8.692337091405193,-2.930155057510433,-5.811246074457813,0.789999999999992,0.0,0.789999999999992,9.071325904562507,10.258787494918977,5.179346040389883,2.9726238288647386
2024-03-28 08:42:41,892.72,724.94,889.9892246330148,717.9639533618042,89.38,-0.15,803.9765889974095,1607.953177994819,172.0252712712106,0.21396801027722076,89.22999999999999,89.53,0.9102584556616193,2.3253488793985753,1.6178036675300973,1.415090423736956,0.8746979484843339,3.623247181446004,-2.5251162931328963,0.5490654441565539,0.7800000000000011,0.0,0.7800000000000011,9.010160035719485,7.314501778768149,4.694507545037601,3.5236378870802776
2024-03-28 08:42:42,924.13,732.81,898.5244184747612,721.6754650213531,90.17,-0.15,810.0999417480572,1620.1998834961144,176.84895345340806,0.21830510548302615,90.02,90.32000000000001,8.535193841746377,3.7115116595489326,6.123352750647655,4.8236821821974445,0.7877516763893077,7.624935386084758,1.3861627801503573,4.5055490831175575,0.7900000000000063,0.0,0.7900000000000063,8.999110561530179,5.631248932213247,4.6615153068832695,3.19577026015766
2024-03-28 08:42:43,942.44,742.0,909.5033138560709,726.7565987660148,90.98,-0.15,818.1299563110429,1636.2599126220857,182.7467150900561,0.22337125472179487,90.83,91.13000000000001,10.978895381309712,5.081133744661656,8.030014562985684,5.897761636648056,0.734464533771735,2.4437015395633352,1.3696220851127237,1.9066618123380294,0.8100000000000023,0.0,0.8100000000000023,9.007265741536685,7.011146514486005,4.644086147716247,3.1836923246863416
2024-03-28 08:42:44,886.17,757.74,903.6699853920531,734.5024490745111,91.01,-0.15,819.0862172332821,1638.1724344665643,169.16753631754204,0.2065320262406879,90.86,91.16000000000001,-5.833328464017768,7.745850308496301,0.9562609222392666,13.57917877251407,14.200271344817198,-16.81222384532748,2.664716563834645,-7.073753640746418,0.030000000000001137,0.0,0.030000000000001137,9.014816291200372,7.756746870224635,5.210815689497961,3.29050807636789
2024-03-28 08:42:45,882.25,762.99,898.3149890440399,741.6243368058833,91.01,-0.15,819.9696629249615,1639.939325849923,156.69065223815653,0.1910932308009091,90.86,91.16000000000001,-5.354996348013287,7.121887731372226,0.8834456916794124,12.476884079385513,14.122962026907627,0.47833211600448067,-0.6239625771240753,-0.07281523055985417,0.0,0.0,0.0,9.024539444204514,6.962821421861762,9.748498526801477,3.3264162699914803
2024-03-28 08:42:46,882.25,751.18,894.2987417830299,744.0132526044125,91.01,-0.15,819.1559971937212,1638.3119943874424,150.28548917861735,0.18346382070082398,90.86,91.16000000000001,-4.016247261009994,2.388915798529183,-0.8136657312403486,6.405163059539177,7.871973639348859,1.3387490870032934,-4.732971932843043,-1.697111422919761,0.0,0.0,0.0,9.015584285473661,4.07097611173127,13.557353453308277,3.816105977181434
2024-03-28 08:42:47,882.25,749.87,891.2865563372724,745.4774394533093,91.01,-0.15,818.3819978952909,1636.7639957905817,145.80911688396304,0.17816755143782043,90.86,91.16000000000001,-3.0121854457574955,1.4641868488968157,-0.7739992984303399,4.476372294654311,5.7834245073707615,1.0040618152524985,-0.9247289496323674,0.0396664328100087,0.0,0.0,0.0,9.00706569324483,0.7238203409486967,15.03117059598572,3.6646514552645555
2024-03-28 08:42:48,878.32,753.81,888.0449172529543,747.560579589982,91.01,-0.15,817.8027484214681,1635.6054968429362,140.48433766297228,0.17178266735145367,90.86,91.16000000000001,-3.2416390843180807,2.0831401366726823,-0.579249473822756,5.324779220990763,9.192533215985048,-0.2294536385605852,0.6189532877758666,0.19474982460758383,0.0,0.0,0.0,9.000690506502066,0.8237930668100093,11.06137038363362,0.9041784986990297
2024-03-28 08:42:49,892.72,769.55,889.2136879397158,753.0579346924865,91.04,-0.15,821.1358113161011,1642.2716226322023,136.1557532472293,0.16581392652110433,90.89,91.19000000000001,1.1687706867614907,5.497355102504457,3.3330628946330307,4.3285844157429665,1.2986802991424629,4.410409771079571,3.414214965831775,3.912312368455787,0.030000000000001137,0.0,0.030000000000001137,9.034391047218728,1.3156082316575177,8.06160002079183,1.7780800149283782
2024-03-28 08:42:50,907.12,785.29,893.6902659547868,761.1159510193648,91.83,-0.15,827.4031084870758,1654.8062169741515,132.57431493542197,0.16022941346885622,91.67999999999999,91.98,4.476578015071027,8.058016326878374,6.2672971709746434,3.5814383118073465,0.5714485275958058,3.3078073283095364,2.5606612243739164,2.9342342763416127,0.789999999999992,0.0,0.789999999999992,9.024902917344818,3.9129244555233536,7.142366902382395,3.198974690935864
2024-03-28 08:42:51,943.75,769.55,906.2051994660901,763.2244632645236,92.61,-0.15,834.7148313653068,1669.4296627306137,142.98073620156651,0.17129291424761942,92.46,92.76,12.514933511303298,2.1085122451587495,7.31172287823108,10.406421266144548,1.4232514027406304,8.03835549623227,-5.949504081719624,1.044425707256437,0.7800000000000011,0.0,0.7800000000000011,9.027847959522592,7.150125053795328,5.291210767357015,3.753956387867623
2024-03-28 08:42:52,954.21,769.55,918.2063995995676,764.8058474483928,93.4,-0.15,841.5061235239802,1683.0122470479605,153.4005521511748,0.18229285287489713,93.25,93.55000000000001,12.001200133477482,1.5813841838692042,6.7912921586734,10.419815949608278,1.534290407755519,-0.5137333778258153,-0.5271280612895453,-0.5204307195576803,0.7900000000000063,0.0,0.7900000000000063,9.02419425737036,9.716586733345718,7.942777258201986,3.292482173681241
2024-03-28 08:42:53,959.44,781.35,928.5147996996757,768.9418855862946,94.18,-0.15,848.7283426429851,1697.4566852859703,159.5729141133811,0.1880141217252725,94.03,94.33000000000001,10.308400100108088,4.136038137901778,7.222219119004876,6.17236196220631,0.854634982110844,-1.6928000333693944,2.554653954032574,0.43092696033147604,0.7800000000000011,0.0,0.7800000000000011,9.026144141410624,10.958441350611677,11.39753198538614,1.6472125040145154
2024-03-28 08:42:54,935.9,801.02,930.3610997747568,776.9614141897209,95.0,-0.15,853.6612569822389,1707.3225139644778,153.39968558503585,0.17969620168498668,94.85,95.15,1.8463000750811034,8.019528603426352,4.932914339253784,6.173228528345248,1.251436139441041,-8.462100025026984,3.8834904655245737,-2.2893047797510917,0.8199999999999932,0.0,0.8199999999999932,9.000118587054512,10.541159452870255,10.661332989697334,0.9714839405482256
2024-03-28 08:42:55,924.13,818.06,928.8033248310676,787.2360606422907,95.78,-0.15,858.0196927366792,1716.0393854733584,141.5672641887769,0.16499302431189067,95.63,95.93,-1.5577749436891963,10.274646452569755,4.358435754440279,11.832421396258951,2.7148315010431987,-3.4040750187702997,2.255117849143403,-0.5744785848135052,0.7800000000000011,0.0,0.7800000000000011,8.972285723772806,9.345716221643189,7.664425857104411,1.3782189155584526
2024-03-28 08:42:56,965.98,794.47,938.0974936233007,789.0445454817179,96.57,-0.15,863.5710195525094,1727.1420391050187,149.05294814158276,0.1726006832028931,96.41999999999999,96.72,9.294168792233108,1.8084848394272512,5.55132681583018,7.485683952805857,1.3484492721650598,10.851943735922305,-8.466161613142503,1.1928910613899006,0.789999999999992,0.0,0.789999999999992,8.95634734076086,8.480712816162164,6.651857139285922,1.2137765824569529
2024-03-28 08:42:57,930.67,802.33,936.2406202174756,792.3659091112884,97.1,-0.15,864.3032646643819,1728.6065293287638,143.8747111061872,0.16646322745939418,96.94999999999999,97.25,-1.8568734058251266,3.321363629570442,0.7322451118725439,5.1782370353955685,7.071716669349692,-11.151042198058235,1.5128787901431906,-4.819081703957636,0.5300000000000011,0.0,0.5300000000000011,8.914938171732272,6.613752553107652,7.270539240695665,2.3927776010244033
2024-03-28 08:42:58,926.74,812.82,933.8654651631066,797.4794318334663,97.1,-0.15,865.6724484982865,1731.344896996573,136.38603332964033,0.15754923632915072,96.94999999999999,97.25,-2.3751550543689746,5.1135227221778905,1.3691838339045717,7.488677776546865,5.469442540632762,-0.518281648543848,1.7921590926074487,0.6369387220320277,0.0,0.0,0.0,8.929060748522184,5.051793903094051,6.597878134724971,2.1873007422340045
2024-03-28 08:42:59,986.9,828.55,947.1240988723299,805.2470738750997,97.41,-0.15,876.1855863737148,1752.3711727474297,141.87702499723025,0.16192576897149552,97.25999999999999,97.56,13.258633709223318,7.767642041633394,10.513137875428356,5.490991667589924,0.5222980246578541,15.633788763592293,2.6541193194555035,9.143954041523784,0.3100000000000023,0.0,0.3100000000000023,9.008693988947368,6.62017617639682,4.567721845942513,3.9141098604041065
2024-03-28 08:43:00,931.98,835.1,943.3380741542475,812.7103054063247,97.61,-0.15,878.0241897802861,1756.0483795605721,130.6277687479228,0.1487746808340622,97.46,97.76,-3.7860247180824445,7.463231531225006,1.8386034065712238,11.24925624930745,6.118366848845947,-17.044658427305762,-0.3044105104083883,-8.674534468857132,0.20000000000000284,0.0,0.20000000000000284,9.009072242676112,6.966970916468545,7.083970890091627,4.0956875726771615
2024-03-28 08:43:01,930.67,823.3,940.1710556156856,815.3577290547435,97.61,-0.15,877.7643923352146,1755.528784670429,124.81332656094219,0.14219456554473894,97.46,97.76,-3.1670185385618197,2.647423648418794,-0.2597974450715128,5.814442186980614,22.380588865264823,0.6190061795206248,-4.815807882806212,-2.0984008516427366,0.0,0.0,0.0,9.00640655990979,6.810936975493896,7.8982541049578625,4.361608254761282
2024-03-28 08:43:02,938.52,827.24,939.7582917117642,818.3282967910575,97.97,-0.15,879.0432942514108,1758.0865885028215,121.42999492070669,0.13813881020044308,97.82,98.12,-0.4127639039214728,2.970567736314024,1.2789019161962187,3.3833316402354967,2.6454952892737023,2.754254634640347,0.32314408789522986,1.5386993612677315,0.35999999999999943,0.0,0.35999999999999943,8.9863349546624,5.499397450646562,8.326372412636074,4.30205140670896
2024-03-28 08:43:03,931.98,833.79,937.8137187838231,822.1937225932932,97.97,-0.15,880.0037206885581,1760.0074413771163,115.61999619052995,0.13138580365169067,97.82,98.12,-1.944572927941067,3.865425802235677,0.9604264371473619,5.809998730176744,6.04938853832983,-1.5318090240195943,0.8948580659216532,-0.31847547904885687,0.0,0.0,0.0,8.9961532579473,1.4355303286119439,9.996470705159668,4.343240775071613
2024-03-28 08:43:04,924.13,856.06,934.3927890878674,830.6602919449698,98.25,-0.15,882.5265405164187,1765.0530810328373,103.73249714289761,0.11754037104046434,98.1,98.4,-3.4209296959556923,8.46656935167664,2.5228198278605305,11.887499047632332,4.711987040995489,-1.4763567680146252,4.6011435494409625,1.5623933907131686,0.28000000000000114,0.0,0.28000000000000114,8.99619298185755,1.9241108810768786,10.236286985164142,1.0403180099631544
2024-03-28 08:43:05,937.21,801.02,935.0970918159005,823.2502189587274,98.25,-0.15,879.1736553873139,1758.3473107746279,111.84687285717314,0.12721818044090685,98.1,98.4,0.7043027280330989,-7.410072986242426,-3.3528851291047204,8.114375714275525,2.4201167000091965,4.125232423988791,-15.876642337919066,-5.875704956965251,0.0,0.0,0.0,8.962014744396527,1.7703409801383414,8.272485946635626,2.234262076243386
2024-03-28 08:43:06,964.67,802.33,942.4903188619254,818.0201642190455,98.31,-0.15,880.2552415404855,1760.510483080971,124.47015464287995,0.14140234403336166,98.16,98.46000000000001,7.39322704602489,-5.230054739681918,1.0815861531715427,12.623281785706808,11.6710722281524,6.688924317991791,2.1800182465605076,4.434471282276263,0.060000000000002274,0.0,0.060000000000002274,8.967555344060006,1.400510462283303,8.176648106802672,2.241284803371304
2024-03-28 08:43:07,938.52,839.03,941.497739146444,823.2726231642841,98.53,-0.15,882.3851811553641,1764.7703623107282,118.22511598215988,0.1339835690501698,98.38,98.68,-0.9925797154813836,5.252458945238686,2.1299396148785945,6.24503866072007,2.932024779045792,-8.385806761506274,10.482513684920605,1.0483534617070518,0.21999999999999886,0.0,0.21999999999999886,8.96915198400297,1.5038157184971122,7.6994165881990275,2.3452988758358835
2024-03-28 08:43:08,935.9,840.34,940.098304359833,827.5394673732131,98.53,-0.15,883.818885866523,1767.637771733046,112.5588369866199,0.1273550935143332,98.38,98.68,-1.399434786610982,4.266844208929001,1.4337047111589527,5.666278995539983,3.952191130604886,-0.4068550711295984,-0.9856147363096852,-0.6962349037196418,0.0,0.0,0.0,8.983725115702358,1.8767576043817369,7.73743059044213,2.3694589083980637
2024-03-28 08:43:09,938.52,846.89,939.7037282698748,832.3771005299099,98.84,-0.15,886.0404143998924,1772.0808287997847,107.32662773996492,0.1211306232476153,98.69,98.99000000000001,-0.39457608995826376,4.837633156696711,2.2215285333693373,5.232209246654975,2.3552283091728317,1.0048586966527182,0.5707889477677099,0.7878238222103846,0.3100000000000023,0.0,0.3100000000000023,8.978016064665887,2.750182983536486,6.6106316843355915,2.316762091169221
2024-03-28 08:43:10,938.52,873.08,939.4077962024061,842.5528253974323,98.84,-0.15,890.9803107999192,1781.9606215998383,96.85497080497373,0.10870607298752942,98.69,98.99000000000001,-0.2959320674686978,10.17572486752249,4.939896400026782,10.471656934991188,2.1198126371884594,0.09864402248956594,5.338091710825779,2.718367866657445,0.0,0.0,0.0,9.028070744471055,4.096631571775175,10.556014360035118,1.5182492902791724
2024-03-28 08:43:11,946.37,879.63,941.1483471518045,851.8221190480742,99.04,-0.15,896.4852330999394,1792.9704661998787,89.32622810373027,0.09964049011182292,98.89,99.19000000000001,1.7405509493984255,9.269293650641885,5.504922300020212,7.528742701243459,1.3676380743062881,2.0364830168671233,-0.9064312168806055,0.5650258999934294,0.20000000000000284,0.0,0.20000000000000284,9.065479057887151,5.781706018564897,11.719227969392618,1.8406222965801122
2024-03-28 08:43:12,941.13,869.15,941.1437603638534,856.1540892860556,99.04,-0.15,898.6489248249545,1797.297849649909,84.98967107779777,0.09457494315678143,98.89,99.19000000000001,-0.004586787951097904,4.331970237981409,2.1636917250151555,4.336557025932507,2.00423885323279,-1.7451377373495234,-4.937323412660476,-3.3412305750050564,0.0,0.0,0.0,9.08735884050557,6.41425103023885,11.66765422254593,1.835560843890872
2024-03-28 08:43:13,959.44,878.32,945.7178202728901,861.6955669645417,99.26,-0.15,903.7066936187159,1807.4133872374318,84.02225330834835,0.09297513652236282,99.11,99.41000000000001,4.574059909036691,5.541477678486103,5.057768793761397,0.9674177694494119,0.19127358675807898,4.578646696987789,1.2095074405046944,2.894077068746242,0.21999999999999886,0.0,0.21999999999999886,9.118218994052032,6.848552693870741,9.71010608036921,1.6431328774052834
2024-03-28 08:43:14,942.44,891.41,944.8983652046676,869.1241752234063,99.26,-0.15,907.0112702140369,1814.0225404280739,75.77418998126132,0.08354272144803379,99.11,99.41000000000001,-0.8194550682225099,7.428608258864529,3.3045765953210093,8.248063327087038,2.4959508709269134,-5.393514977259201,1.8871305803784253,-1.753192198440388,0.0,0.0,0.0,9.151561508046367,6.253490518356102,7.716969655033572,1.4083856701129938
2024-03-28 08:43:15,938.52,904.5,943.3037739035007,877.9681314175547,99.32,-0.15,910.6359526605277,1821.2719053210553,65.33564248594598,0.07174726873380424,99.16999999999999,99.47,-1.594591301166929,8.843956194148404,3.6246824464907377,10.438547495315333,2.8798507923282197,-0.7751362329444191,1.4153479352838758,0.32010585116972834,0.05999999999998806,0.0,0.05999999999998806,9.182574805666562,5.8272773977267445,9.498602229762039,1.3561392353890147
2024-03-28 08:43:16,946.37,888.79,944.0703304276254,880.673598563166,99.49,-0.15,912.3719644953958,1824.7439289907916,63.39673186445941,0.06948562018785455,99.33999999999999,99.64,0.7665565241247805,2.705467145611351,1.7360118348681226,1.9389106214865706,1.116875741090855,2.3611478252917095,-6.138489048537053,-1.888670611622615,0.1700000000000017,0.0,0.1700000000000017,9.184336171844773,5.5065024267584795,10.116701730042939,1.3093153333721168
2024-03-28 08:43:17,941.13,883.56,943.3352478207191,881.3951989223746,99.49,-0.15,912.3652233715468,1824.7304467430936,61.94004889834457,0.06788953287978503,99.33999999999999,99.64,-0.7350826069063032,0.7216003592085372,-0.006741123848996722,1.4566829661148404,216.05698719574926,-1.5016391310310837,-1.9838667864028139,-1.7427529587171193,0.0,0.0,0.0,9.18426831273685,3.778466979751008,9.490035345916109,1.9381684558553824
2024-03-28 08:43:18,947.67,894.03,944.4189358655394,884.5538991917808,99.68,-0.15,914.4864175286601,1828.9728350573203,59.865036673758595,0.0654630134038261,99.53,99.83000000000001,1.083688044820292,3.1587002694062676,2.1211941571133366,2.0750122245859757,0.9782278719746796,1.8187706517265951,2.4370999101977304,2.1279352809623333,0.19000000000001194,0.0,0.19000000000001194,9.188047908576431,2.7948043179237265,6.207925546379608,1.4432001752218715
2024-03-28 08:43:19,943.75,912.35,944.2517018991546,891.5029243938355,99.68,-0.15,917.877313146495,1835.75462629299,52.748777505319026,0.057468222269300165,99.53,99.83000000000001,-0.1672339663848561,6.949025202054713,3.3908956178348717,7.116259168439569,2.0986364287871995,-1.250922011205148,3.7903249326484456,1.2697014607215351,0.0,0.0,0.0,9.222116989092514,2.778741513181103,4.853071947367882,1.4607844906650567
2024-03-28 08:43:20,951.6,907.12,946.0887764243658,895.4071932953766,99.88,-0.15,920.7479848598712,1841.4959697197423,50.681583128989246,0.055043925055843115,99.72999999999999,100.03,1.8370745252112783,3.9042689015410588,2.8706717133761686,2.0671943763297804,0.7201079965324833,2.0043084915961344,-3.0447563005136544,-0.5202239044587031,0.19999999999998863,0.0,0.19999999999998863,9.232407255865477,3.6676762474064963,5.676430166780838,1.3039878567918788
2024-03-28 08:43:21,947.67,894.03,946.4840823182744,895.0628949715324,99.88,-0.15,920.7734886449034,1841.5469772898068,51.421187346742045,0.05584564273953265,99.72999999999999,100.03,0.39530589390858495,-0.3442983238442139,0.025503785032242376,0.7396042177527988,28.998645423508318,-1.4417686313026934,-4.248567225385273,-2.845167928343926,0.0,0.0,0.0,9.23266298417969,3.7597480913976944,5.191546027007543,1.5907520319059396
2024-03-28 08:43:22,955.52,908.43,948.7430617387058,898.4046712286492,100.05,-0.15,923.5738664836775,1847.147732967355,50.33839051005657,0.05450391385283128,99.89999999999999,100.2,2.2589794204313876,3.3417762571168623,2.800377838774125,1.0827968366854748,0.3866608409166071,1.8636735265228026,3.686074580961076,2.7748740537418826,0.1700000000000017,0.0,0.1700000000000017,9.244983555942884,3.4476228928345107,3.941545004153466,1.3185621173390685
2024-03-28 08:43:23,950.29,921.51,949.1297963040294,904.181003421487,100.05,-0.15,926.6553998627583,1853.3107997255165,44.94879288254231,0.04850648130976514,99.89999999999999,100.2,0.3867345653235361,5.776332192837799,3.0815333790807244,5.389597627514263,1.7489980524319426,-1.8722448551078514,2.4345559357209368,0.2811555403065995,0.0,0.0,0.0,9.27582973560489,3.3237987898980585,2.98602825723656,1.365715693038669
2024-03-28 08:43:24,959.44,934.59,951.7073472280221,911.7832525661154,100.16,-0.15,931.7452998970687,1863.4905997941373,39.92409466190668,0.04284872123687496,100.00999999999999,100.31,2.5775509239927032,7.602249144628331,5.0899000343104035,5.024698220635628,0.9871897678883633,2.190816358669167,1.825916951790532,2.008366655229679,0.10999999999999943,0.0,0.10999999999999943,9.316521253680108,4.6304407973684905,4.935856712889427,1.8043171555862083
2024-03-28 08:43:25,948.98,914.97,951.0255104210165,912.5799394245867,100.22,-0.15,931.8027249228016,1863.6054498456033,38.445570996429865,0.04125934591826363,100.07,100.37,-0.6818368070055385,0.7966868584712756,0.05742502573298225,1.4785236654768141,25.74657825620055,-3.2593877309982418,-6.8055622861570555,-5.032475008577421,0.060000000000002274,0.0,0.060000000000002274,9.311509099743105,4.903321879666747,5.88338378352679,2.1683829730007624
2024-03-28 08:43:26,948.98,926.74,950.5141328157624,916.1199545684399,100.22,-0.15,933.3170436921012,1866.6340873842023,34.39417824732254,0.036851548402471415,100.07,100.37,-0.511377605254097,3.540015143853225,1.514318769299507,4.051392749107322,2.6753878746372126,0.17045920175144147,2.743328285381949,1.4568937435665248,0.0,0.0,0.0,9.326641694468467,4.125882687298391,6.169609183158737,1.8757232398315282
2024-03-28 08:43:27,954.21,895.34,951.4380996118218,910.92496592633,100.39,-0.15,931.1815327690758,1862.3630655381517,40.51313368549188,0.04350723485839524,100.24,100.54,0.9239667960594034,-5.194988642109934,-2.135510923025322,6.118955438169337,2.8653342424334385,1.4353444013135004,-8.735003785963158,-3.649829692324829,0.1700000000000017,0.0,0.1700000000000017,9.28952038586947,2.522859218423508,3.8069517911802566,2.7696786336440904
2024-03-28 08:43:28,948.98,894.03,950.8235747088664,906.7012244447474,100.39,-0.15,928.762399576807,1857.524799153614,44.12235026411906,0.047506606896141494,100.24,100.54,-0.6145249029553952,-4.223741481582579,-2.4191331922688732,3.6092165786271835,1.4919455853923291,-1.5384916990147985,0.9712471605273549,-0.2836222692435513,0.0,0.0,0.0,9.2653869743757,1.6548295749265667,3.5267416771289164,3.0711668821965548
2024-03-28 08:43:29,952.9,947.67,951.3426810316498,916.9434183335605,100.53,-0.15,934.1430496826051,1868.2860993652102,34.399262698089274,0.03682440571918053,100.38,100.68,0.5191063227833865,10.242193888813176,5.380650105798168,9.72308756602979,1.807046651947425,1.1336312257387817,14.465935370395755,7.799783298067041,0.14000000000000057,0.0,0.14000000000000057,9.306067347843573,2.0852026091348312,4.161191531602678,3.1823979177323443
2024-03-28 08:43:30,951.6,937.21,951.4070107737374,922.0100637501704,100.53,-0.15,936.7085372619539,1873.4170745239078,29.39694702356701,0.03138323803273164,100.38,100.68,0.06432974208757969,5.066645416609845,2.565487579348769,5.002315674522265,1.9498491300210998,-0.45477658069580684,-5.175548472203332,-2.8151625264493987,0.0,0.0,0.0,9.331625103908436,3.0111002734454737,5.776789140104147,3.2949012420243093
2024-03-28 08:43:31,954.21,930.67,952.107758080303,924.1750478126278,100.67,-0.15,938.1414029464654,1876.2828058929308,27.932710267675247,0.029774520291046887,100.52,100.82000000000001,0.7007473065656313,2.1649840624573926,1.432865684511512,1.4642367558917613,1.0218932240656735,0.6364175644780516,-2.901661354152452,-1.132621894837257,0.14000000000000057,0.0,0.14000000000000057,9.332882944822748,3.8619310109806997,6.981068504839029,3.291806115642783
2024-03-28 08:43:32,952.9,937.21,952.3058185602273,927.4337858594708,100.67,-0.15,939.869802209849,1879.739604419698,24.87203270075645,0.026463274610816663,100.52,100.82000000000001,0.19806047992426556,3.258738046843064,1.7283992633836078,3.060677566918798,1.770815262968691,-0.5026868266413658,1.0937539843856712,0.29553357887209586,0.0,0.0,0.0,9.350077525465297,4.323372012302993,7.52877567024871,2.798597434036236
2024-03-28 08:43:33,956.83,964.67,953.4368639201705,936.7428393946032,100.81,-0.15,945.0898516573868,1890.1797033147736,16.69402452556733,0.017663954891301993,100.66,100.96000000000001,1.1310453599431867,9.309053535132307,5.220049447537804,8.17800817518912,1.5666530922218438,0.9329848800189211,6.050315488289243,3.491650184154196,0.14000000000000057,0.0,0.14000000000000057,9.388931474949885,4.098823454331961,6.548365191402861,1.9042956775634825
2024-03-28 08:43:34,952.9,955.52,953.3026479401279,941.4371295459524,100.81,-0.15,947.3698887430402,1894.7397774860804,11.865518394175524,0.012524694443681197,100.66,100.96000000000001,-0.13421598004254065,4.694290151349264,2.280037085653362,4.828506131391805,2.117730472036462,-1.2652613399857273,-4.614763383783043,-2.940012361884442,0.0,0.0,0.0,9.41158234980586,4.588516010040813,7.564814047101114,1.5066374517342358
2024-03-28 08:43:35,960.75,946.37,955.164485955096,942.6703471594643,100.92,-0.15,948.9174165572801,1897.8348331145603,12.49413879563167,0.013166729332247164,100.77,101.07000000000001,1.8618380149680434,1.233217613511897,1.5475278142399702,0.6286204014561463,0.4062091740533293,1.996053995010584,-3.4610725378373672,-0.7325092714133916,0.10999999999999943,0.0,0.10999999999999943,9.416665745168348,4.691262767465149,7.2896848801516585,1.5867773186940355
2024-03-28 08:43:36,955.52,913.66,955.253364466322,935.4177603695982,100.92,-0.15,945.3355624179601,1890.6711248359202,19.835604096723728,0.020982606456702017,100.77,101.07000000000001,0.08887851122597112,-7.252586789866086,-3.5818541393200576,7.341465301092057,2.049626524674497,-1.7729595037420722,-8.485804403377983,-5.129381953560028,0.0,0.0,0.0,9.381120899442683,3.4242245489365875,5.4002994316103266,3.1744363543513834
2024-03-28 08:43:37,964.67,916.28,957.6075233497415,930.6333202771987,101.06,-0.15,944.1204218134701,1888.2408436269402,26.974203072542878,0.02857072299332325,100.91,101.21000000000001,2.3541588834195863,-4.784440092399564,-1.2151406044899886,7.13859897581915,5.874705424817807,2.265280372193615,2.4681466974665227,2.366713534830069,0.14000000000000057,0.0,0.14000000000000057,9.356063942695533,1.9398293193960097,6.177474632725297,3.3739820703305416
2024-03-28 08:43:38,955.52,922.82,957.0856425123062,928.6799902078991,101.06,-0.15,942.8828163601027,1885.7656327202053,28.405652304407113,0.030126386631944023,100.91,101.21000000000001,-0.521880837435333,-1.953330069299568,-1.2376054533674505,1.4314492318642351,1.156627155562538,-2.8760397208549193,2.8311100230999955,-0.022464848877461918,0.0,0.0,0.0,9.34379949476071,2.434210489920821,7.774849892724714,2.369447378048252
2024-03-28 08:43:39,977.75,916.28,962.2517318842297,925.5799926559243,101.14,-0.15,943.915862270077,1887.831724540154,36.67173922830534,0.03885064406191961,100.99,101.29,5.166089371923476,-3.0999975519747522,1.033045909974362,8.266086923898229,8.001656889040378,5.687970209358809,-1.1466674826751841,2.2706513633418126,0.0799999999999983,0.0,0.0799999999999983,9.346626922699773,2.3390335249051253,9.147628693467105,2.0563243564078477
2024-03-28 08:43:40,954.21,980.36,960.2412989131723,939.2749944919433,101.14,-0.15,949.7581467025577,1899.5162934051154,20.966304421228983,0.02207541411668431,100.99,101.29,-2.010432971057412,13.695001836018946,5.84228443248071,15.705434807076358,2.688234765073371,-7.176522342980888,16.7949993879937,4.809238522506348,0.0,0.0,0.0,9.404477050183987,2.691601962816772,6.751511401356107,3.56707228791817
2024-03-28 08:43:41,992.12,921.51,968.2109741848792,934.8337458689575,101.14,-0.15,951.5223600269184,1903.0447200538367,33.377228315921684,0.03507771302389545,100.99,101.29,7.969675271706933,-4.441248622985768,1.7642133243606395,12.4109238946927,7.0348164184589566,9.980108242764345,-18.136250459004714,-4.078071108120071,0.0,0.0,0.0,9.421946238290644,3.912983217525455,6.054415774531035,2.9010713931242624
2024-03-28 08:43:42,955.52,916.28,965.0382306386595,930.1953094017181,101.2,-0.15,947.6167700201888,1895.2335400403776,34.84292123694138,0.03676900019343268,101.05,101.35000000000001,-3.172743546219749,-4.638436467239444,-3.9055900067295397,1.465692921019695,0.3752806984894805,-11.142418817926682,-0.1971878442536763,-5.669803331090179,0.060000000000002274,0.0,0.060000000000002274,9.377701738174045,3.7015454403135672,6.322285706508423,3.628096274160819
2024-03-28 08:43:43,954.21,925.44,962.3311729789946,929.0064820512886,101.2,-0.15,945.6688275151416,1891.3376550302833,33.324690927706,0.03523928242409274,101.05,101.35000000000001,-2.7070576596648834,-1.1888273504295057,-1.9479425050471946,1.5182303092353777,0.7794016126759252,0.46568588655486565,3.4496091168099383,1.9576475016823451,0.0,0.0,0.0,9.358424721986314,3.0536300625144666,6.228318692091163,3.735226283922029
2024-03-28 08:43:44,958.14,921.51,961.2833797342458,927.1323615384665,101.34,-0.15,944.2078706363561,1888.4157412727122,34.15101819577933,0.0361689615408459,101.19,101.49000000000001,-1.047793244748732,-1.87412051282206,-1.4609568787855096,0.826327268073328,0.565606496992406,1.6592644149161515,-0.6852931623925542,0.48698562626168496,0.14000000000000057,0.0,0.14000000000000057,9.331039246025465,2.964749060209194,5.8282684266819,3.821327994688782
2024-03-28 08:43:45,956.83,930.67,960.1700348006843,928.01677115385,101.34,-0.15,944.0934029772671,1888.1868059545343,32.153263646834375,0.03405729084789644,101.19,101.49000000000001,-1.1133449335615069,0.8844096153834471,-0.11446765908897305,1.997754548944954,17.452415052684067,-0.06555168881277496,2.758530128205507,1.3464892196965366,0.0,0.0,0.0,9.329908030905813,3.087614651370628,1.007768552651603,2.114840154095057
2024-03-28 08:43:46,959.44,922.82,959.9875261005133,926.7175783653876,101.45,-0.15,943.3525522329504,1886.7051044659008,33.2699477351257,0.03526777727065743,101.3,101.60000000000001,-0.1825087001710699,-1.299192788462392,-0.7408507443167309,1.116684088291322,1.5072976433648164,0.930836233390437,-2.183602403845839,-0.6263830852277579,0.10999999999999943,0.0,0.10999999999999943,9.312463404940642,1.6924503621420868,1.01401686064054,1.4487338521586848
2024-03-28 08:43:47,958.14,962.06,959.525644575385,935.5531837740407,101.45,-0.15,947.5394141747129,1895.0788283494257,23.972460801344255,0.025299697740725723,101.3,101.60000000000001,-0.4618815251283195,8.835605408653123,4.186861941762459,9.297486933781443,2.2206332194546756,-0.2793728249572496,10.134798197115515,4.9277126860791896,0.0,0.0,0.0,9.353794716889617,1.6624996810423378,4.198263835458909,2.4504822897230576
2024-03-28 08:43:48,958.14,916.28,959.1792334315387,930.7348878305304,101.54,-0.15,944.9570606310346,1889.914121262069,28.444345601008308,0.03010120433611259,101.39,101.69000000000001,-0.3464111438462396,-4.818295943510293,-2.582353543678323,4.471884799664053,1.7317083010972887,0.11547038128207987,-13.653901352163416,-6.769215485440782,0.09000000000000341,0.0,0.09000000000000341,9.320022204468017,1.6178335497565888,4.198764673409207,2.5881169794112595
2024-03-28 08:43:49,955.52,920.2,958.264425073654,928.1011658728978,101.54,-0.15,943.182795473276,1886.365590946552,30.163259200756215,0.031980289837284855,101.39,101.69000000000001,-0.9148083578846808,-2.633721957632588,-1.7742651577585775,1.718913599747907,0.9688025622488359,-0.5683972140384412,2.184573985877705,0.8080883859197456,0.0,0.0,0.0,9.302522794858993,1.7738198080076804,3.650673394414742,2.6314533268852767
2024-03-28 08:43:50,963.37,920.2,959.5408188052405,926.1258744046734,101.65,-0.15,942.8333466049569,1885.6666932099138,33.41494440056715,0.03544098698401986,101.5,101.80000000000001,1.276393731586495,-1.975291468224441,-0.3494488683190866,3.251685199810936,9.305155029681641,2.191202089471176,0.658430489408147,1.424816289439491,0.10999999999999943,0.0,0.10999999999999943,9.288998397201562,1.9490855918798196,3.905902232246044,2.6315302353672174
2024-03-28 08:43:51,960.75,921.51,959.8431141039304,924.971905803505,101.65,-0.15,942.4075099537176,1884.8150199074353,34.87120830042534,0.037002260588029086,101.5,101.80000000000001,0.30229529868984173,-1.1539686011683443,-0.4258366512392513,1.456263899858186,3.4197631318420068,-0.9740984328966533,0.8213228670560966,-0.07638778292016468,0.0,0.0,0.0,9.284802962255318,2.1118131428824656,4.30169709830361,2.6206492505276158
2024-03-28 08:43:52,959.44,931.98,959.7423355779478,926.7239293526287,101.73,-0.15,943.2331324652882,1886.4662649305765,33.01840622531904,0.03500556230887975,101.58,101.88000000000001,-0.10077852598260506,1.7520235491236917,0.8256225115706002,1.8528020751062968,2.244124651418507,-0.4030738246724468,2.905992150292036,1.2514591628098515,0.0799999999999983,0.0,0.0799999999999983,9.285618460126697,0.971567011824876,2.6123652083677564,1.3316210176998107
2024-03-28 08:43:53,959.44,920.2,959.6667516834608,925.0929470144715,101.73,-0.15,942.3798493489662,1884.7596986979324,34.57380466898928,0.03668775882271517,101.58,101.88000000000001,-0.0755838944869538,-1.630982338157196,-0.853283116322018,1.5553984436702422,1.8228376854998851,0.025194631495651265,-3.3830058872808877,-1.6789056278926182,0.0,0.0,0.0,9.27721835077523,0.40790767970536457,1.8695522215739415,0.9397884369464112
2024-03-28 08:43:54,962.06,921.51,960.2650637625956,924.1972102608536,101.79,-0.15,942.2311370117245,1884.462274023449,36.06785350174198,0.038279199282090774,101.64,101.94000000000001,0.5983120791347574,-0.895736753617939,-0.14871233724170452,1.4940488327526964,10.046501951095426,0.6738959736217112,0.7352455845392569,0.7045707790803135,0.060000000000002274,0.0,0.060000000000002274,9.270278706625795,0.41092633893386704,1.2157855486090856,0.6233338926851514
2024-03-28 08:43:55,962.06,928.05,960.7137978219466,925.1604076956403,101.79,-0.15,942.9371027587935,1885.874205517587,35.55339012630634,0.03770494339928002,101.64,101.94000000000001,0.448734059351068,0.9631974347867072,0.7059657470689444,0.5144633754356391,0.7287359887297876,-0.14957801978368934,1.8589341884046462,0.854678084310649,0.0,0.0,0.0,9.2772244537738,0.4268927560099183,1.1623174000144738,0.7261940837582477
2024-03-28 08:43:56,964.67,959.44,961.70284836646,933.7303057717303,101.87,-0.15,947.7165770690951,1895.4331541381903,27.972542594729703,0.029515725737036026,101.72,102.02000000000001,0.9890505445133613,8.569898076089999,4.77947431030168,7.580847531576637,1.5861254718142137,0.5403164851622932,7.606700641303291,4.0735085632327355,0.0799999999999983,0.0,0.0799999999999983,9.316914743926272,2.2821713398452084,3.2683458145244755,2.187257618526691
2024-03-28 08:43:57,962.06,926.74,961.792136274845,931.9827293287976,101.87,-0.15,946.8874328018213,1893.7748656036426,29.809406946047375,0.03148146852721496,101.72,102.02000000000001,0.08928790838501754,-1.7475764429326546,-0.8291442672738185,1.8368643513176721,2.2153709655211267,-0.8997626361283437,-10.317474519022653,-5.608618577575498,0.0,0.0,0.0,9.308763502684407,2.650821675955122,3.662454528540054,2.3509927573661566
2024-03-28 08:43:58,964.67,924.13,962.5116022061338,930.0195469965983,101.93,-0.15,946.2655746013661,1892.5311492027322,32.49205520953558,0.03433714175736171,101.78,102.08000000000001,0.7194659312888234,-1.9631823321993807,-0.6218582004552218,2.682648263488204,4.313915853499338,0.6301780229038059,-0.21560588926672608,0.20728606681859674,0.060000000000002274,0.0,0.060000000000002274,9.297166096523876,2.462245117198687,3.525508815294437,2.3139951041497056
2024-03-28 08:43:59,962.06,929.36,962.3987016546004,929.8546602474487,101.93,-0.15,946.1266809510246,1892.2533619020492,32.54404140715167,0.034397128870778726,101.78,102.08000000000001,-0.11290055153347112,-0.16488674914955936,-0.13889365034151524,0.05198619761608825,0.3742850965696964,-0.8323664828222945,1.7982955830498213,0.48296455011370654,0.0,0.0,0.0,9.29580145072925,1.8166730095146517,2.9005752832631773,2.313016919836334
2024-03-28 08:44:00,975.13,924.13,965.5815262409503,928.4234951855865,102.04,-0.15,947.0025107132684,1894.0050214265368,37.158031055363836,0.03923752112139537,101.89,102.19000000000001,3.182824586349966,-1.4311650618622025,0.8758297622438249,4.6139896482121685,5.268129240392755,3.295725137883437,-1.2662783127126431,1.0147234125853402,0.10999999999999943,0.0,0.10999999999999943,9.294361580321002,0.6379140529433747,3.4699560649052055,2.3129214951839576
2024-03-28 08:44:01,964.67,933.29,965.3536446807127,929.6401213891899,102.04,-0.15,947.4968830349512,1894.9937660699024,35.71352329152285,0.03769249682324596,101.89,102.19000000000001,-0.22788156023761985,1.2166262036033686,0.49437232168281753,1.4445077638409884,2.9218966729919194,-3.410706146587586,2.647791265465571,-0.3814574405610074,0.0,0.0,0.0,9.29921360031149,0.5620296150242495,2.907823084317715,0.7237589299418475
2024-03-28 08:44:02,1007.8,928.05,975.9652335105345,929.2425910418924,102.1,-0.15,952.6039122762135,1905.207824552427,46.72264246864211,0.049047292182490314,101.94999999999999,102.25,10.611588829821812,-0.3975303472974474,5.107029241262239,11.00911917711926,2.1556792611430233,10.839470390059432,-1.614156550900816,4.612656919579422,0.05999999999998806,0.0,0.05999999999998806,9.343834261229812,2.6884374598627523,5.838655010678329,2.2893012573346008
2024-03-28 08:44:03,964.67,930.67,973.1414251329008,929.5994432814193,102.15,-0.15,951.3704342071601,1902.7408684143202,43.54198185148152,0.04576764238211827,102.0,102.30000000000001,-2.823808377633668,0.3568522395269156,-1.2334780690533762,3.1806606171605836,2.578609314871923,-13.43539720745548,0.754382586824363,-6.3405073103156155,0.05000000000001137,0.0,0.05000000000001137,9.327161028235285,2.8757823195092684,5.832011789872751,2.419817695093645
2024-03-28 08:44:04,963.37,926.74,970.6985688496757,928.8845824610644,102.15,-0.15,949.79157565537,1899.58315131074,41.81398638861128,0.04402438115513358,102.0,102.30000000000001,-2.442856283225183,-0.7148608203549429,-1.5788585517900628,1.7279954628702399,1.0944579971733974,0.3809520944084852,-1.0717130598818585,-0.34538048273668664,0.0,0.0,0.0,9.311682022977333,2.416122955051776,4.5436754685664695,2.6655769202273216
2024-03-28 08:44:05,959.44,956.83,967.8839266372568,935.8709368457983,102.18,-0.15,951.8774317415275,1903.754863483055,32.012989791458494,0.03363142006556141,102.03,102.33000000000001,-2.814642212418903,6.986354384733886,2.0858560861574915,9.800996597152789,4.6987862505997064,-0.3717859291937202,7.701215205088829,3.6647146379475544,0.030000000000001137,0.0,0.030000000000001137,9.329387654730372,2.032241168845588,5.983074525525108,2.735792332339835
2024-03-28 08:44:06,960.75,924.13,966.1004449779425,932.9357026343487,102.18,-0.15,949.5180738061456,1899.0361476122912,33.16474234359384,0.034927973699041784,102.03,102.33000000000001,-1.7834816593142477,-2.935234211449597,-2.3593579353819223,1.151752552135349,0.48816334592553573,1.0311605531046553,-9.921588596183483,-4.445214021539414,0.0,0.0,0.0,9.306263496029423,1.335180269976467,6.519924313177181,3.130348750427085
2024-03-28 08:44:07,964.67,926.74,965.7428337334569,931.3867769757614,102.24,-0.15,948.5648053546092,1897.1296107092185,34.356056757695455,0.03621898738761753,102.08999999999999,102.39,-0.35761124448561077,-1.5489256585872226,-0.9532684515363599,1.1913144141016119,1.2497142462517823,1.425870414828637,1.3863085528623742,1.4060894838455624,0.05999999999998806,0.0,0.05999999999998806,9.291456519376558,1.3680639891714828,5.3042310653067695,1.701284202350583
2024-03-28 08:44:08,962.06,928.05,964.8221253000927,930.5525827318211,102.24,-0.15,947.6873540159569,1895.3747080319138,34.26954256827162,0.03616123227442936,102.08999999999999,102.39,-0.9207084333642115,-0.8341942439403738,-0.8774513386523495,0.0865141894238377,0.0985970241491544,-0.5630971888786007,0.7147314146468489,0.07581711288401038,0.0,0.0,0.0,9.282861639074302,1.5729797246848367,3.8598194857081816,1.6864004165234117
2024-03-28 08:44:09,959.44,924.13,963.4765939750695,928.9469370488658,102.29,-0.15,946.2117655119677,1892.4235310239353,34.52965692620364,0.03649252540315658,102.14,102.44000000000001,-1.3455313250232166,-1.6056456829552417,-1.4755885039892291,0.2601143579320251,0.17627826521455373,-0.4248228916590051,-0.7714514390148679,-0.5981371653368797,0.05000000000001137,0.0,0.05000000000001137,9.263870728882877,2.1198183604752994,1.0688832312761978,1.6740938125110618
2024-03-28 08:44:10,959.44,937.21,962.4674454813021,931.0127027866494,102.29,-0.15,946.7400741339757,1893.4801482679513,31.454742694652737,0.03322426452709472,102.14,102.44000000000001,-1.009148493767384,2.065765737783522,0.5283086220080122,3.074914231550906,5.820288148195553,0.33638283125583257,3.671411420738764,2.0038971259972413,0.0,0.0,0.0,9.269043125758103,1.339764613495573,1.2908912530206826,1.0515695715531825
2024-03-28 08:44:11,965.98,930.67,963.3455841109766,930.9270270899871,102.38,-0.15,947.1363056004818,1894.2726112009636,32.41855702098951,0.03422797415226128,102.22999999999999,102.53,0.8781386296744813,-0.08567569666229247,0.39623146650615126,0.9638143263367738,2.4324466261822875,1.8872871234418653,-2.1514414344458146,-0.13207715550186094,0.0899999999999892,0.0,0.0899999999999892,9.264758841198505,0.9040523115376591,1.3868459529998785,0.8884745977711099
2024-03-28 08:44:12,962.06,935.9,963.0241880832324,932.1702703174903,102.38,-0.15,947.5972292003614,1895.1944584007229,30.85391776574204,0.032560160353379504,102.22999999999999,102.53,-0.32139602774418563,1.2432432275032852,0.4609235998796066,1.5646392552474708,3.394566607328301,-1.199534657418667,1.3289189241655777,0.06469213337345536,0.0,0.0,0.0,9.269267533317949,0.6141675748143679,1.6468807100559975,0.9231199139356109
2024-03-28 08:44:13,959.44,930.67,962.1281410624243,931.7952027381177,102.46,-0.15,946.9616719002711,1893.9233438005422,30.33293832430661,0.03203185428973651,102.30999999999999,102.61,-0.8960470208080551,-0.3750675793726259,-0.6355573000903405,0.5209794414354292,0.8197193575496934,-0.5746509930638695,-1.6183108068759111,-1.0964808999699471,0.0799999999999983,0.0,0.0799999999999983,9.25580747379986,0.5100712658423203,1.653073506572715,0.8838172249200954
2024-03-28 08:44:14,963.37,964.67,962.4386057968183,940.0139020535883,102.46,-0.15,951.2262539252033,1902.4525078504066,22.424703743229998,0.02357452144231794,102.30999999999999,102.61,0.31046473439391775,8.21869931547053,4.264582024932224,7.908234581076613,1.8543980817918995,1.2065117552019728,8.593766894843156,4.900139325022565,0.0,0.0,0.0,9.29749041762988,1.868122948916399,4.028822561558519,1.8848165732931415
2024-03-28 08:44:15,963.37,933.29,962.6714543476137,938.3329265401912,102.55,-0.15,950.5021904439025,1901.004380887805,24.33852780742245,0.025605967063000595,102.39999999999999,102.7,0.2328485507954383,-1.6809755133970157,-0.7240634813008455,1.913824064192454,2.6431679962454457,-0.07761618359847944,-9.899674828867546,-4.98864550623307,0.09000000000000341,0.0,0.09000000000000341,9.282247862906784,2.0193880045902297,4.403811450804603,2.0404415556515567
2024-03-28 08:44:16,965.98,951.6,963.4985907607103,941.6496949051434,102.55,-0.15,952.5741428329268,1905.1482856658536,21.848895855566866,0.02293668791770079,102.39999999999999,102.7,0.8271364130965821,3.3167683649521678,2.071952389024318,2.4896319518555856,1.2015868527949618,0.5942878623011438,4.997743878349183,2.7960158703251636,0.0,0.0,0.0,9.302481772758252,2.4045586203639173,4.3330615464217495,2.1039417392137696
2024-03-28 08:44:17,969.9,933.29,965.0989430705328,939.5597711788575,102.63,-0.15,952.3293571246952,1904.6587142493904,25.53917189167521,0.02681758330118726,102.47999999999999,102.78,1.6003523098224832,-2.0899237262858605,-0.24478570823157497,3.6902760361083438,15.075475554895084,0.7732158967259011,-5.406692091238028,-2.316738097255893,0.0799999999999983,0.0,0.0799999999999983,9.292831262996332,2.261450419169531,3.3792339714215727,2.1788277043465905
2024-03-28 08:44:18,960.75,921.51,964.0117073028996,935.0473283841432,102.63,-0.15,949.5295178435214,1899.0590356870428,28.964378918756438,0.030503926780531876,102.47999999999999,102.78,-1.0872357676331603,-4.512442794714389,-2.7998392811738313,3.4252070270812283,1.2233580072807626,-2.6875880774556435,-2.422519068428528,-2.5550535729422563,0.0,0.0,0.0,9.2655104271859,1.268526715694381,2.8414796508373397,2.719566507755295
2024-03-28 08:44:19,971.21,926.74,965.8112804771747,932.9704962881074,102.69,-0.15,949.390888382641,1898.781776765282,32.840784189067335,0.03459142546693561,102.53999999999999,102.84,1.7995731742751104,-2.076832096035787,-0.13862946088033823,3.8764052703108973,27.962146599634384,2.8868089419082708,2.4356106986786017,2.661209820293493,0.060000000000002274,0.0,0.060000000000002274,9.258736874623603,1.5127507391924975,4.280587718279341,1.7365036325296508
2024-03-28 08:44:20,967.29,930.67,966.1809603578811,932.3953722160805,102.69,-0.15,949.2881662869809,1898.5763325739617,33.78558814180053,0.035590444825998505,102.53999999999999,102.84,0.3696798807063715,-0.5751240720268243,-0.10272209566016954,0.9448039527331957,9.1975806089296,-1.429893293568739,1.5017080240089626,0.035907365220168685,0.0,0.0,0.0,9.25773509878336,1.6743800780072,4.9988331904030145,1.7267748674469081
2024-03-28 08:44:21,964.67,934.59,965.8032202684108,932.9440291620605,102.74,-0.15,949.3736247152356,1898.7472494304711,32.859191106350295,0.03461144297282849,102.58999999999999,102.89,-0.3777400894703078,0.5486569459799284,0.08545842825469663,0.9263970354502362,10.840196972641504,-0.7474199701766793,1.1237810180067527,0.18818052391486617,0.04999999999999716,0.0,0.04999999999999716,9.254056101580852,1.314891986222411,3.4772330275208527,1.2132013330796776
2024-03-28 08:44:22,965.98,926.74,965.8474152013081,931.3930218715454,102.74,-0.15,948.6202185364268,1897.2404370728536,34.45439332976264,0.03632053441428843,102.58999999999999,102.89,0.044194932897312356,-1.551007290515031,-0.7534061788087456,1.5952022234123433,2.1173175253448036,0.42193502236762015,-2.0996642364949594,-0.8388646070634422,0.0,0.0,0.0,9.24671224573267,0.35738331535877754,2.1322207456699633,1.1929220591257852
2024-03-28 08:44:23,972.52,939.83,967.515561400981,933.5022664036591,102.8,-0.15,950.50891390232,1901.01782780464,34.013294997321964,0.035784298773060295,102.64999999999999,102.95,1.6681461996729468,2.109244532113621,1.888695365893227,0.4410983324406743,0.23354645056039186,1.6239512667756344,3.660251822628652,2.6421015447019727,0.060000000000002274,0.0,0.060000000000002274,9.259706815807242,0.6790477748219617,0.7176372795891308,0.9974994770345004
2024-03-28 08:44:24,969.9,933.29,968.1116710507358,933.4491998027443,102.8,-0.15,950.78043542674,1901.56087085348,34.66247124799156,0.03645686208927627,102.64999999999999,102.95,0.5961096497547942,-0.05306660091480353,0.27152152441999533,0.6491762506695977,2.3908743926726377,-1.0720365499181526,-2.1623111330284246,-1.6171738414732317,0.0,0.0,0.0,9.262351935356923,0.9031500204023561,0.7040605584271745,0.9798216378480586
2024-03-28 08:44:25,973.82,939.83,969.5387532880519,935.0443998520582,102.88,-0.15,952.291576570055,1904.58315314011,34.49435343599373,0.03622247035305336,102.72999999999999,103.03,1.4270822373160854,1.5952000493139167,1.5111411433149442,0.16811781199783127,0.11125214973426431,0.8309725875612912,1.6482666502287202,1.2396196188949489,0.0799999999999983,0.0,0.0799999999999983,9.269848800741812,1.4070855784368272,0.7322148807709259,1.0834287039211636
2024-03-28 08:44:26,969.9,934.59,969.629064966039,934.9307998890437,102.88,-0.15,952.2799324275413,1904.5598648550827,34.69826507699531,0.036437043204413475,102.72999999999999,103.03,0.09031167798707429,-0.11359996301450792,-0.011644142513659972,0.2039116410015822,17.510446159193847,-1.3367705593290111,-1.7088000123284246,-1.5227852858286042,0.0,0.0,0.0,9.269735453692261,1.5170097875467432,0.2731382606725543,1.0957729270918504
2024-03-28 08:44:27,967.29,971.21,969.0442987245292,944.0005999167828,102.94,-0.15,956.522449320656,1913.044898641312,25.04369880774641,0.0261820292867679,102.78999999999999,103.09,-0.584766241509783,9.06980002773912,4.2425168931147255,9.654566269248903,2.275668957087372,-0.6750779194968572,9.183399990753628,4.254161035628385,0.060000000000002274,0.0,0.060000000000002274,9.305598210089094,2.4078294867131786,4.223109740474112,1.690745144852111
2024-03-28 08:44:28,969.9,931.98,969.2582240433969,940.9954499375871,102.94,-0.15,955.1268369904919,1910.2536739809839,28.262774105809854,0.02959059779460537,102.78999999999999,103.09,0.21392531886772304,-3.0051499791957212,-1.3956123301641128,3.2190752980634443,2.3065667463099593,0.798691560377506,-12.074950006934841,-5.638129223278838,0.0,0.0,0.0,9.292020894040968,2.349304570974777,4.509346543772389,2.123620005680944
2024-03-28 08:44:29,972.52,922.82,970.0736680325477,936.4515874531903,103.0,-0.15,953.262627742869,1906.525255485738,33.62208057935743,0.0352705325537592,102.85,103.15,0.8154439891508218,-4.5438624843967546,-1.8642092476229664,5.359306473547576,2.874840153025212,0.6015186702830988,-1.5387125052010333,-0.46859691745885357,0.060000000000002274,0.0,0.060000000000002274,9.268474657018904,1.8708422397847446,4.3440045244978975,2.4735292036691856
2024-03-28 08:44:30,967.29,937.21,969.3777510244108,936.6411905898927,103.0,-0.15,953.0094708071517,1906.0189416143035,32.73656043451808,0.03435071885743289,102.85,103.15,-0.6959170081369166,0.18960313670243067,-0.25315693571724296,0.8855201448393473,3.497896055798156,-1.5113609972877384,4.733465621099185,1.6110523119057234,0.0,0.0,0.0,9.266013238124827,1.7398207399848724,4.076057700692199,2.4178042247263516
2024-03-28 08:44:31,976.44,928.05,971.1433132683081,934.4933929424196,103.08,-0.15,952.8183531053639,1905.6367062107279,36.6499203258885,0.03846475056654472,102.92999999999999,103.23,1.7655622438973069,-2.147797647473112,-0.19111770178778897,3.913359891370419,20.476069870523016,2.4614792520342235,-2.337400784175543,0.062039233929453985,0.0799999999999983,0.0,0.0799999999999983,9.256954666748367,1.6158763131213647,4.5944699059731855,2.422013342664017
2024-03-28 08:44:32,971.21,937.21,971.1599849512311,935.1725447068147,103.08,-0.15,953.1662648290229,1906.3325296580458,35.98744024441635,0.03775567971146778,102.92999999999999,103.23,0.016671682922947184,0.679151764395101,0.3479117236589673,0.6624800814721539,1.904155946080125,-1.7488905609743597,2.8269494118682132,0.5390294254467562,0.0,0.0,0.0,9.260334747582709,0.9376663539543137,3.3212948491640892,0.9208517801675881
2024-03-28 08:44:33,975.13,929.36,972.1524887134233,933.7194085301111,103.11,-0.15,952.9359486217672,1905.8718972435345,38.4330801833122,0.040331231284292286,102.96,103.26,0.9925037621922002,-1.4531361767036515,-0.23031620725566881,2.4456399388958516,10.61857239429364,0.975832079269253,-2.1322879410987525,-0.5782279309146361,0.030000000000001137,0.0,0.030000000000001137,9.255399566495413,0.1777506857870359,2.3089525662615444,0.8351617033399763
2024-03-28 08:44:34,971.21,942.44,971.9168665350675,935.8995563975833,103.11,-0.15,953.9082114663254,1907.8164229326508,36.01731013748417,0.03775762664246446,102.96,103.26,-0.23562217835581123,2.180147867472215,0.9722628445581449,2.415770045828026,2.4846856739035657,-1.2281259405480114,3.6332840441758663,1.2025790518138137,0.0,0.0,0.0,9.26484267872458,0.4327665970197729,2.0607400061846737,0.5330670461894291
2024-03-28 08:44:35,975.13,933.29,972.7201499013006,935.2471672981875,103.16,-0.15,953.9836585997441,1907.9673171994882,37.47298260311311,0.039280528786871854,103.00999999999999,103.31,0.8032833662331313,-0.6523890993958048,0.07544713341872011,1.4556724656289362,19.293684279109762,1.0389055445889426,-2.8325369668680196,-0.8968157111394248,0.04999999999999716,0.0,0.04999999999999716,9.261078044254598,0.5477657283931792,1.0431146563168145,0.49289781814363337
2024-03-28 08:44:36,971.21,938.52,972.3426124259754,936.0653754736406,103.16,-0.15,954.203993949808,1908.407987899616,36.27723695233476,0.03801832432512817,103.00999999999999,103.31,-0.3775374753251981,0.8182081754531509,0.22033535006391958,1.195745650778349,5.426910495846297,-1.1808208415583294,1.4705972748489557,0.14488821664519946,0.0,0.0,0.0,9.263217014722755,0.5541300422752953,1.0792267927833044,0.4443036653469726
2024-03-28 08:44:37,976.44,935.9,973.3669593194816,936.0240316052306,103.19,-0.15,954.6954954623561,1909.3909909247122,37.342927714251005,0.03911501400459727,103.03999999999999,103.34,1.0243468935061628,-0.041343868410081086,0.4915015125480977,1.065690761916244,2.1682305475741734,1.401884368831361,-0.859552043863232,0.27116616248417813,0.030000000000001137,0.0,0.030000000000001137,9.265290044614385,0.6425248646172175,0.9777537955020308,0.454545102688978
2024-03-28 08:44:38,969.9,942.44,972.5002194896111,937.628023703923,103.19,-0.15,955.0641215967671,1910.1282431935342,34.87219578568818,0.03651293662971297,103.03999999999999,103.34,-0.8667398298704256,1.6039920986924017,0.368626134410988,2.4707319285628273,6.702523221766336,-1.8910867233765885,1.6453359671024828,-0.12287537813710969,0.0,0.0,0.0,9.268867549766107,0.4944219893785132,1.0649004851011126,0.3432090823540605
2024-03-28 08:44:39,975.13,930.67,973.1576646172084,935.8885177779423,103.25,-0.15,954.5230911975754,1909.0461823951507,37.269146839266114,0.03904478282810556,103.1,103.4,0.6574451275972706,-1.7395059259806658,-0.5410303991917544,2.3969510535779364,4.430336311642422,1.5241849574676962,-3.3434980246730674,-0.9096565336027425,0.060000000000002274,0.0,0.060000000000002274,9.25822581900436,0.4216151034169178,1.10003227138473,0.40273979698625345
2024-03-28 08:44:40,975.13,989.51,973.6507484629063,949.2938883334568,103.25,-0.15,961.4723183981816,1922.9446367963633,24.3568601294495,0.025332877128168695,103.1,103.4,0.4930838456979245,13.405370555514537,6.949227200606288,12.912286709816613,1.8580893211551286,-0.16436128189934607,15.144876481495203,7.490257599798042,0.0,0.0,0.0,9.325628604001485,3.0793842974636414,5.49536997796538,3.0738605243831736
2024-03-28 08:44:41,975.13,933.29,974.0205613471798,945.2929162500926,103.33,-0.15,959.6567387986362,1919.3134775972724,28.727645097087134,0.029935334068632736,103.17999999999999,103.48,0.36981288427341497,-4.000972083364218,-1.8155795995454582,4.370784967637633,2.407375893271764,-0.12327096142450955,-17.406342638878755,-8.764806800151746,0.0799999999999983,0.0,0.0799999999999983,9.300801797808049,3.2488238761277195,5.752531306192345,3.402637783665239
2024-03-28 08:44:42,969.9,931.98,972.9904210103848,941.9646871875694,103.33,-0.15,957.4775540989772,1914.9551081979544,31.02573382281537,0.03240361474542153,103.17999999999999,103.48,-1.0301403367949433,-3.328229062523178,-2.179184699659004,2.2980887257282347,1.0545630535698893,-1.3999532210683583,0.6727430208410397,-0.36360510011354563,0.0,0.0,0.0,9.27968157413545,2.963551533203742,5.081298488864308,3.7154260519979685
2024-03-28 08:44:43,972.52,934.59,972.8728157577885,940.1210153906771,103.33,-0.15,956.4969155742328,1912.9938311484657,32.7518003671114,0.03424140715938164,103.17999999999999,103.48,-0.1176052525962632,-1.8436717968922949,-0.9806385247443359,1.7260665442960317,1.7601437640870505,0.9125350841986801,1.4845572656308832,1.198546174914668,0.0,0.0,0.0,9.270177421051129,2.7108579371768773,4.783189457054117,3.780896719557741
2024-03-28 08:44:44,964.67,931.98,970.8221118183415,938.0857615430078,103.36,-0.15,954.4539366806746,1908.9078733613492,32.73635027533362,0.03429851246135883,103.21,103.51,-2.0507039394470894,-2.03525384766931,-2.0429788935582565,0.015450091777779562,0.007562527573812853,-1.9330986868508262,-0.19158205077701496,-1.0623403688139206,0.030000000000001137,0.0,0.030000000000001137,9.247688474304681,2.732644706973597,3.519367997054866,3.920184693654616
2024-03-28 08:44:45,972.52,937.21,971.2465838637561,937.8668211572559,103.36,-0.15,954.556702510506,1909.113405021012,33.37976270650017,0.034968863121218226,103.21,103.51,0.4244720454146318,-0.21894038575192099,0.10276582983146909,0.6434124311665528,6.260895974135889,2.475175984861721,1.8163134619173888,2.1457447233897256,0.0,0.0,0.0,9.248684170737544,2.1725202795352283,1.8900062724353313,0.9521032123485578
2024-03-28 08:44:46,972.52,928.05,971.564937897817,935.4126158679419,103.36,-0.15,953.4887768828794,1906.9775537657588,36.15232202987511,0.03791583379738092,103.21,103.51,0.318354034060917,-2.454205289314018,-1.0679256276266642,2.772559323374935,2.5962076903509823,-0.10611801135371479,-2.235264903562097,-1.1706914574581333,0.0,0.0,0.0,9.238337056918345,1.6373038686155261,1.8635574013636629,0.925545211489272
2024-03-28 08:44:47,975.13,937.21,972.4562034233628,935.8619619009564,103.45,-0.15,954.1590826621596,1908.3181653243191,36.59424152240638,0.03835234831277187,103.3,103.60000000000001,0.8912655255458048,0.44934603301453535,0.6703057792801701,0.4419194925312695,0.6592794615710713,0.5729114914848878,2.9035513223285534,1.7382314069068343,0.09000000000000341,0.0,0.09000000000000341,9.236777090274758,1.1231531567905335,1.896099899432057,1.0645773738908944
2024-03-28 08:44:48,972.52,934.59,972.4721525675221,935.5439714257174,103.45,-0.15,954.0080619966197,1908.0161239932395,36.92818114180477,0.0387084581086351,103.3,103.60000000000001,0.015949144159321804,-0.3179904752390712,-0.15102066553981786,0.333939619398393,2.211203393928586,-0.875316381386483,-0.7673365082536066,-0.821326444819988,0.0,0.0,0.0,9.235315128376618,0.42244435059014424,1.950097587208695,1.0674768585834127
2024-03-28 08:44:49,975.13,942.44,973.1366144256416,937.2679785692881,103.45,-0.15,955.2022964974649,1910.4045929949298,35.868635856353535,0.037550826615813,103.3,103.60000000000001,0.6644618581194663,1.7240071435707023,1.1942345008451412,1.059545285451236,0.8872163695530848,0.6485127139601445,2.0419976188097735,1.345255166384959,0.0,0.0,0.0,9.246875965639777,0.6406551109796956,1.4043522655771496,0.8569321153117946
2024-03-28 08:44:50,971.21,937.21,972.6549608192312,937.253483926966,103.45,-0.15,954.9542223730987,1909.9084447461973,35.40147689226512,0.037071386277783745,103.3,103.60000000000001,-0.48165360641041843,-0.014494642322006257,-0.24807412436621235,0.4671589640884122,1.883135059518442,-1.1461154645298848,-1.7385017858927085,-1.4423086252113535,0.0,0.0,0.0,9.244474473655607,0.704590398706611,0.5989116277005065,0.8758873545234358
2024-03-28 08:44:51,975.13,935.9,973.2737206144234,936.9151129452246,103.5,-0.15,955.094416779824,1910.188833559648,36.35860766919882,0.03806807682293511,103.35,103.65,0.6187597951922044,-0.33837098174149105,0.1401944067252998,0.9571307769336954,6.827119370673151,1.1004134016026228,-0.3238763394194848,0.38826853109151216,0.04999999999999716,0.0,0.04999999999999716,9.241358563507164,0.5573425746053762,0.6028480424511814,0.6049571202346893
2024-03-28 08:44:52,969.9,938.52,972.4302904608176,937.3163347089184,103.5,-0.15,954.873312584868,1909.746625169736,35.1139557518992,0.036773418266420436,103.35,103.65,-0.8434301536058229,0.4012217636937976,-0.2211041949559558,1.2446519172996204,5.62922964133681,-1.4621899487980272,0.7395927454352886,-0.3612986016812556,0.0,0.0,0.0,9.239219190572316,0.4746966370356263,0.7295569835479752,0.6076719336564212
2024-03-28 08:44:53,965.98,941.13,970.8177178456132,938.2697510316888,103.5,-0.15,954.543734438651,1909.087468877302,32.547966813924404,0.03409793140485838,103.35,103.65,-1.6125726152043853,0.9534163227704084,-0.3295781462170453,2.5659889379747938,7.78565321085259,-0.7691424615985625,0.5521945590766109,-0.1084739512610895,0.0,0.0,0.0,9.236030239019069,0.2520490302262978,1.480716442732232,0.6339383077884623
2024-03-28 08:44:54,1009.11,939.83,980.3907883842099,938.6598132737665,103.53,-0.15,959.5253008289883,1919.0506016579766,41.73097511044341,0.04349127118471851,103.38,103.68,9.573070538596767,0.39006224207776086,4.981566390337321,9.183008296519006,1.8433973841910005,11.185643153801152,-0.5633540806926476,5.311144536554366,0.030000000000001137,0.0,0.030000000000001137,9.281536966022939,2.093322133593961,3.38255225409736,2.308518706530914
2024-03-28 08:44:55,975.13,975.13,979.0755912881575,947.777359955325,103.56,-0.15,963.4264756217412,1926.8529512434825,31.29823133283253,0.032486372434542075,103.41,103.71000000000001,-1.3151970960524295,9.117546681558451,3.901174792752954,10.432743777610881,2.674256258072589,-10.888267634649196,8.72748443948069,-1.0803915975843665,0.030000000000001137,0.0,0.030000000000001137,9.31656963838286,3.8939218649717633,4.063253024686358,2.542465178438573
2024-03-28 08:44:56,971.21,939.83,977.1091934661181,945.7905199664938,103.56,-0.15,961.4498567163059,1922.8997134326119,31.31867349962431,0.03257442210664457,103.41,103.71000000000001,-1.9663978220394256,-1.986839988831207,-1.9766189054353163,0.020442166791781347,0.010341981650376688,-0.6512007259869961,-11.104386670389658,-5.87779369818827,0.0,0.0,0.0,9.297455250158116,3.952220065920786,4.381737054432869,3.0008905438435676
2024-03-28 08:44:57,967.29,929.36,974.6543950995886,941.6828899748704,103.56,-0.15,958.1686425372295,1916.337285074459,32.97150512471819,0.034410962357313966,103.41,103.71000000000001,-2.4547983665295305,-4.107629991623412,-3.2812141790764144,1.6528316250938815,0.5037254598947439,-0.48840054449010495,-2.120790002792205,-1.3045952736410982,0.0,0.0,0.0,9.265725106580645,3.3736877274036168,4.3994239642310164,3.6278553963300326
2024-03-28 08:44:58,972.52,942.44,974.1207963246915,941.8721674811528,103.59,-0.15,957.9964819029221,1915.9929638058443,32.248628843538654,0.03366257540509838,103.44,103.74000000000001,-0.5335987748970865,0.1892775062824512,-0.1721606343073745,0.7228762811795377,4.198823298162508,1.921199591632444,4.296907497905863,3.10905354476904,0.030000000000001137,0.0,0.030000000000001137,9.261373478746604,2.3114860518437275,4.425630523747318,3.6177998674900804
2024-03-28 08:44:59,969.9,938.52,973.0655972435186,941.0341256108646,103.59,-0.15,957.0498614271917,1914.0997228543833,32.03147163265396,0.03346896843119371,103.44,103.74000000000001,-1.0551990811728729,-0.8380418702881798,-0.9466204757304695,0.21715721088469309,0.22940237090767632,-0.5216003062757864,-1.027319376570631,-0.774459841423095,0.0,0.0,0.0,9.252222082124609,2.701179324190088,0.6999743091861829,2.719959701566896
2024-03-28 08:45:00,972.52,945.06,972.9291979326389,942.0405942081485,103.59,-0.15,957.4848960703937,1914.9697921407874,30.888603724490395,0.03226014720336574,103.44,103.74000000000001,-0.13639931087971036,1.006468597283856,0.435034643202016,1.1428679081635664,2.627067289824013,0.9187997702931625,1.8445104675720359,1.3816551189324855,0.0,0.0,0.0,9.256427753421946,1.7445475168868878,0.8135531474491282,1.477150975963656
2024-03-28 08:45:01,965.98,945.06,971.1918984494791,942.7954456561114,103.59,-0.15,956.9936720527953,1913.9873441055906,28.396452793367757,0.029672560637505056,103.44,103.74000000000001,-1.7372994831597453,0.754851447962892,-0.49122401759836976,2.4921509311226373,5.073338779256239,-1.600900172280035,-0.251617149320964,-0.9262586608003858,0.0,0.0,0.0,9.25167887472077,0.535094698675792,1.7908406733087212,1.4275097130352172
2024-03-28 08:45:02,967.29,945.06,970.2164238371093,943.3615842420835,103.59,-0.15,956.7890040395964,1913.5780080791928,26.85483959502585,0.028067671611584282,103.44,103.74000000000001,-0.9754746123697942,0.5661385859721122,-0.20466801319889782,1.5416131983419064,7.532225685984829,0.7618248707899511,-0.18871286199077986,0.28655600439947193,0.0,0.0,0.0,9.249700258989716,0.48214912039045493,2.366481747210488,0.5043546133737151
2024-03-28 08:45:03,971.21,938.52,970.464817877832,942.1511881815626,103.61,-0.15,956.3080030296974,1912.6160060593947,28.31362969626946,0.029607228609361512,103.46,103.76,0.248394040722701,-1.2103960605209068,-0.48100100989904604,1.4587901012436078,3.032814980440066,1.2238686530924952,-1.776534646493019,-0.2763329967001482,0.01999999999999602,0.0,0.01999999999999602,9.243263036791364,0.42806832414587515,2.1066969048121056,0.5073719758247318
2024-03-28 08:45:04,973.82,948.98,971.3036134083741,943.8583911361719,103.61,-0.15,957.581002272273,1915.162004544546,27.44522227220216,0.02866099283341625,103.46,103.76,0.8387955305420292,1.707202954609329,1.272999242575679,0.8684074240672999,0.6821738087891005,0.5904014898193282,2.917599015130236,1.7540002524747251,0.0,0.0,0.0,9.255567301533983,0.5223034758873051,1.5409162620099388,0.7529794312492473
2024-03-28 08:45:05,972.52,946.37,971.6077100562806,944.4862933521289,103.61,-0.15,958.0470017042047,1916.0940034084094,27.12141670415167,0.028309066911746665,103.46,103.76,0.3040966479064764,0.6279022159569649,0.4659994319316638,0.32380556805048855,0.6948610899527508,-0.5346988826355528,-1.079300738652364,-0.8069998106440153,0.0,0.0,0.0,9.260071452195374,0.6807889310354186,0.6979263711631651,0.7564790142599497
2024-03-28 08:45:06,972.52,947.67,971.8357825422104,945.2822200140967,103.61,-0.15,958.5590012781536,1917.1180025563071,26.55356252811373,0.02770154206992513,103.46,103.76,0.22807248592982887,0.7959266619677692,0.5119995739488559,0.5678541760379403,1.1090889442922063,-0.07602416197664752,0.16802444601080424,0.04600014201719205,0.0,0.0,0.0,9.265020220501967,0.9143710730491448,0.6758016244181526,0.6861169645697134
2024-03-28 08:45:07,964.67,946.37,970.0443369066578,945.5541650105724,103.61,-0.15,957.7992509586152,1915.5985019172304,24.49017189608537,0.025569211759150078,103.46,103.76,-1.7914456355525772,0.2719449964757814,-0.7597503195383979,2.0633906320283586,2.7158763386972633,-2.019518121482406,-0.5239816654919878,-1.2717498934872538,0.0,0.0,0.0,9.257676799738435,0.8383755578023852,1.4322689627941334,0.8222361062930924
2024-03-28 08:45:08,969.9,948.98,970.0082526799933,946.4106237579293,103.67,-0.15,958.2094382189614,1916.4188764379228,23.59762892206402,0.024626796560570825,103.52,103.82000000000001,-0.036084226664456764,0.8564587473568963,0.4101872603462198,0.8925429740213531,2.1759349554958045,1.7553614088881204,0.5845137508811149,1.1699375798846177,0.060000000000002274,0.0,0.060000000000002274,9.256273463704483,0.37641598253426195,1.7013369704702808,0.7283901919091189
2024-03-28 08:45:09,964.67,946.37,968.673689509995,946.4004678184469,103.67,-0.15,957.537078664221,1915.074157328442,22.273221691548088,0.023260949538746453,103.52,103.82000000000001,-1.3345631699983187,-0.010155939482388021,-0.6723595547404102,1.3244072305159307,1.96978722380177,-1.298478943333862,-0.8666146868392843,-1.08254681508663,0.0,0.0,0.0,9.249778491252343,0.39004660633521004,2.0242280079364448,0.6473898912277525
2024-03-28 08:45:10,968.6,947.67,968.6552671324963,946.7178508638352,103.67,-0.15,957.6865589981658,1915.3731179963315,21.93741626866108,0.02290667655261143,103.52,103.82000000000001,-0.018422377498723108,0.3173830453882829,0.1494803339447799,0.335805422887006,2.2464706062300484,1.3161407924995956,0.3275389848706709,0.8218398886851901,0.0,0.0,0.0,9.25122246664358,0.4184732989218492,1.8638191524690857,0.6033335836278014
2024-03-28 08:45:11,965.98,938.52,967.9864503493723,944.6683881478764,103.67,-0.15,956.3274192486243,1912.6548384972486,23.318062201495877,0.024382927549472216,103.52,103.82000000000001,-0.6688167831240435,-2.049462715958839,-1.3591397495414412,1.3806459328347955,1.015822631541737,-0.6503944056253204,-2.366845761347122,-1.5086200834862211,0.0,0.0,0.0,9.238093218803431,0.7076836349953,1.0320140959102428,0.7195754070207282
2024-03-28 08:45:12,973.82,945.06,969.4448377620292,944.7662911109072,103.67,-0.15,957.1055644364683,1914.2111288729366,24.67854665112202,0.025784560807425538,103.52,103.82000000000001,1.4583874126569754,0.09790296303083323,0.7781451878439611,1.3604844496261421,1.7483661436364386,2.127204195781019,2.1473656789896722,2.1372849373854024,0.0,0.0,0.0,9.245610077191444,0.7052713326916673,1.0958522549423568,0.8659093375729537
2024-03-28 08:45:13,972.52,948.98,970.2136283215219,945.8197183331804,103.67,-0.15,958.0166733273511,1916.0333466547022,24.393909988341534,0.025462928404110654,103.52,103.82000000000001,0.768790559492686,1.0534272222731715,0.9111088908828151,0.2846366627804855,0.31240651169387296,-0.6895968531642893,0.9555242592423383,0.13296370303885396,0.0,0.0,0.0,9.254411360828243,0.6513384502827754,1.2253793040419527,0.9682290900909821
2024-03-28 08:45:14,979.05,948.98,972.4227212411415,946.6097887498853,103.75,-0.15,959.5162549955135,1919.032509991027,25.81293249125622,0.02690202727672903,103.6,103.9,2.209092919619593,0.7900704167049071,1.4995816681623637,1.419022502914686,0.9462782766445289,1.440302360126907,-0.26335680556826446,0.5884727772795486,0.0799999999999983,0.0,0.0799999999999983,9.261739823685074,1.186584061687471,1.4677905954411872,1.0920796631713012
2024-03-28 08:45:15,975.13,947.67,973.0995409308562,946.874841562414,103.75,-0.15,959.9871912466351,1919.9743824932702,26.224699368442202,0.02731775963288548,103.6,103.9,0.6768196897146481,0.2650528125286655,0.4709362511216568,0.4117668771859826,0.8743561402400322,-1.5322732299049449,-0.5250176041762415,-1.0286454170407069,0.0,0.0,0.0,9.266285540350866,1.5543564943379131,1.1613502454118747,1.0833783488195485
2024-03-28 08:45:16,975.13,975.13,973.6071556981422,953.9386311718105,103.75,-0.15,963.7728934349764,1927.5457868699527,19.66852452633168,0.020407841556762802,103.6,103.9,0.5076147672859861,7.063789609396508,3.785702188341247,6.556174842110522,1.731824846253515,-0.16920492242866203,6.798736796867843,3.3147659372195903,0.0,0.0,0.0,9.30282706691264,2.5625831325130877,2.6216423414001695,1.337037711080405
2024-03-28 08:45:17,972.52,948.98,973.3353667736066,952.6989733788579,103.75,-0.15,963.0171700762322,1926.0343401524644,20.636393394748666,0.021428894535375935,103.6,103.9,-0.2717889245355991,-1.2396577929525847,-0.7557233587441488,0.9678688684169856,1.2807167814801885,-0.7794036918215852,-8.303447402349093,-4.541425547085396,0.0,0.0,0.0,9.295532439968145,2.438763133553885,3.013990991319085,1.6743572012044294
2024-03-28 08:45:18,972.52,946.37,973.1315250802049,951.1167300341434,103.75,-0.15,962.1241275571742,1924.2482551143485,22.014795046061522,0.022881449900934787,103.6,103.9,-0.20384169340161407,-1.5822433447144704,-0.8930425190579854,1.3784016513128563,1.5434876597803926,0.06794723113398504,-0.34258555176188565,-0.13731916031383662,0.0,0.0,0.0,9.286912338516043,1.8649938159783739,2.9951906408572015,1.9233092494902895
2024-03-28 08:45:19,973.82,948.98,973.3036438101537,950.5825475256075,103.75,-0.15,961.9430956678807,1923.8861913357614,22.721096284546206,0.023620000354751612,103.6,103.9,0.1721187299488065,-0.5341825085358778,-0.18103188929353564,0.7063012384846843,3.9015078488829324,0.37596042335042057,1.0480608361785926,0.7120106297644497,0.0,0.0,0.0,9.28516492647409,1.4234818504057507,2.517100610995582,1.9220318781409036
2024-03-28 08:45:20,969.9,946.37,972.4527328576154,949.5294106442057,103.75,-0.15,960.9910717509106,1921.9821435018212,22.923322213409733,0.02385383471647657,103.6,103.9,-0.8509109525383565,-1.0531368814018833,-0.9520239169701199,0.20222592886352686,0.2124166345426376,-1.023029682487163,-0.5189543728660055,-0.7709920276765843,0.0,0.0,0.0,9.275975506514818,1.0643169454191752,1.3999081554517783,2.0271747991145403
2024-03-28 08:45:21,972.52,941.13,972.4695496432115,947.4295579831543,103.75,-0.15,959.9495538131829,1919.8991076263658,25.03999166005724,0.026084695320193474,103.6,103.9,0.0168167855961201,-2.0998526610513863,-1.04151793772769,2.1166694466475064,2.0322908878310955,0.8677277381344766,-1.046715779649503,-0.08949402075757007,0.0,0.0,0.0,9.26592224466468,1.17211735733612,1.6006601231591828,0.34239569985429197
2024-03-28 08:45:22,976.44,948.98,973.4621622324087,947.8171684873657,103.81,-0.15,960.6396653598872,1921.2793307197744,25.64499374504294,0.026695747264131275,103.66,103.96000000000001,0.9926125891971651,0.3876105042114659,0.6901115467043155,0.6050020849856992,0.8766716209912894,0.975795803601045,2.4874631652628523,1.7316294844320055,0.060000000000002274,0.0,0.060000000000002274,9.267216439250152,0.9086521950714388,1.5791706786322577,0.7360629814296713
2024-03-28 08:45:23,975.13,947.67,973.8791216743066,947.7803763655243,103.81,-0.15,960.8297490199154,1921.6594980398309,26.098745308782327,0.02716271567178407,103.66,103.96000000000001,0.4169594418979159,-0.03679212184147218,0.19008366002822186,0.4537515637393881,2.3871024819783964,-0.5756531472992492,-0.4244026260529381,-0.5000278866760937,0.0,0.0,0.0,9.269050161594302,0.7190420858932357,1.5658836958751963,0.741819432745285
2024-03-28 08:45:24,969.9,945.06,972.88434125573,947.1002822741432,103.81,-0.15,959.9923117649366,1919.9846235298733,25.78405898158678,0.026858609843785547,103.66,103.96000000000001,-0.9947804185766245,-0.6800940913810791,-0.837437254978795,0.31468632719554535,0.3757725722758075,-1.4117398604745404,-0.6433019695396069,-1.0275209150070168,0.0,0.0,0.0,9.260971469264568,0.48172180869270703,1.2751429774963716,0.7816144328608402
2024-03-28 08:45:25,973.82,948.98,973.1182559417975,947.5702117056074,103.81,-0.15,960.3442338237026,1920.688467647405,25.548044236190094,0.026603006827942418,103.66,103.96000000000001,0.23391468606757826,0.4699294314642657,0.351922058765922,0.23601474539668743,0.6706430269852544,1.2286951046442027,1.1500235228453448,1.189359313744717,0.0,0.0,0.0,9.264366434105115,0.3880690444043698,0.3867409569754452,0.7646266719730922
2024-03-28 08:45:26,965.98,942.44,971.3336919563482,946.2876587792056,103.81,-0.15,958.8106753677769,1917.6213507355537,25.04603317714259,0.026121979859489518,103.66,103.96000000000001,-1.784563985449381,-1.282552926401877,-1.5335584559256858,0.5020110590475042,0.32735024201880764,-2.0184786715169594,-1.7524823578661426,-1.8854805146916078,0.0,0.0,0.0,9.249572314472358,0.7991646413392193,0.38446617087001494,0.9260033411435523
2024-03-28 08:45:27,973.82,950.29,971.9552689672612,947.2882440844041,103.81,-0.15,959.6217565258327,1919.2435130516653,24.66702488285705,0.025704945401045707,103.66,103.96000000000001,0.621577010913029,1.0005853051985696,0.8110811580557993,0.3790082942855406,0.4672871798758842,2.40614099636241,2.2831382316004465,2.344639613981485,0.0,0.0,0.0,9.257396751576653,0.763609290235987,0.5735997334341159,0.9570408289471557
2024-03-28 08:45:28,969.9,950.29,971.441451725446,948.0386830633031,103.81,-0.15,959.7400673943746,1919.4801347887492,23.402768662142876,0.024384486417551813,103.66,103.96000000000001,-0.513817241815218,0.7504389788989556,0.11831086854192563,1.2642562207141737,10.685793710257945,-1.135394252728247,-0.250146326299614,-0.6927702895138736,0.0,0.0,0.0,9.258538087360956,0.5698887531753813,0.9378544836454462,0.9501737639471328
2024-03-28 08:45:29,964.67,954.21,969.7485887940845,949.5815122974773,103.81,-0.15,959.6650505457809,1919.3301010915618,20.16707649660725,0.021014703478180356,103.66,103.96000000000001,-1.6928629313614465,1.542829234174178,-0.07501684859369107,3.2356921655356246,43.13229752909421,-1.1790456895462285,0.7923902552752224,-0.1933277171356167,0.0,0.0,0.0,9.25781440563348,0.5464961331611736,2.162764414038222,0.884831668485023
2024-03-28 08:45:30,969.9,948.98,969.7864415955634,949.431134223108,103.81,-0.15,959.6087879093357,1919.2175758186713,20.3553073724554,0.02121208935111012,103.66,103.96000000000001,0.03785280147883441,-0.15037807436931416,-0.05626263644523988,0.18823087584814857,3.345515642796203,1.730715732840281,-1.6932073085434922,0.018754212148451188,0.0,0.0,0.0,9.257271644337875,0.3827943370561366,2.333259892770697,0.8550246367138423
2024-03-28 08:45:31,971.21,948.98,970.1423311966726,949.318350667331,103.81,-0.15,959.7303409320018,1919.4606818640036,20.82398052934161,0.021697741146144797,103.66,103.96000000000001,0.35588960110919743,-0.11278355577701404,0.12155302266614854,0.4686731568862115,3.855677883844578,0.318036799630363,0.03759451859230012,0.1778156591113884,0.0,0.0,0.0,9.25844425693187,0.060411290747142264,2.028561777451312,0.3627193493998517
2024-03-28 08:45:32,979.05,950.29,972.3692483975044,949.5612630004982,103.89,-0.15,960.9652556990013,1921.9305113980026,22.807985397006178,0.02373445370476096,103.74,104.04,2.226917200831849,0.24291233316728267,1.234914766999509,1.9840048676645665,1.6065912515516172,1.8710275997226518,0.3556958889442967,1.1133617443333605,0.0799999999999983,0.0,0.0799999999999983,9.263208467667177,0.5745345532408451,1.4895226147215126,0.5480834988530003
2024-03-28 08:45:33,975.13,952.9,973.0594362981283,950.3959472503738,103.89,-0.15,961.7276917742511,1923.4553835485021,22.663489047754524,0.023565390929295396,103.74,104.04,0.6901879006238687,0.8346842498755223,0.7624360752497523,0.14449634925165356,0.18951904877438014,-1.5367293002079805,0.5917719167082396,-0.47247869174975676,0.0,0.0,0.0,9.270557957429084,0.9589764810136452,1.2762711699065814,0.5787402838605556
2024-03-28 08:45:34,975.13,951.6,973.5770772235962,950.6969604377803,103.89,-0.15,962.1370188306882,1924.2740376613765,22.88011678581597,0.023780518069913048,103.74,104.04,0.5176409254679584,0.30101318740651095,0.4093270564371778,0.21662773806144742,0.5292276809632634,-0.17254697515591033,-0.5336710624690113,-0.3531090188125745,0.0,0.0,0.0,9.274503658725513,1.1437852683467125,1.2156977864429714,0.5171283861356136
2024-03-28 08:45:35,975.13,948.98,973.9653079176971,950.2677203283353,103.89,-0.15,962.1165141230163,1924.2330282460325,23.697587589361888,0.024630683723719172,103.74,104.04,0.38823069410091193,-0.42924010944500424,-0.02050470767198931,0.8174708035459162,39.86552508317365,-0.12941023136704644,-0.7302532968515152,-0.4298317641091671,0.0,0.0,0.0,9.274306003939756,1.014870221701031,1.0584753380124239,0.5077719265396696
2024-03-28 08:45:36,975.13,951.6,974.256480938273,950.6007902462514,103.89,-0.15,962.4286355922623,1924.8572711845245,23.655690692021494,0.02457916337130287,103.74,104.04,0.29117302057579764,0.3330699179161911,0.3121214692459944,0.04189689734039348,0.13423223724202024,-0.0970576735251143,0.7623100273611954,0.3326261769179837,0.0,0.0,0.0,9.277314693608517,0.5663103636167267,0.4953967441792311,0.4784227548963344
2024-03-28 08:45:37,975.13,952.9,974.4748607037047,951.1755926846886,103.89,-0.15,962.8252266941967,1925.6504533883933,23.299268019016154,0.024198854941528646,103.74,104.04,0.21837976543179138,0.574802438437132,0.39659110193440483,0.3564226730053406,0.8987134924444156,-0.07279325514400625,0.24173252052094085,0.08446963268841046,0.0,0.0,0.0,9.281137626885089,0.4080873225725183,0.46031937181547633,0.2793222798645429
2024-03-28 08:45:38,973.82,950.29,974.3111455277786,950.9541945135164,103.89,-0.15,962.6326700206475,1925.265340041295,23.356951014262222,0.02426361759517015,103.74,104.04,-0.16371517592608598,-0.22139817117215443,-0.1925566735491202,0.05768299524606846,0.2995621736744441,-0.38209494135787736,-0.7962006096092864,-0.589147775483525,0.0,0.0,0.0,9.279281480059439,0.3087769255962868,0.3293090484830701,0.2720084296048499
2024-03-28 08:45:39,965.98,952.9,972.228359145834,951.4406458851373,103.89,-0.15,961.8345025154856,1923.6690050309712,20.787713260696705,0.02161256763478336,103.74,104.04,-2.0827863819446293,0.4864513716208876,-0.7981675051619277,2.569237753565517,3.218916478099177,-1.9190712060185433,0.707849542793042,-0.6056108316128075,0.0,0.0,0.0,9.271587557778082,0.39706632164688993,1.2267357100351026,0.477223996506538
2024-03-28 08:45:40,972.52,951.6,972.3012693593755,951.480484413853,103.89,-0.15,961.8908768866143,1923.7817537732285,20.82078494552252,0.02164568291911469,103.74,104.04,0.07291021354149052,0.03983852871567706,0.05637437112864063,0.03307168482581346,0.5866335629143541,2.15569659548612,-0.4466128429052105,0.8545418762905683,0.0,0.0,0.0,9.27213097758322,0.4429007569431845,1.448561274716272,0.48006494085505086
2024-03-28 08:45:41,972.52,986.9,972.3559520195316,960.3353633103898,103.89,-0.15,966.3456576649608,1932.6913153299215,12.020588709141862,0.012439222550809316,103.74,104.04,0.05468266015611789,8.854878896536775,4.454780778346503,8.800196236380657,1.975449455045373,-0.01822755338537263,8.815040367821098,4.398406407217863,0.0,0.0,0.0,9.315072762192868,1.8635642268782062,4.666454605299214,2.098277353580945
2024-03-28 08:45:42,972.52,946.37,972.3969640146487,956.8440224827923,103.89,-0.15,964.6204932487205,1929.240986497441,15.55294153185639,0.01612337870135089,103.74,104.04,0.041011995117059996,-3.491340827597469,-1.7251644162402044,3.532352822714529,2.047544420646269,-0.013670665039057894,-12.346219724134244,-6.179945194586708,0.0,0.0,0.0,9.298443068732192,1.9661200319338195,4.606442995758242,2.3902926156839834
2024-03-28 08:45:43,972.52,942.44,972.4277230109865,953.2430168620942,103.89,-0.15,962.8353699365404,1925.6707398730807,19.184706148892246,0.01992521954218557,103.74,104.04,0.030758996337794997,-3.6010056206980607,-1.7851233121801897,3.6317646170358557,2.0344603410842277,-0.010252998779264999,-0.10966479310059185,-0.05995889593998527,0.0,0.0,0.0,9.281235402499567,1.9466651052302304,3.8190196696257526,2.580695704200333
2024-03-28 08:45:44,975.13,951.6,973.1032922582399,952.8322626465707,103.95,-0.15,962.9677774524052,1925.9355549048105,20.271029611669178,0.021050579329089228,103.8,104.10000000000001,0.6755692472534065,-0.4107542155235251,0.13240751586488386,1.0863234627769316,8.204332294498862,0.6448102509156115,3.1902514051745356,1.9175308280450736,0.060000000000002274,0.0,0.060000000000002274,9.277146128856062,1.7605640096072708,3.719372602034118,2.538295525018898
2024-03-28 08:45:45,975.13,948.98,973.60996919368,951.8691969849281,103.95,-0.15,962.739583089304,1925.479166178608,21.740772208751878,0.02258219415514881,103.8,104.10000000000001,0.5066769354400549,-0.963065661642645,-0.2281943631012382,1.4697425970826998,6.440720692605191,-0.16889231181335163,-0.5523114461191199,-0.36060187896612206,0.0,0.0,0.0,9.274947724608442,1.5691860641997788,3.9367935621880683,2.546245925857718
2024-03-28 08:45:46,975.13,947.67,973.98997689526,950.8193977386961,103.95,-0.15,962.4046873169781,1924.8093746339562,23.170579156563917,0.02407571309433651,103.8,104.10000000000001,0.380007701580098,-1.0497992462319417,-0.3348957723259218,1.4298069478120397,4.269396022785643,-0.12666923385995688,-0.0867335845892967,-0.10670140922468363,0.0,0.0,0.0,9.271721368451415,0.867734015453868,2.898105895277071,0.8997732550406102
2024-03-28 08:45:47,971.21,947.67,973.294982671445,950.032048304022,103.95,-0.15,961.6635154877335,1923.327030975467,23.262934367422986,0.02419030561998004,103.8,104.10000000000001,-0.6949942238150015,-0.7873494346740699,-0.7411718292445357,0.09235521085906839,0.12460684905733041,-1.0750019253950995,0.2624498115578717,-0.4062760569186139,0.0,0.0,0.0,9.264580984808791,0.5232156352205339,1.7905527270546966,0.7363791517097653
2024-03-28 08:45:48,967.29,948.98,971.7937370035838,949.7690362280165,103.95,-0.15,960.7813866158001,1921.5627732316002,22.02470077556734,0.02292373796938564,103.8,104.10000000000001,-1.5012456678612125,-0.2630120760055661,-0.8821288719334461,1.2382335918556464,1.403686272568567,-0.806251444046211,0.5243373586685038,-0.1409570426889104,0.0,0.0,0.0,9.25608263352329,0.8921252606226128,1.2225202991685422,0.4078839071105529
2024-03-28 08:45:49,971.21,951.6,971.6478027526879,950.2267771710124,103.95,-0.15,960.9372899618502,1921.8745799237004,21.421025581675508,0.022291803828566308,103.8,104.10000000000001,-0.14593425089594803,0.4577409429958834,0.15590334605008138,0.6036751938918314,3.87208701480273,1.3553114169652645,0.7207530190014495,1.0380322179835275,0.0,0.0,0.0,9.257584592526644,0.8666148846179917,0.8431179480262139,0.41576581036892046
2024-03-28 08:45:50,973.82,954.21,972.190852064516,951.2225828782593,103.95,-0.15,961.7067174713877,1923.4134349427754,20.968269186256634,0.02180318467524616,103.8,104.10000000000001,0.5430493118280992,0.9958057072469728,0.769427509537536,0.4527563954188736,0.5884320502901591,0.6889835627240473,0.5380647642510894,0.6135241634874546,0.0,0.0,0.0,9.264997188886229,0.655928378663673,1.0273624520892106,0.6787128395526073
2024-03-28 08:45:51,967.29,951.6,970.965639048387,951.3169371586945,103.95,-0.15,961.1412881035408,1922.2825762070815,19.64870188969246,0.02044309417611105,103.8,104.10000000000001,-1.2252130161290324,0.09435428043514094,-0.5654293678469458,1.3195672965641734,2.333739699176119,-1.7682623279571317,-0.9014514268118319,-1.3348568773844818,0.0,0.0,0.0,9.259549892523998,0.4209251205464163,1.3316762880222985,0.6971883584133111
2024-03-28 08:45:52,972.52,948.98,971.3542292862902,950.7327028690208,103.95,-0.15,961.0434660776555,1922.086932155311,20.621526417269365,0.0214574336371854,103.8,104.10000000000001,0.38859023790325864,-0.5842342896736454,-0.09782202588530708,0.9728245275769041,9.944739684473625,1.613803254032291,-0.6785885701087864,0.46760734196163867,0.0,0.0,0.0,9.258607483805857,0.3530472348520482,0.8912893728985409,0.6416508312598783
2024-03-28 08:45:53,973.82,948.98,971.9706719647177,950.2945271517657,103.95,-0.15,961.1325995582417,1922.2651991164835,21.676144812951975,0.022552710001057203,103.8,104.10000000000001,0.616442678427461,-0.4381757172551488,0.0891334805862698,1.0546183956826098,11.831766884666878,0.2278524405242024,0.14605857241849662,0.18695550647157688,0.0,0.0,0.0,9.259466187849476,0.2991543677381396,0.7931618053519708,0.4818917761512307
2024-03-28 08:45:54,973.82,946.37,972.4330039735383,949.3133953638243,103.95,-0.15,960.8731996686813,1921.7463993373626,23.119608609714078,0.024061040097304108,103.8,104.10000000000001,0.46233200882068104,-0.9811317879414219,-0.25939988956042725,1.443463796762103,5.5646061939423275,-0.15411066960678,-0.542956070686273,-0.34853337014669705,0.0,0.0,0.0,9.256967152328654,0.3138244623625269,1.2948197901128549,0.4989262916842302
2024-03-28 08:45:55,971.21,948.98,972.1272529801538,949.2300465228682,103.95,-0.15,960.678649751511,1921.357299503022,22.89720645728562,0.02383440751949031,103.8,104.10000000000001,-0.3057509933845495,-0.08334884095609141,-0.19454991717032044,0.22240215242845807,1.1431565353853106,-0.7680830022052305,0.8977829469853305,0.06484997239010681,0.0,0.0,0.0,9.255092875688037,0.19707677063760431,1.480072362900339,0.24030065635477446
2024-03-28 08:45:56,971.21,948.98,971.8979397351154,949.1675348921511,103.95,-0.15,960.5327373136333,1921.0654746272667,22.730404842964276,0.023664372838422026,103.8,104.10000000000001,-0.22931324503838368,-0.06251163071704013,-0.14591243787765507,0.16680161432134355,1.1431545767649085,0.07643774834616579,0.020837210239051274,0.048637479292665375,0.0,0.0,0.0,9.253687168207575,0.2489094629473892,1.0462679152818766,0.1321698961875008
2024-03-28 08:45:57,971.21,952.9,971.7259548013366,950.1006511691133,103.95,-0.15,960.913302985225,1921.82660597045,21.625303632223222,0.02250494768106128,103.8,104.10000000000001,-0.1719849337788446,0.9331162769622097,0.3805656715916257,1.1051012107410543,2.9038307693084175,0.05732831125953908,0.9956279076792498,0.5264781094692808,0.0,0.0,0.0,9.257353504122076,0.22998258615693892,0.706729305503472,0.2625904292485337
2024-03-28 08:45:58,969.9,948.98,971.2694661010024,949.820488376835,103.98,-0.15,960.5449772389187,1921.0899544778374,21.448977724167435,0.022330008703488717,103.83,104.13000000000001,-0.45648870033414823,-0.28016279227836094,-0.3683257463062546,0.1763259080557873,0.47872143368371267,-0.2845037665553036,-1.2132790692405706,-0.7488914178978803,0.030000000000001137,0.0,0.030000000000001137,9.251131349203384,0.17860114007398895,0.7701369431015052,0.2906297043727864
2024-03-28 08:45:59,969.9,950.29,970.9270995757519,949.9378662826263,103.98,-0.15,960.4324829291891,1920.8649658583781,20.989233293125608,0.021853939391197338,103.83,104.13000000000001,-0.34236652525055433,0.1173779057912725,-0.11249430972964092,0.45974443104182683,4.0867875482695855,0.1141221750835939,0.39754069806963344,0.25583143657661367,0.0,0.0,0.0,9.250047902139471,0.1856551590801714,0.8344252929687305,0.27992986461452257
2024-03-28 08:46:00,973.82,952.9,971.6503246818139,950.6783997119697,103.98,-0.15,961.1643621968918,1922.3287243937837,20.971924969844167,0.02181929103165067,103.83,104.13000000000001,0.7232251060620456,0.7405334293434862,0.7318792677027659,0.017308323281440607,0.02364911864035926,1.0655916313126,0.6231555235522137,0.8443735774324068,0.0,0.0,0.0,9.257096724836705,0.30949987453776184,0.7172537140537426,0.44802439710599024
2024-03-28 08:46:01,967.29,948.98,970.5602435113605,950.2537997839773,103.98,-0.15,960.4070216476689,1920.8140432953378,20.30644372738311,0.021143581053168384,103.83,104.13000000000001,-1.090081170453459,-0.42459992799240354,-0.7573405492229313,0.6654812424610554,0.8787068967018528,-1.8133062765155046,-1.1651333573358897,-1.4892198169256972,0.0,0.0,0.0,9.24980268128543,0.3325197729556734,0.5126239404832461,0.591438952843915
2024-03-28 08:46:02,969.9,954.21,970.3951826335203,951.242849837983,103.98,-0.15,960.8190162357516,1921.6380324715033,19.15233279553729,0.0199333406728751,103.83,104.13000000000001,-0.16506087784011925,0.9890500540057019,0.4119945880827345,1.1541109318458211,2.801270123344281,0.9250202926133397,1.4136499819981054,1.1693351373056657,0.0,0.0,0.0,9.253770653780036,0.3192720962035234,0.8928987554589393,0.596969919151801
2024-03-28 08:46:03,973.82,954.21,971.2513869751402,951.9846373784873,103.98,-0.15,961.6180121768137,1923.2360243536275,19.26674959665297,0.020035761947722972,103.83,104.13000000000001,0.8562043416199003,0.7417875405042196,0.7989959410621168,0.11441680111568076,0.1432005496336257,1.0212652194600196,-0.24726251350148232,0.3870013529793823,0.0,0.0,0.0,9.261465885730018,0.5130517562695617,0.891489928252594,0.6518665888367556
2024-03-28 08:46:04,973.82,956.83,971.8935402313552,953.1959780338655,103.98,-0.15,962.5447591326104,1925.0895182652207,18.697562197489788,0.019425135299592524,103.83,104.13000000000001,0.6421532562150105,1.2113406553781942,0.9267469557966024,0.5691873991631837,0.6141771293942901,-0.21405108540488982,0.46955311487397466,0.12775101473448558,0.0,0.0,0.0,9.270391504018288,0.8211493371982148,0.9321868788349322,0.6862695885372062
2024-03-28 08:46:05,971.21,948.98,971.7226551735164,952.141983525399,103.98,-0.15,961.9323193494577,1923.8646386989153,19.580671648117345,0.02035556060846769,103.83,104.13000000000001,-0.1708850578388592,-1.0539945084664168,-0.6124397831526949,0.8831094506275576,1.441950756580133,-0.8130383140538697,-2.265335163844611,-1.5391867389492973,0.0,0.0,0.0,9.264493018250647,0.8579466919237131,0.5972422516374929,0.7902040135894746
2024-03-28 08:46:06,976.44,950.29,972.9019913801372,951.6789876440492,104.03,-0.15,962.2904895120932,1924.5809790241865,21.223003736088003,0.0220546747009772,103.88,104.18,1.1793362066208601,-0.46299588134979786,0.358170162635588,1.642332087970658,4.58532751739594,1.3502212644597194,0.590998627116619,0.9706099457882829,0.04999999999999716,0.0,0.04999999999999716,9.263481712058256,0.6707889594549997,0.9694200168198145,0.6043327081683418
2024-03-28 08:46:07,972.52,948.98,972.806493535103,951.0042407330369,104.03,-0.15,961.9053671340699,1923.8107342681399,21.80225280206605,0.022665694073792986,103.88,104.18,-0.09549784503428782,-0.6747469110123347,-0.3851223780233113,0.5792490659780469,1.5040610335085536,-1.274834051655148,-0.2117510296625369,-0.7432925406588993,0.0,0.0,0.0,9.259774334561953,0.3618243181360862,1.3312264292963145,0.6915400166479242
2024-03-28 08:46:08,664.53,954.21,895.7373701513272,951.8056805497777,102.88,-0.15,923.7715253505525,1847.543050701105,56.06831039845042,0.06069499740910356,102.72999999999999,103.03,-77.06912338377572,0.8014398167407535,-38.13384178351748,77.87056320051647,2.042032942826688,-76.97362553874143,1.4761867277530882,-37.74871940549417,-1.1500000000000057,0.0,1.1500000000000057,8.992227356744138,17.173578885864917,16.03284714309323,17.09699625425321
2024-03-28 08:46:09,536.95,954.21,806.0405276134954,952.4067604123333,100.72,-0.15,879.2236440129143,1758.4472880258286,146.3662327988378,0.1664721298489282,100.57,100.87,-89.6968425378318,0.6010798625555935,-44.54788133763816,90.29792240038739,2.026985743474845,-12.62771915405608,-0.20035995418515995,-6.414039554120677,-2.1599999999999966,0.0,2.1599999999999966,8.742404646221633,36.71241675950561,54.375077143474854,22.643286331074773
2024-03-28 08:46:10,360.28,956.83,694.6003957101216,953.5125703092499,98.48,-0.15,824.0564830096857,1648.1129660193715,258.9121745991283,0.31419226669914185,98.33,98.63000000000001,-111.44013190337387,1.1058098969166394,-55.16716100322856,112.5459418002905,2.0400893885696707,-21.74328936554207,0.5047300343610459,-10.619279665590398,-2.239999999999995,0.0,2.239999999999995,8.38051942061595,59.057764701127574,102.04138879188532,25.88651497320525
2024-03-28 08:46:11,365.56,946.37,612.3402967825912,951.7269277319374,96.06,-0.15,782.0336122572643,1564.0672245145286,339.3866309493462,0.4339795952449665,95.91,96.21000000000001,-82.26009892753041,-1.785642577312501,-42.022870752421454,80.4744563502179,1.9150156330184833,29.18003297584346,-2.8914524742291405,13.144290250807103,-2.4200000000000017,0.0,2.4200000000000017,8.15382758944257,72.77331217043091,134.1155323051485,20.914593589089016
2024-03-28 08:46:12,144.69,952.9,495.4277225869434,952.0201957989531,93.68,-0.15,723.7239591929482,1447.4479183858964,456.5924732120097,0.6308931282173939,93.53,93.83000000000001,-116.91257419564778,0.2932680670156742,-58.30965306431608,117.20584226266345,2.0100589541036267,-34.65247526811737,2.0789106443281753,-16.286782311894626,-2.3799999999999955,0.0,2.3799999999999955,7.7378803748002545,78.72048357367136,157.39168580245902,8.688785343639676
2024-03-28 08:46:13,22.68,945.06,377.24079194020754,950.2801468492148,91.43,-0.15,663.7604693947112,1327.5209387894224,573.0393549090072,0.8633225093507665,91.28,91.58000000000001,-118.18693064673585,-1.7400489497382523,-59.96348979823699,116.4468816969976,1.9419630202786875,-1.2743564510880674,-2.0333170167539265,-1.6538367339209117,-2.25,0.0,2.25,7.271696561382719,84.14433153097539,166.4833237317218,8.190496879204074
2024-03-28 08:46:14,25.34,954.21,289.2655939551556,951.2626101369111,91.43,-0.15,620.2641020460334,1240.5282040920667,661.9970161817555,1.0672824897181337,91.28,91.58000000000001,-87.97519798505192,0.9824632876963051,-43.496367348677836,88.95766127274823,2.045174451339046,30.211732661683925,2.7225122374345574,16.467122449559156,0.0,0.0,0.0,6.795180710460699,83.3090949538577,164.73911907473916,8.439463343228836
2024-03-28 08:46:15,25.34,950.29,223.28419546636673,951.0194576026834,91.43,-0.15,587.1518265345251,1174.3036530690501,727.7352621363166,1.2394328485565773,91.28,91.58000000000001,-65.9813984887889,-0.24315253422776095,-33.1122755115083,65.73824595456114,1.9853133906910194,21.993799496263023,-1.225615821924066,10.384091837169535,0.0,0.0,0.0,6.4324257241684855,78.53202763681935,156.3102756678621,11.458085853418963
2024-03-28 08:46:16,27.99,959.44,174.46064659977503,953.1245932020125,91.43,-0.15,563.7926199008938,1127.5852398017876,778.6639466022375,1.3811176623028467,91.28,91.58000000000001,-48.82354886659169,2.1051355993291736,-23.35920663363129,50.92868446592087,2.180240240366569,17.157849622197205,2.3482881335569346,9.753068877877013,0.0,0.0,0.0,6.176518555262656,63.68478450221112,127.9944395167853,15.841550562992152
2024-03-28 08:46:17,25.34,952.9,137.18048494983128,953.0684449015095,91.43,-0.15,545.1244649256704,1090.2489298513408,815.8879599516781,1.4967003151587168,91.28,91.58000000000001,-37.28016164994375,-0.05614830050308228,-18.668154975223388,37.22401334944067,1.9939844834618292,11.543387216647943,-2.161283899832256,4.6910516584079005,0.0,0.0,0.0,5.9720032751278165,47.127889005628255,96.5573858658379,16.57236815523504
2024-03-28 08:46:18,26.66,958.14,109.55036371237347,954.3363336761321,91.43,-0.15,531.9433486942528,1063.8866973885056,844.7859699637586,1.588112663593444,91.28,91.58000000000001,-27.630121237457814,1.2678887746226337,-13.181116231417604,28.898010012080448,2.1923794094783666,9.650040412485936,1.324037075125716,5.487038743805783,0.0,0.0,0.0,5.827600162868674,35.091677944987914,72.69293473110511,12.053012797295716
2024-03-28 08:46:19,26.66,950.29,88.8277727842801,953.324750257099,91.43,-0.15,521.0762615206895,1042.152523041379,864.4969774728189,1.6590603711073746,91.28,91.58000000000001,-20.722590928093368,-1.0115834190330588,-10.867087173563277,19.71100750906031,1.8138260400805366,6.9075303093644465,-2.2794721936556925,2.314029057854327,0.0,0.0,0.0,5.708547938345109,26.252259742048036,54.53474935029162,8.870811707637428
2024-03-28 08:46:20,29.32,1005.19,73.95082958821007,966.2910626928243,91.43,-0.15,520.1209461405172,1040.2418922810343,892.3402331046143,1.7156398680161933,91.28,91.58000000000001,-14.87694319607003,12.966312435725285,-0.9553153801723511,27.843255631795316,29.145585912357163,5.8456477320233375,13.977895854758344,9.911771793390926,0.0,0.0,0.0,5.698082169614757,18.345009847201034,43.88360555264786,8.489299082846015
2024-03-28 08:46:21,27.99,951.6,62.460622191157555,962.6182970196182,91.43,-0.15,512.539459605388,1025.078919210776,900.1576748284607,1.7562699928806185,91.28,91.58000000000001,-11.490207397052515,-3.6727656732060723,-7.5814865351292156,7.817441723846443,1.0311224133290362,3.386735799017515,-16.639078108931358,-6.6261711549568645,0.0,0.0,0.0,5.61502469314596,12.658314827664494,34.61810838086061,6.583116595228624
2024-03-28 08:46:22,26.66,945.06,53.51046664336817,958.2287227647137,91.43,-0.15,505.86959470404094,1011.7391894080819,904.7182561213455,1.7884416533518077,91.28,91.58000000000001,-8.950155547789386,-4.3895742549045735,-6.669864901347012,4.560581292884812,0.6837590680741843,2.540051849263129,-0.7168085816985013,0.9116216337822038,0.0,0.0,0.0,5.541954307209538,9.808959497399513,25.697905177674226,4.650943583852905
