time,force_left_raw,force_right_raw,force_left,force_right,dis_left,dis_right,force_avg,force_sum,force_diff,force_diff_ratio,total_delta_dis,dis_diff,left_force_rate,right_force_rate,force_rate,force_rate_diff,force_rate_ratio,left_force_acc,right_force_acc,force_acc,left_dis_rate,right_dis_rate,dis_rate_diff,stiffness_ratio,force_std_5s,force_diff_std_5s,force_rate_std_5s
2024-04-12 10:59:06,249.25,240.51,249.25,240.51,0.15,-0.26,244.88,489.76,8.740000000000009,0.035690950523967084,-0.11000000000000001,0.41000000000000003,0.0,0.0,0.0,0.0,0.0,0.0,0.0,0.0,0.0,0.0,0.0,-2226.2020563823303,0.0,0.0,0.0
2024-04-12 10:59:07,251.64,251.21,249.8475,243.185,0.15,0.37,246.51625,493.0325,6.662499999999994,0.02702661578282721,0.52,0.22,0.5974999999999966,2.6750000000000114,1.6362500000000182,2.077500000000015,1.2696707290018412,0.5974999999999966,2.6750000000000114,1.6362500000000182,0.0,0.63,0.63,474.0687998676925,0.0,0.0,0.0
2024-04-12 10:59:08,258.8,244.52,252.085625,243.51875,0.62,0.37,247.8021875,495.604375,8.566874999999982,0.034571425909743256,0.99,0.25,2.2381249999999966,0.3337500000000091,1.2859374999999886,1.9043749999999875,1.4809222991612776,1.640625,-2.3412500000000023,-0.35031250000002956,0.47,0.0,0.47,250.30498706566962,0.0,0.0,0.0
2024-04-12 10:59:09,255.22,286.04,252.86921875000002,254.1490625,0.62,0.73,253.50914062500001,507.01828125000003,1.2798437499999977,0.00504851123630559,1.35,0.10999999999999999,0.7835937500000227,10.630312500000002,5.7069531250000125,9.84671874999998,1.7253895045108598,-1.4545312499999739,10.296562499999993,4.421015625000024,0.0,0.36,0.36,187.78440951154852,0.0,0.0,0.0
2024-04-12 10:59:10,289.84,294.09,262.1119140625,264.134296875,0.89,1.96,263.12310546875,526.2462109375,2.022382812500041,0.007686070750841606,2.85,1.0699999999999998,9.242695312499961,9.985234375000005,9.613964843749983,0.7425390625000432,0.0772354587657253,8.459101562499939,-0.6450781249999977,3.9070117187499704,0.27,1.23,0.96,92.32386426136341,7.431552406522011,3.575885744245181,3.9612625473271486
2024-04-12 10:59:11,299.4,310.2,271.433935546875,275.65072265625,2.07,3.19,273.5423291015625,547.084658203125,4.216787109375048,0.015415482890013451,5.26,1.12,9.322021484375,11.516425781250007,10.419223632812475,2.194404296875007,0.21061109383939527,0.07932617187503865,1.5311914062500023,0.805258789062492,1.1799999999999997,1.23,0.050000000000000266,52.00423518960595,11.377439666771421,3.073749415322721,4.289026186371367
2024-04-12 10:59:12,316.12,319.61,282.60545166015623,286.64054199218754,3.22,4.42,284.62299682617186,569.2459936523437,4.035090332031302,0.014176965188511076,7.640000000000001,1.1999999999999997,11.171516113281257,10.989819335937511,11.080667724609384,0.18169677734374545,0.016397636447718154,1.8494946289062568,-0.5266064453124955,0.6614440917969091,1.1500000000000004,1.23,0.07999999999999963,37.25431408008609,14.901413499153591,2.8377750011518788,4.109983480522787
2024-04-12 10:59:13,316.12,329.02,290.9840887451172,297.23540649414065,4.4,5.66,294.10974761962893,588.2194952392579,6.251317749023428,0.021255051144558404,10.06,1.2599999999999998,8.378637084960985,10.594864501953111,9.486750793457077,2.216227416992126,0.23361288091469173,-2.7928790283202716,-0.3949548339844,-1.5939169311523074,1.1800000000000002,1.2400000000000002,0.06000000000000005,29.23555848748215,16.24348204697752,1.966192044121566,2.0892264173681037
2024-04-12 10:59:14,319.7,337.1,298.1630665588379,307.2015548706055,5.55,6.89,302.68231071472167,605.3646214294433,9.038488311767594,0.029861303293753014,12.44,1.3399999999999999,7.178977813720678,9.966148376464844,8.572563095092733,2.7871705627441656,0.3251268269128078,-1.1996592712403071,-0.6287161254882676,-0.9141876983643442,1.1499999999999995,1.2299999999999995,0.08000000000000007,24.33137350348458,15.780482863126258,2.6562298002293114,0.9561492630055064
2024-04-12 10:59:15,323.29,347.87,304.4447999191284,317.3686661529541,6.7,8.12,310.90673303604126,621.8134660720825,12.92386623382572,0.04156830592266151,14.82,1.419999999999999,6.281733360290502,10.167111282348628,8.224422321319594,3.885377922058126,0.47241949620787815,-0.8972444534301758,0.20096290588378452,-0.3481407737731388,1.1500000000000004,1.2299999999999995,0.07999999999999918,20.97886046269776,14.699111944306093,3.738834945354122,1.2056955245586412
2024-04-12 10:59:16,329.26,349.22,310.6485999393463,325.3314996147156,7.87,9.35,317.99004977703095,635.9800995540619,14.682899675369299,0.046174085130936036,17.22,1.4799999999999995,6.203800020217898,7.962833461761477,7.083316740989687,1.759033441543579,0.24833467957598715,-0.07793334007260455,-2.2042778205871514,-1.1411055803299064,1.17,1.2300000000000004,0.0600000000000005,18.46632005288681,13.225675847602927,4.448395063658593,1.4969134730684734
2024-04-12 10:59:17,344.79,355.96,319.1839499545097,332.9886247110367,9.02,10.58,326.0862873327732,652.1725746655464,13.804674756526992,0.0423344226680247,19.6,1.5600000000000005,8.53535001516343,7.657125096321124,8.096237555742277,0.8782249188423066,0.10847320182029759,2.331549994945533,-0.30570836544035274,1.01292081475259,1.1499999999999995,1.2300000000000004,0.08000000000000096,16.637054627332578,12.53844269989421,3.568959054588179,0.8674600626479839
2024-04-12 10:59:18,357.94,369.44,328.8729624658823,342.10146853327757,10.2,11.81,335.48721549958,670.97443099916,13.228506067395244,0.03943073064130241,22.009999999999998,1.6100000000000012,9.689012511372596,9.112843822240848,9.40092816680675,0.5761686891317481,0.06128848318165316,1.153662496209165,1.4557187259197235,1.3046906110644727,1.1799999999999997,1.2300000000000004,0.05000000000000071,15.24248978905453,12.788169496297574,2.1726672676817342,0.8382839490809223
2024-04-12 10:59:19,362.72,374.84,337.3347218494117,350.28610139995817,11.35,13.02,343.81041162468495,687.6208232493699,12.951379550546449,0.037670120144629275,24.369999999999997,1.67,8.461759383529397,8.184632866680602,8.323196125104971,0.27712651684879575,0.03329568105661088,-1.2272531278431984,-0.928210955560246,-1.077732041701779,1.1500000000000004,1.209999999999999,0.05999999999999872,14.107935884971239,13.186419169699304,0.7411197138050603,0.823478653945397
2024-04-12 10:59:20,368.69,385.64,345.1735413870588,359.1245760499686,12.5,14.25,352.1490587185137,704.2981174370274,13.95103466290982,0.03961684484990935,26.75,1.75,7.838819537647055,8.838474650010426,8.33864709382874,0.9996551123633708,0.1198821560899296,-0.6229398458823425,0.653841783329824,0.015450968723769165,1.1500000000000004,1.2300000000000004,0.08000000000000007,13.16445030108648,13.607800303230427,0.6745364862093447,0.8250200849392924
2024-04-12 10:59:21,375.86,395.1,352.8451560402941,368.1184320374764,13.65,15.48,360.48179403888525,720.9635880777705,15.273275997182282,0.04236906331298852,29.130000000000003,1.83,7.671614653235338,8.9938559875078,8.332735320371569,1.3222413342724622,0.15868032821822228,-0.1672048844117171,0.15538133749737426,-0.005911773457171421,1.1500000000000004,1.2300000000000004,0.08000000000000007,12.374932429246577,13.515481938521637,0.898806437315817,0.5147703092776656
2024-04-12 10:59:22,379.45,404.56,359.4963670302206,377.2288240281073,14.82,16.71,368.36259552916397,736.7251910583279,17.732456997886686,0.048138592693633526,31.53,1.8900000000000006,6.651210989926483,9.110391990630887,7.880801490278714,2.4591810007044046,0.3120470286798715,-1.020403663308855,0.11653600312308754,-0.45193383009285526,1.17,1.2300000000000004,0.0600000000000005,11.682923686845552,13.032862749661605,1.9546069675704474,0.5635473793625208
2024-04-12 10:59:23,391.4,414.03,367.47227527266546,386.42911802108046,15.97,17.92,376.950696646873,753.901393293746,18.956842748415,0.050289979211482316,33.89,1.950000000000001,7.975908242444859,9.200293992973172,8.588101117709016,1.224385750528313,0.1425676748770348,1.3246972525183764,0.08990200234228496,0.7072996274303023,1.1500000000000004,1.2100000000000009,0.0600000000000005,11.122770301684943,13.044305302687937,2.52523019260158,0.2557177049689046
2024-04-12 10:59:24,408.14,424.86,377.6392064544991,396.03683851581036,17.12,19.15,386.83802248515474,773.6760449703095,18.397632061311242,0.04755900646880765,36.269999999999996,2.0299999999999976,10.166931181833661,9.607720494729904,9.887325838281754,0.5592106871037572,0.056558329288620784,2.1910229393888017,0.40742650175673134,1.299224720572738,1.1500000000000004,1.2299999999999969,0.07999999999999652,10.665509010742923,13.586017375156889,2.1506969914197764,0.7606213204201543
2024-04-12 10:59:25,411.73,431.63,386.16190484087434,404.9351288868578,18.27,20.35,395.5485168638661,791.0970337277322,18.773224045983454,0.04746124229555207,38.620000000000005,2.080000000000002,8.522698386375225,8.898290371047437,8.71049437871136,0.3755919846722122,0.043119474650106265,-1.6442327954584357,-0.7094301236824663,-1.1768314595703941,1.1499999999999986,1.2000000000000028,0.05000000000000426,10.242063869026468,14.020234760952933,1.5023273362301166,0.7460432206680355
2024-04-12 10:59:26,417.71,441.12,394.0489286306558,413.9813466651433,19.42,21.58,404.01513764789956,808.0302752957991,19.93241803448751,0.04933581969525819,41.0,2.1599999999999966,7.887023789781438,9.046217778285495,8.466620784033466,1.1591939885040574,0.1369134015989813,-0.6356745965937876,0.14792740723805764,-0.24387359467789338,1.1500000000000021,1.2299999999999969,0.07999999999999474,9.854027507167611,14.219716455065495,0.8063234625975524,0.7327523175699098
2024-04-12 10:59:27,428.47,449.26,402.6541964729918,422.80100999885747,20.57,22.79,412.7276032359247,825.4552064718494,20.14681352586564,0.048813826163052694,43.36,2.219999999999999,8.605267842336048,8.819663333714175,8.712465588025111,0.2143954913781272,0.02460789825843396,0.7182440525546099,-0.22655444457132035,0.24584480399164477,1.1499999999999986,1.2100000000000009,0.060000000000002274,9.518625316358381,14.035699595359976,0.7598331171295143,0.5760528883863155
2024-04-12 10:59:28,436.85,451.97,411.2031473547439,430.09325749914314,21.72,24.02,420.6482024269435,841.296404853887,18.890110144399216,0.04490714566353776,45.739999999999995,2.3000000000000007,8.548950881752091,7.292247500285669,7.920599191018823,1.2567033814664228,0.15866264565296453,-0.05631696058395619,-1.5274158334285062,-0.791866397006288,1.1499999999999986,1.2300000000000004,0.08000000000000185,9.196506192182715,13.4097452256524,0.7666362715249574,0.7183554033301066
2024-04-12 10:59:29,447.61,462.83,420.30486051605794,438.2774431243573,22.87,25.22,429.29115182020763,858.5823036404153,17.972582608299376,0.041865718615977425,48.09,2.349999999999998,9.101713161314024,8.184185625214184,8.642949393264132,0.9175275360998398,0.1061590654060578,0.5527622795619322,0.8919381249285152,0.722350202245309,1.1500000000000021,1.1999999999999993,0.04999999999999716,8.926827675054689,13.301493723844832,0.8946209853218225,0.3340150207171061
2024-04-12 10:59:30,454.79,476.41,428.92614538704345,447.810582343268,24.02,26.43,438.36836386515574,876.7367277303115,18.884436956224533,0.04307892281878844,50.45,2.41,8.621284870985505,9.533139218910662,9.077212044948112,0.9118543479251571,0.10045532074766562,-0.4804282903285184,1.3489535936964785,0.43426265168398004,1.1499999999999986,1.2100000000000009,0.060000000000002274,8.68916462192252,13.485590564659859,0.8844528193879901,0.4228205732407119
2024-04-12 10:59:31,460.77,481.85,436.88710904028255,456.32043675745103,25.17,27.66,446.6037728988668,893.2075457977336,19.43332771716848,0.043513577029398655,52.83,2.4899999999999984,7.960963653239105,8.509854414183053,8.23540903371105,0.548890760943948,0.06665008283705409,-0.6603212177464002,-1.0232848047276093,-0.8418030112370616,1.1500000000000021,1.2300000000000004,0.0799999999999983,8.453601447004834,13.517528311668034,0.800398340296151,0.4480212984082307
2024-04-12 10:59:32,467.95,442.47,444.6528317802119,452.8578275680883,26.32,28.32,448.75532967415006,897.5106593483001,8.204995787876385,0.018283895983029985,54.64,2.0,7.765722739929345,-3.4626091893627517,2.151556775283268,11.228331929292096,5.218698776431325,-0.19524091330976034,-11.972463603545805,-6.0838522584277825,1.1499999999999986,0.6600000000000001,0.48999999999999844,8.21294512191078,11.818891657222636,4.765012238585208,2.858495597185694
2024-04-12 10:59:33,472.74,441.12,451.6746238351589,449.92337067606616,27.47,28.32,450.79899725561256,901.5979945112251,1.7512531590927551,0.0038847760662053593,55.79,0.8500000000000014,7.021792054947014,-2.9344568920221263,2.0436675814625005,9.95624894696914,4.871753197793058,-0.7439306849823311,0.5281522973406254,-0.10788919382076756,1.1499999999999986,0.0,1.1499999999999986,8.080283010850145,8.888761472294746,7.905005567016888,3.6024298277931175
2024-04-12 10:59:34,445.22,487.29,450.0609678763692,459.26502800704964,27.55,28.84,454.6629979417094,909.3259958834188,9.204060130680432,0.02024369731450359,56.39,1.2899999999999991,-1.6136559587897068,9.34165733098348,3.8640006860968583,10.955313289773187,2.8352247694900647,-8.63544801373672,12.276114223005607,1.8203331046343578,0.08000000000000185,0.5199999999999996,0.4399999999999977,8.062830109574026,6.070150747482809,7.560323393974495,3.361841027688278
2024-04-12 10:59:35,440.43,441.12,447.6532259072769,454.7287710052872,27.55,28.92,451.19099845628205,902.3819969125641,7.075545098010252,0.015681928732037647,56.47,1.370000000000001,-2.407741969092285,-4.536257001762465,-3.471999485427375,2.1285150326701796,0.6130514789971802,-0.7940860103025784,-13.877914332745945,-7.336000171524233,0.0,0.08000000000000185,0.08000000000000185,7.9899236845468105,3.0030934150958477,6.435959447515982,4.205027522227795
2024-04-12 10:59:36,445.22,445.19,447.0449194304577,452.3440782539654,28.02,28.92,449.69449884221154,899.3889976844231,5.299158823507696,0.011783908465340494,56.94,0.9000000000000021,-0.608306476819223,-2.3846927513217793,-1.4964996140705011,1.7763862745025563,1.1870267594951147,1.7994354922730622,2.1515642504406856,1.9754998713568739,0.46999999999999886,0.0,0.46999999999999886,7.89769039242222,2.249177633018597,2.930724317241648,3.0049978865755205
2024-04-12 10:59:37,442.83,498.17,445.99118957284327,463.8005586904741,28.02,30.04,454.8958741316587,909.7917482633173,17.80936911763081,0.03915043000219845,58.06,2.0199999999999996,-1.053729857614428,11.456480436508684,5.201375289447128,12.510210294123112,2.4051730922649446,-0.44542338079520505,13.841173187830464,6.697874903517629,0.0,1.1199999999999974,1.1199999999999974,7.834927080549976,2.375956627769967,6.012691578052082,3.6371148477241597
2024-04-12 10:59:38,483.51,503.62,455.37089217963245,473.7554190178555,28.59,31.25,464.56315559874395,929.1263111974879,18.384526838223053,0.03957379438529663,59.84,2.66,9.37970260678918,9.954860327381425,9.667281467085274,0.5751577205922445,0.05949528448667094,10.433432464403609,-1.5016201091272592,4.465906177638146,0.5700000000000003,1.2100000000000009,0.6400000000000006,7.763421588157125,5.792995372857508,6.133668398929047,5.287840242254892
2024-04-12 10:59:39,493.08,510.43,464.79816913472433,482.92406426339164,29.71,32.48,473.861116699058,947.722233398116,18.12589512866731,0.038251492793250845,62.19,2.769999999999996,9.427276955091884,9.16864524553614,9.297961100314069,0.2586317095557433,0.02781595652524839,0.04757434830270313,-0.7862150818452847,-0.3693203667712055,1.120000000000001,1.2299999999999969,0.10999999999999588,7.619570816521744,10.199166576637555,6.561741756146608,6.073373346953576
2024-04-12 10:59:40,502.66,521.33,474.2636268510433,492.5255481975437,30.86,33.68,483.39458752429346,966.7891750485869,18.2619213465004,0.037778497691193395,64.53999999999999,2.8200000000000003,9.465457716318951,9.601483934152043,9.53347082523544,0.13602621783309132,0.01426827711107564,0.038180761227067705,0.43283868861590236,0.23550972492137134,1.1499999999999986,1.2000000000000028,0.05000000000000426,7.489844747977204,13.720656054046598,5.749029563292067,4.8133944308236085
2024-04-12 10:59:41,509.84,530.87,483.15772013828246,502.11166114815774,32.01,34.89,492.6346906432201,985.2693812864402,18.95394100987528,0.03847463715284237,66.9,2.8800000000000026,8.894093287239173,9.586112950614051,9.24010311892664,0.6920196633748787,0.07489305904653226,-0.5713644290797788,-0.015370983537991378,-0.2933677063087998,1.1499999999999986,1.2100000000000009,0.060000000000002274,7.363747134222316,14.91196052223935,0.4204195969550872,1.901136090013546
2024-04-12 10:59:42,523.01,543.15,493.12079010371184,512.3712458611183,33.16,36.09,502.7460179824151,1005.4920359648302,19.250455757406428,0.03829061798713072,69.25,2.930000000000007,9.963069965429384,10.259584712960532,10.111327339194986,0.29651474753114826,0.02932500434999773,1.0689766781902108,0.6734717623464803,0.8712242202683456,1.1499999999999986,1.2000000000000028,0.05000000000000426,7.259870190939277,15.044575338471706,0.4831562931559561,0.34880885293841524
2024-04-12 10:59:43,531.39,552.71,502.6880925777839,522.4559343958388,34.28,37.29,512.5720134868113,1025.1440269736227,19.767841818054876,0.03856597952942573,71.57,3.009999999999998,9.56730247407205,10.084688534720499,9.825995504396246,0.5173860606484482,0.05265481830946761,-0.3957674913573328,-0.1748961782400329,-0.2853318347987397,1.1200000000000045,1.1999999999999957,0.07999999999999119,7.16182766976364,15.303056425887828,0.6858104866260679,0.366637871885884
2024-04-12 10:59:44,537.38,554.08,511.3610694333379,530.3619507968791,35.43,38.5,520.8615101151086,1041.7230202302171,19.000881363541225,0.0364797186163024,73.93,3.0700000000000003,8.672976855553998,7.906016401040347,8.289496628297229,0.7669604545136508,0.09252194631138275,-0.894325618518053,-2.178672133680152,-1.5364988760990173,1.1499999999999986,1.2100000000000009,0.060000000000002274,7.045333465031449,15.008124396621263,0.5450097632129877,0.7007242565064491
2024-04-12 10:59:45,542.17,567.75,519.0633020750034,539.7089630976593,36.58,39.7,529.3861325863313,1058.7722651726626,20.645661022655872,0.03899924783218565,76.28,3.1200000000000045,7.702232641665546,9.347012300780193,8.524622471222756,1.644779659114647,0.19294455229219915,-0.9707442138884517,1.4409958997398462,0.23512584292552674,1.1499999999999986,1.2000000000000028,0.05000000000000426,6.940038354041596,14.501162191042301,0.7055190992205906,0.7920121605601111
2024-04-12 10:59:46,554.14,577.32,527.8324765562526,549.1117223232445,37.71,40.91,538.4720994397485,1076.944198879497,21.27924576699195,0.03951782413538983,78.62,3.1999999999999957,8.769174481249138,9.402759225585214,9.085966853417176,0.6335847443360763,0.06973222385965068,1.066941839583592,0.05574692480502108,0.5613443821944202,1.1300000000000026,1.2099999999999937,0.07999999999999119,6.849047221962621,13.961324241238692,0.9574281500671612,0.7929778473542367
2024-04-12 10:59:47,562.53,582.8,536.5068574171894,557.5337917424333,38.85,42.08,547.0203245798114,1094.0406491596227,21.02693432524393,0.03843903661707001,80.93,3.229999999999997,8.674380860936822,8.422069419188801,8.548225140062868,0.2523114417480201,0.029516233849443355,-0.0947936203123163,-0.9806898063964127,-0.5377417133543076,1.1400000000000006,1.1700000000000017,0.030000000000001137,6.759178522434608,13.679561831029233,0.9444587296967377,0.616285658276938
2024-04-12 10:59:48,574.51,593.75,546.007643062892,566.587843806825,39.98,43.29,556.2977434348586,1112.5954868697172,20.580200743933005,0.03699493832181609,83.27,3.3100000000000023,9.50078564570265,9.054052064391726,9.277418855047245,0.446733581310923,0.048152782593738515,0.8264047847658276,0.6319826452029247,0.7291937149843761,1.1299999999999955,1.2100000000000009,0.0800000000000054,6.680650135153218,13.995468565955086,0.8887734441081461,0.41668274745304246
2024-04-12 10:59:49,580.5,600.6,554.6307322971691,575.0908828551188,41.13,44.49,564.860807576144,1129.721615152288,20.46015055794976,0.036221579276360265,85.62,3.3599999999999994,8.623089234277018,8.503039048293772,8.563064141285395,0.12005018598324568,0.01401953436094322,-0.8776964114256316,-0.5510130160979543,-0.7143547137618498,1.1500000000000057,1.2000000000000028,0.04999999999999716,6.597299707765058,14.03758515674104,0.34234243734871683,0.35534056561713595
2024-04-12 10:59:50,586.49,612.94,562.5955492228768,584.5531621413392,42.25,45.7,573.574355682108,1147.148711364216,21.95761291846236,0.038282068685005596,87.95,3.450000000000003,7.964816925707737,9.462279286220337,8.713548105964037,1.4974623605125998,0.17185446966582807,-0.6582723085692805,0.959240237926565,0.15048396467864222,1.1199999999999974,1.2100000000000009,0.09000000000000341,6.521595783519184,13.9222147448927,0.6010187685851502,0.3277282902324779
2024-04-12 10:59:51,594.87,623.92,570.6641619171576,594.3948716060044,43.4,46.87,582.5295167615809,1165.0590335231618,23.730709688846787,0.04073735143934689,90.27,3.469999999999999,8.068612694280773,9.8417094646652,8.955161079472873,1.7730967703844271,0.1979971724296024,0.10379576857303618,0.3794301784448635,0.24161297350883615,1.1499999999999986,1.1699999999999946,0.01999999999999602,6.453190542908945,13.96171564720048,1.3530998532427483,0.30754978669808597
2024-04-12 10:59:52,609.25,625.29,580.3106214378681,602.1186537045032,44.52,48.08,591.2146375711857,1182.4292751423714,21.80803226663511,0.03688682729395797,92.6,3.559999999999995,9.64645952071055,7.723782098498873,8.685120809604769,1.9226774222116774,0.2213759880817575,1.5778468264297771,-2.1179273661663274,-0.2700402698681046,1.1200000000000045,1.2100000000000009,0.0899999999999963,6.384607248235189,13.835718566569348,1.3221880322916288,0.28339988334840954
2024-04-12 10:59:53,616.44,637.65,589.3429660784011,611.0014902783774,45.67,49.28,600.1722281783893,1200.3444563567787,21.65852419997634,0.03608718155724392,94.95,3.6099999999999994,9.032344640532983,8.882836573874215,8.957590607203656,0.14950806665876826,0.016690654498976547,-0.6141148801775671,1.159054475375342,0.27246979759888745,1.1499999999999986,1.2000000000000028,0.05000000000000426,6.320929140152293,13.955798581136065,1.1717621230137993,0.17504906715962607
2024-04-12 10:59:54,618.84,650.02,596.7172245588008,620.7561177087831,46.79,50.46,608.736671133792,1217.473342267584,24.0388931499823,0.03948980610239772,97.25,3.6700000000000017,7.374258480399703,9.754627430405662,8.564442955402683,2.380368950005959,0.277936193219451,-1.65808616013328,0.8717908565314474,-0.3931476518009731,1.1199999999999974,1.1799999999999997,0.060000000000002274,6.259502980712484,13.909225368495738,1.1475690717571618,0.17463252018579167
2024-04-12 10:59:55,627.23,658.28,604.3454184191006,630.1370882815872,47.94,51.66,617.2412533503439,1234.4825067006877,25.79166986248663,0.04178539538746931,99.6,3.719999999999999,7.6281938602998025,9.38097057280413,8.504582216551853,1.7527767125043283,0.20609789661332567,0.2539353799000992,-0.37365685760153156,-0.059860738850829875,1.1499999999999986,1.1999999999999957,0.04999999999999716,6.197201276637978,13.747891161223519,1.7178898698798786,0.21370209626919381
2024-04-12 10:59:56,639.22,663.78,613.0640638143254,638.5478162111904,49.06,52.84,625.8059400127579,1251.6118800255158,25.48375239686493,0.04072149324057857,101.9,3.780000000000001,8.718645395224826,8.410727929603127,8.564686662414033,0.3079174656216992,0.03595197837429485,1.0904515349250232,-0.9702426432010043,0.06010444586218,1.1200000000000045,1.1800000000000068,0.060000000000002274,6.141373247020458,13.63824260197341,1.9623386263650915,0.18128052878063156
2024-04-12 10:59:57,650.01,672.04,622.300547860744,646.9208621583928,50.19,54.04,634.6107050095684,1269.2214100191368,24.620314297648747,0.03879593278919176,104.22999999999999,3.8500000000000014,9.236484046418582,8.3730459472024,8.80476499681049,0.8634380992161823,0.09806485482169101,0.517838651193756,-0.037681982400727065,0.24007833439645765,1.1299999999999955,1.1999999999999957,0.07000000000000028,6.088560864635975,13.58956631993393,1.6410960989665484,0.19367611608030882
2024-04-12 10:59:58,651.21,680.3,629.5279108955581,655.2656466187946,51.31,55.22,642.3967787571763,1284.7935575143526,25.737735723236483,0.04006516927585667,106.53,3.9099999999999966,7.227363034814061,8.344784460401797,7.786073747607929,1.117421425587736,0.1435153735110281,-2.0091210116045204,-0.028261486800602142,-1.0186912492025613,1.1200000000000045,1.1799999999999997,0.05999999999999517,6.030195932854411,13.392929592362162,0.7717648776265146,0.3859262157168212
2024-04-12 10:59:59,656.0,691.33,636.1459331716685,664.2817349640959,52.46,56.43,650.2138340678822,1300.4276681357644,28.1358017924274,0.04327161354462725,108.89,3.969999999999999,6.618022276110423,9.016088345301341,7.817055310705882,2.398066069190918,0.3067735441417553,-0.6093407587036381,0.6713038848995438,0.030981563097952858,1.1499999999999986,1.2100000000000009,0.060000000000002274,5.971290550983485,13.055181518994539,1.307022439354504,0.46474511134963825
2024-04-12 11:00:00,666.8,699.61,643.8094498787514,673.113801223072,53.58,57.6,658.4616255509117,1316.9232511018233,29.304351344320594,0.0445042659476145,111.18,4.020000000000003,7.663516707082863,8.832066258976056,8.24779148302946,1.168549551893193,0.14168028042625758,1.0454944309724397,-0.18402208632528527,0.4307361723235772,1.1199999999999974,1.1700000000000017,0.05000000000000426,5.92248263742066,12.796635532693697,1.972623090379312,0.4498027026045305
2024-04-12 11:00:01,681.19,709.27,653.1545874090635,682.152850917304,54.7,58.78,667.6537191631837,1335.3074383263674,28.998263508240484,0.04343308908868644,113.48,4.079999999999998,9.345137530312172,9.039049694232062,9.19209361227206,0.3060878360801098,0.03329903019834697,1.6816208232293093,0.2069834352560065,0.944302129242601,1.1200000000000045,1.1799999999999997,0.05999999999999517,5.883448301724845,12.997224150197042,2.073878885576982,0.617760095552264
2024-04-12 11:00:02,683.59,714.79,660.7634405567977,690.312138187978,55.82,59.98,675.5377893723878,1351.0755787447756,29.54869763118029,0.04374099873064344,115.8,4.159999999999997,7.60885314773418,8.159287270673985,7.884070209204083,0.5504341229398051,0.06981597557074486,-1.736284382577992,-0.879762423558077,-1.3080234030679776,1.1199999999999974,1.1999999999999957,0.0799999999999983,5.833659616051194,13.242265982742186,1.552223171357462,0.592297145342265
2024-04-12 11:00:03,684.79,729.99,666.7700804175983,700.2316036409834,56.95,61.16,683.5008420292909,1367.0016840585818,33.46152322338514,0.048956081860971716,118.11,4.209999999999994,6.006639860800533,9.919465453005387,7.9630526569030735,3.912825592204854,0.4913725011526041,-1.6022132869336474,1.7601781823314013,0.07898244769899065,1.1300000000000026,1.1799999999999997,0.04999999999999716,5.786985320822162,13.231129315502187,2.066860828705293,0.5672235537273168
2024-04-12 11:00:04,694.38,738.28,673.6725603131987,709.7437027307376,58.07,62.34,691.7081315219682,1383.4162630439364,36.07114241753891,0.052147922977316324,120.41,4.270000000000003,6.902479895600436,9.512099089754201,8.207289492677319,2.6096191941537654,0.31796354673714927,0.8958400347999032,-0.40736636325118525,0.24423683577424526,1.1199999999999974,1.1800000000000068,0.06000000000000938,5.744606974315765,13.024087051996027,3.14751344596575,0.5228949654458743
2024-04-12 11:00:05,707.58,746.58,682.149420234899,718.9527770480531,59.19,63.51,700.5510986414761,1401.1021972829521,36.803356813154096,0.05253486409769266,122.69999999999999,4.32,8.476859921700338,9.209074317315526,8.842967119507875,0.7322143956151876,0.0828018811918929,1.5743800260999024,-0.3030247724386754,0.6356776268305566,1.1199999999999974,1.1699999999999946,0.04999999999999716,5.709462860081608,12.963346267337505,3.6066981751083063,0.5736451303033638
2024-04-12 11:00:06,717.18,747.97,690.9070651761742,726.2070827860398,60.31,64.69,708.557073981107,1417.114147962214,35.30001760986556,0.049819582439151855,125.0,4.3799999999999955,8.757644941275203,7.2543057379866696,8.005975339630936,1.503339203288533,0.18777712292837415,0.28078501957486424,-1.9547685793288565,-0.8369917798769393,1.1200000000000045,1.1799999999999997,0.05999999999999517,5.668456546501204,13.13943520685027,2.9009401690620424,0.38897077016545334
2024-04-12 11:00:07,718.38,764.59,697.7752988821308,735.8028120895299,61.43,65.87,716.7890554858303,1433.5781109716606,38.027513207399124,0.05305258620135039,127.30000000000001,4.440000000000005,6.868233705956527,9.595729303490089,8.231981504723308,2.7274955975335615,0.3313291295223954,-1.8894112353186756,2.341423565503419,0.2260061650923717,1.1199999999999974,1.1800000000000068,0.06000000000000938,5.630707382993895,13.192158363150519,1.708248637542165,0.35201042257128773
2024-04-12 11:00:08,732.78,760.43,706.5264741615981,741.9596090671474,62.56,67.04,724.2430416143727,1448.4860832287454,35.43313490554931,0.048924370440125695,129.60000000000002,4.480000000000004,8.751175279467361,6.156796977617546,7.453986128542397,2.594378301849815,0.34805242578372114,1.8829415735108341,-3.4389323258725426,-0.7779953761809111,1.1300000000000026,1.1700000000000017,0.03999999999999915,5.588295031065413,12.861007164696746,1.122253504757458,0.49884183980702734
2024-04-12 11:00:09,745.98,774.29,716.3898556211985,750.0422068003605,63.68,68.22,733.2160312107795,1466.432062421559,33.652351179162,0.04589691127960479,131.9,4.539999999999999,9.863381459600419,8.082597733213106,8.97298959640682,1.7807837263873125,0.1984604471891921,1.1122061801330574,1.92580075559556,1.5190034678644224,1.1199999999999974,1.1799999999999926,0.05999999999999517,5.5588781323116105,12.813809191483301,1.6550033468499452,0.6234044225110594
2024-04-12 11:00:10,751.98,783.99,725.2873917158989,758.5291551002704,64.8,69.4,741.9082734080846,1483.8165468161692,33.24176338437144,0.04480575905544747,134.2,4.6000000000000085,8.8975360947004,8.486948299909841,8.692242197305063,0.4105877947905583,0.0472361144839869,-0.9658453649000194,0.40435056669673486,-0.28074739910175595,1.1199999999999974,1.1800000000000068,0.06000000000000938,5.528377554990366,13.150464546347107,1.8884688592730285,0.59361300863092
2024-04-12 11:00:11,757.98,790.93,733.4605437869242,766.6293663252028,65.92,70.55,750.0449550560635,1500.089910112127,33.16882253827862,0.04422244596202492,136.47,4.6299999999999955,8.173152071025243,8.100211224932423,8.13668164797889,0.07294084609281981,0.008964445247343886,-0.7243840236751566,-0.38673707497741816,-0.5555605493261737,1.1200000000000045,1.1499999999999915,0.029999999999986926,5.496042716787724,13.314699471344785,2.0723323925546966,0.5817599236487039
2024-04-12 11:00:12,767.58,802.04,741.9904078401931,775.4820247439021,67.04,71.72,758.7362162920476,1517.4724325840953,33.49161690370897,0.04414131834017567,138.76,4.679999999999993,8.529864053268966,8.85265841869932,8.691261235984143,0.32279436543035445,0.03714010193984249,0.35671198224372347,0.7524471937668977,0.5545795880052538,1.1200000000000045,1.1700000000000017,0.04999999999999716,5.467974998732147,13.570305198899524,0.9346139206549016,0.6046230417550624
2024-04-12 11:00:13,774.79,810.38,750.1903058801448,784.2065185579266,68.14,72.9,767.1984122190357,1534.3968244380715,34.01621267778182,0.044338220845707314,141.04000000000002,4.760000000000005,8.199898039951677,8.724493814024527,8.462195926988102,0.52459577407285,0.06199285819026268,-0.32996601331728925,-0.12816460467479374,-0.2290653089960415,1.0999999999999943,1.1800000000000068,0.0800000000000125,5.439580308986495,13.40748683240396,0.34099844681040525,0.311935079967518
2024-04-12 11:00:14,784.39,813.15,758.7402294101086,791.442388918445,69.26,74.08,775.0913091642767,1550.1826183285534,32.70215950833642,0.0421913638812508,143.34,4.819999999999993,8.549923529963735,7.235870360518334,7.892896945240977,1.3140531694454012,0.1664855137570491,0.35002549001205807,-1.488623453506193,-0.5692989817471243,1.1200000000000045,1.1799999999999926,0.05999999999998806,5.407362241920709,13.20716632476534,0.48082799788792235,0.3526633974794222
2024-04-12 11:00:15,791.6,824.28,766.9551720575814,799.6517916888338,70.38,75.23,783.3034818732076,1566.6069637464152,32.69661963125236,0.04174195614619133,145.61,4.8500000000000085,8.214942647472867,8.209402770388806,8.212172708930893,0.005539877084061118,0.0006745932660966971,-0.33498088249086777,0.9735324098704723,0.31927576368991595,1.1199999999999903,1.1500000000000057,0.030000000000015348,5.3794621007742975,13.105319162326358,0.5595343072195273,0.3071302796520476
2024-04-12 11:00:16,798.8,835.41,774.916379043186,808.5913437666253,71.51,76.4,791.7538614049056,1583.5077228098112,33.6749647234393,0.042532112974041685,147.91000000000003,4.890000000000001,7.961206985604576,8.939552077791518,8.45037953169799,0.9783450921869417,0.11577527053569935,-0.25373566186829066,0.7301493074027121,0.23820682276709704,1.1300000000000097,1.1700000000000017,0.03999999999999204,5.352943384841877,12.98834817668082,0.5938068833633317,0.30278913240176847
2024-04-12 11:00:17,810.81,846.55,783.8897842823895,818.081007824969,72.6,77.55,800.9853960536793,1601.9707921073586,34.19122354257945,0.042686450549969356,150.14999999999998,4.950000000000003,8.973405239203544,9.489664058343692,9.231534648773732,0.5162588191401483,0.055923395497987964,1.0121982535989673,0.5501119805521739,0.7811551170757411,1.0899999999999892,1.1499999999999915,0.060000000000002274,5.334568036757319,13.324912478153852,0.7154144261917074,0.4944367480664808
2024-04-12 11:00:18,812.02,847.94,790.9223382117922,825.5457558687268,73.72,78.73,808.2340470402595,1616.468094080519,34.623417656934635,0.042838355722437944,152.45,5.010000000000005,7.0325539294026385,7.464748043757822,7.248650986580174,0.43219411435518396,0.05962406736526027,-1.9408513098009053,-2.0249160145858696,-1.982883662193558,1.1200000000000045,1.1800000000000068,0.060000000000002274,5.301633596186461,13.283406965192562,0.86923396560457,0.7290447654014923
2024-04-12 11:00:19,820.42,859.09,798.2967536588442,833.9318169015452,74.82,79.88,816.1142852801947,1632.2285705603895,35.635063242700994,0.043664305161380895,154.7,5.060000000000002,7.374415447052002,8.386061032818361,7.880238239935238,1.0116455857663595,0.12837752192085394,0.3418615176493631,0.9213129890605387,0.6315872533550646,1.0999999999999943,1.1499999999999915,0.04999999999999716,5.275463994859281,12.99213856544676,1.0918096314040995,0.7304294566402106
2024-04-12 11:00:20,833.64,870.25,807.1325652441332,843.0113626761589,75.94,81.06,825.071963960146,1650.143927920292,35.87879743202575,0.04348565816771974,157.0,5.1200000000000045,8.83581158528898,9.079545774613734,8.9576786799513,0.24373418932475488,0.02720952278191756,1.461396138236978,0.6934847417953733,1.077440440016062,1.1200000000000045,1.1800000000000068,0.060000000000002274,5.255235405763762,12.937902751079807,0.9392319452208864,0.8046785396219361
2024-04-12 11:00:21,839.65,870.25,815.2619239330999,849.8210220071192,77.03,82.21,832.5414729701095,1665.082945940219,34.55909807401929,0.04151036213153275,159.24,5.179999999999993,8.129358688966704,6.809659330960244,7.469509009963417,1.31969935800646,0.17667816981919052,-0.7064528963222756,-2.2698864436534905,-1.488169669987883,1.0900000000000034,1.1499999999999915,0.05999999999998806,5.228218209883768,12.648568294585202,0.735423623151731,0.8902315091151443
2024-04-12 11:00:22,848.06,887.0,823.4614429498249,859.1157665053394,78.16,83.38,841.2886047275822,1682.5772094551644,35.65432355551445,0.04238060911888742,161.54,5.219999999999999,8.199519016725048,9.294744498220211,8.747131757472744,1.095225481495163,0.1252096557651424,0.07016032775834447,2.4850851672599674,1.2776227475093265,1.1299999999999955,1.1700000000000017,0.04000000000000625,5.2079274453364786,13.054103797541966,0.6275070231625987,0.7611268170814849
2024-04-12 11:00:23,861.27,899.57,832.9135822123686,869.2293248790046,79.25,84.53,851.0714535456866,1702.1429070913732,36.31574266663597,0.042670615343363624,163.78,5.280000000000001,9.45213926254371,10.113558373665228,9.782848818104412,0.6614191111215177,0.06761006490128033,1.2526202458186617,0.8188138754450165,1.0357170606316686,1.0900000000000034,1.1500000000000057,0.060000000000002274,5.196430872812649,13.631151018825811,0.6475535967211334,0.9137139404033534
2024-04-12 11:00:24,867.28,903.76,841.5051866592764,877.8619936592534,80.37,85.68,859.6835901592649,1719.3671803185298,36.356806999976925,0.04229091653471081,166.05,5.310000000000002,8.591604446907809,8.632668780248764,8.612136613578286,0.04106433334095527,0.00476819289048649,-0.8605348156359014,-1.4808895934164639,-1.1707122045261258,1.1200000000000045,1.1500000000000057,0.030000000000001137,5.177257362131933,13.88799241464861,0.7301071898764789,0.8309706200456463
2024-04-12 11:00:25,874.5,914.95,849.7538899944573,887.13399524444,81.47,86.83,868.4439426194486,1736.8878852388973,37.38010524998276,0.0430426229863406,168.3,5.359999999999999,8.248703335180835,9.272001585186672,8.760352460183753,1.023298250005837,0.11681015550990939,-0.3429011117269738,0.6393328049379079,0.14821584660546705,1.0999999999999943,1.1499999999999915,0.04999999999999716,5.160094696728187,14.264926202908034,1.0384154258633551,0.8211235509018672
2024-04-12 11:00:26,880.51,926.15,857.442917495843,896.88799643333,82.56,88.01,877.1654569645865,1754.330913929173,39.4450789374871,0.04496880101619277,170.57,5.450000000000003,7.689027501385681,9.754001188890015,8.721514345137848,2.0649736875043345,0.23676776406241554,-0.5596758337951542,0.4819996037033434,-0.0388381150459054,1.0900000000000034,1.1800000000000068,0.09000000000000341,5.142554094049554,14.095981812693212,1.4841678768950908,0.48320291354537126
2024-04-12 11:00:27,888.92,875.83,865.3121881218822,891.6234973249975,83.68,88.78,878.4678427234398,1756.9356854468797,26.311309203115343,0.02995136292250977,172.46,5.099999999999994,7.869270626039224,-5.264499108332529,1.3023857588533474,13.133769734371754,10.084385183656996,0.18024312465354342,-15.018500297222545,-7.419128586284501,1.1200000000000045,0.769999999999996,0.3500000000000085,5.093748333698779,11.663787140379766,5.107792316443269,3.4611658737430666
2024-04-12 11:00:28,861.27,866.06,864.3016410914116,885.2326229937481,84.62,88.78,874.7671320425799,1749.5342640851597,20.930981902336498,0.023927490084744266,173.4,4.159999999999997,-1.0105470304705477,-6.3908743312493925,-3.70071068085997,5.380327300778845,1.453862868757332,-8.879817656509772,-1.126375222916863,-5.0030964397133175,0.9399999999999977,0.0,0.9399999999999977,5.0447931199411,7.7472264819410634,8.03437710182785,5.702453793602751
2024-04-12 11:00:29,854.06,928.95,861.7412308185587,896.1619672453112,84.62,89.13,878.951599031935,1757.90319806387,34.420736426752455,0.03916112835507876,173.75,4.509999999999991,-2.5604102728528915,10.929344251563066,4.184466989355087,13.489754524415957,3.2237681250597894,-1.5498632423823437,17.32021858281246,7.885177670215057,0.0,0.3499999999999943,0.3499999999999943,5.0587142099178175,4.295430547699945,7.820836937345139,5.278697441342226
2024-04-12 11:00:30,892.53,928.95,869.438423113919,904.3589754339835,84.75,90.28,886.8986992739513,1773.7973985479025,34.92055232006442,0.03937377775982524,175.03,5.530000000000001,7.69719229536031,8.197008188672271,7.94710024201629,0.4998158933119612,0.06289285590945246,10.257602568213201,-2.732336062890795,3.762633252661203,0.12999999999999545,1.1500000000000057,1.0200000000000102,5.067123888515268,4.572877606307566,7.44225848642029,5.099187148139803
2024-04-12 11:00:31,910.56,949.97,879.7188173354392,915.7617315754876,85.85,91.43,897.7402744554634,1795.4805489109267,36.04291424004839,0.040148487514122304,177.28,5.5800000000000125,10.280394221520169,11.402756141504142,10.841575181512098,1.1223619199839732,0.10352386970244348,2.583201926159859,3.205747952831871,2.894474939495808,1.0999999999999943,1.1500000000000057,0.05000000000001137,5.063968126080185,9.17222896952156,6.609564906430323,5.677428200993685
2024-04-12 11:00:32,912.97,954.18,888.0316130015794,925.3662986816156,86.94,92.58,906.6989558415976,1813.3979116831952,37.33468568003616,0.04117649568064807,179.51999999999998,5.640000000000001,8.312795666140232,9.604567106128002,8.95868138613423,1.2917714399877696,0.14419212383141347,-1.9675985553799364,-1.79818903537614,-1.8828937953778677,1.0900000000000034,1.1499999999999915,0.05999999999998806,5.050684886313017,13.206107965660117,6.690524422105731,5.761076305728217
2024-04-12 11:00:33,916.57,959.79,895.1662097511846,933.9722240112117,88.04,93.73,914.5692168811981,1829.1384337623963,38.80601426002704,0.04243092102960753,181.77,5.689999999999998,7.13459674960518,8.605925329596062,7.870261039600564,1.4713285799908817,0.1869478516201419,-1.1781989165350524,-0.9986417765319402,-1.0884203465336668,1.1000000000000085,1.1500000000000057,0.04999999999999716,5.031464003134368,14.414161402929711,1.7924256235727993,2.42712320287033
2024-04-12 11:00:34,935.82,966.81,905.3296573133886,942.1816680084088,89.13,94.88,923.7556626608987,1847.5113253217974,36.852010695020226,0.03989367767335089,184.01,5.75,10.163447562203942,8.209443997197127,9.186445779700534,1.9540035650068148,0.21270504383965014,3.028850812598762,-0.3964813323989347,1.3161847400999704,1.0899999999999892,1.1499999999999915,0.060000000000002274,5.0201383492242835,14.337395071206455,1.4506727268888433,1.2046885710100372
2024-04-12 11:00:35,938.22,979.45,913.5522429850414,951.4987510063065,90.23,96.03,932.525496995674,1865.050993991348,37.94650802126512,0.04069219351409215,186.26,5.799999999999997,8.222585671652837,9.317082997897728,8.769834334775283,1.0944973262448912,0.12480249451262206,-1.9408618905511048,1.1076390007006012,-0.4166114449252518,1.1000000000000085,1.1500000000000057,0.04999999999999716,5.0065794695001316,13.700172747451715,1.0513947009396707,1.0815012345210964
2024-04-12 11:00:36,940.63,980.85,920.321682238781,958.8365632547299,91.32,97.18,939.5791227467555,1879.158245493511,38.514881015948845,0.040991631298025466,188.5,5.860000000000014,6.76943925373962,7.337812248423347,7.05362575108154,0.5683729946837275,0.0805788305422566,-1.4531464179132172,-1.9792707494743809,-1.7162085836937422,1.0899999999999892,1.1500000000000057,0.060000000000016485,4.984504603513267,13.248297159714438,0.8090957908183632,0.8881937148607065
2024-04-12 11:00:37,953.86,996.31,928.7062616790857,968.2049224410474,92.42,98.33,948.4555920600666,1896.9111841201332,39.49866076196167,0.04164523995743909,190.75,5.909999999999997,8.38457944030472,9.368359186317548,8.876469313311077,0.9837797460128286,0.11083006096889224,1.6151401865650996,2.0305469378942007,1.8228435622295365,1.1000000000000085,1.1499999999999915,0.04999999999998295,4.97224423112882,13.229308870674693,0.9947176963190397,0.8751855809481481
2024-04-12 11:00:38,962.28,951.37,937.0996962593142,963.9961918307855,93.51,99.12,950.5479440450499,1901.0958880900998,26.89649557147129,0.028295780041054708,192.63,5.609999999999999,8.393434580228472,-4.2087306102619095,2.0923519849833383,12.602165190490382,6.022963276720125,0.008855139923753086,-13.577089796579457,-6.7841173283277385,1.0900000000000034,0.7900000000000063,0.29999999999999716,4.934578929089295,11.151277023400256,5.146282015198404,2.971964804306305
2024-04-12 11:00:39,962.28,945.76,943.3947721944855,959.4371438730891,94.61,99.12,951.4159580337873,1902.8319160675746,16.04237167860356,0.016861575135753898,193.73000000000002,4.510000000000005,6.295075935171326,-4.559047957696407,0.8680139887374025,10.854123892867733,12.504535098703684,-2.0983586450571465,-0.3503173474344976,-1.2243379962459358,1.0999999999999943,0.0,1.0999999999999943,4.911040897758459,8.18013523861468,10.179436721706217,3.7936899931496724
2024-04-12 11:00:40,927.4,996.31,939.3960791458642,968.6553579048168,95.02,99.45,954.0257185253405,1908.051437050681,29.259278758952632,0.03066927668733092,194.47,4.430000000000007,-3.9986930486213623,9.218214031727712,2.6097604915531747,13.216907080349074,5.064411871784941,-10.293768983792688,13.777261989424119,1.7417465028157721,0.4099999999999966,0.3299999999999983,0.0799999999999983,4.905773196994741,5.530591167097447,9.587942801975986,3.4653886318314275
2024-04-12 11:00:41,929.8,952.77,936.9970593593982,964.6840184286126,95.02,99.67,950.8405388940055,1901.681077788011,27.686959069214367,0.02911840409360413,194.69,4.650000000000006,-2.399019786465942,-3.971339476204207,-3.185179631335018,1.572319689738265,0.4936359571793742,1.5996732621554202,-13.189553507931919,-5.7949401228881925,0.0,0.21999999999999886,0.21999999999999886,4.883869402692158,2.0009658345649965,8.337110187653124,4.344980234785183
2024-04-12 11:00:42,940.63,955.58,937.9052945195488,962.4080138214595,95.54,99.67,950.1566541705041,1900.3133083410082,24.5027193019107,0.025788083647652532,195.21,4.1299999999999955,0.9082351601505252,-2.2760046071531406,-0.6838847235013645,3.1842397673036658,4.6560991959313975,3.3072549466164674,1.6953348690510666,2.5012949078336533,0.5200000000000102,0.0,0.5200000000000102,4.867356433088201,1.5394416672537998,5.2289898995355015,2.343959261334131
2024-04-12 11:00:43,934.61,956.98,937.0814708896615,961.0510103660946,95.54,100.11,949.0662406278781,1898.1324812557561,23.969539476433056,0.025255918317481717,195.65,4.569999999999993,-0.8238236298872152,-1.357003455364861,-1.0904135426260382,0.5331798254776459,0.48896984095020635,-1.7320587900377404,0.9190011517882795,-0.40652881912467365,0.0,0.4399999999999977,0.4399999999999977,4.850836881048,1.854255359163899,5.108922490472967,2.175274603209686
2024-04-12 11:00:44,973.11,958.39,946.0886031672462,960.385757774571,95.65,100.11,953.2371804709086,1906.4743609418172,14.297154607324728,0.014998528052864309,195.76,4.459999999999994,9.007132277584674,-0.6652525915236538,4.17093984303051,9.672384869108328,2.318993539616015,9.830955907471889,0.6917508638412073,5.261353385656548,0.10999999999999943,0.0,0.10999999999999943,4.869417529635733,2.0948549853800933,5.823151480301773,2.9726372153867326
2024-04-12 11:00:45,938.22,969.61,944.1214523754347,962.6918183309282,95.95,100.43,953.4066353531814,1906.8132707063628,18.570365955493457,0.019477907167214453,196.38,4.480000000000004,-1.9671507918114912,2.306060556357238,0.16945488227281658,4.273211348168729,25.217250005455966,-10.974283069396165,2.971313147880892,-4.001484960757693,0.29999999999999716,0.3200000000000074,0.020000000000010232,4.854906968623457,1.9163777903262453,5.3242596270897975,2.6995773108649646
2024-04-12 11:00:46,937.02,955.58,942.346089281576,960.9138637481961,95.95,100.43,951.629976514886,1903.259953029772,18.567774466620108,0.019511548506603933,196.38,4.480000000000004,-1.7753630938586866,-1.7779545827320362,-1.7766588382953614,0.00259148887334959,0.0014586297373818202,0.1917876979528046,-4.084015139089274,-1.946113720568178,0.0,0.0,0.0,4.8458599229505355,1.897215641139546,4.261677620359832,2.3512777598854093
2024-04-12 11:00:47,940.63,1008.98,941.9170669611821,972.9303978111471,96.27,100.52,957.4237323861646,1914.8474647723292,31.013330849965087,0.03239248179098173,196.79,4.25,-0.42902232039398314,12.016534062950996,5.793755871278563,12.445556383344979,2.14809779903631,1.3463407734647035,13.794488645683032,7.5704147095739245,0.3199999999999932,0.0899999999999892,0.23000000000000398,4.86520518075593,3.046772099102438,6.4309738728130466,3.345762035411744
2024-04-12 11:00:48,937.02,964.0,940.6928002208865,970.6977983583604,96.27,100.76,955.6952992896234,1911.390598579247,30.004998137473876,0.0313959879559739,197.03,4.490000000000009,-1.2242667402955476,-2.232599452786758,-1.7284330965411527,1.0083327124912103,0.583379322653395,-0.7952444199015645,-14.249133515737753,-7.522188967819716,0.0,0.2400000000000091,0.2400000000000091,4.85050649362593,2.2781010701514264,7.533134522948181,3.476642600125151
2024-04-12 11:00:49,946.64,952.77,942.1796001656649,966.2158487687703,96.58,100.76,954.1977244672175,1908.395448934435,24.03624860310549,0.02519000827772491,197.34,4.180000000000007,1.4867999447783404,-4.4819495895900445,-1.497574822405909,5.968749534368385,3.9856075699588795,2.711066685073888,-2.2493501368032867,0.23085827413524385,0.3100000000000023,0.0,0.3100000000000023,4.835298062389376,2.2077422190093663,5.984908601004815,3.2325887862883147
2024-04-12 11:00:50,940.63,961.19,941.7922001242487,964.9593865765778,96.58,101.06,953.3757933504132,1906.7515867008265,23.167186452329133,0.024300162212650047,197.64,4.480000000000004,-0.38740004141618556,-1.2564621921925436,-0.8219311168043077,0.8690621507763581,1.057340543103843,-1.874199986194526,3.225487397397501,0.6756437056016011,0.0,0.29999999999999716,0.29999999999999716,4.82379978003751,2.211498244795689,5.1534263412722,3.264571777298479
2024-04-12 11:00:51,985.14,965.4,952.6291500931865,965.0695399324334,96.69,101.06,958.8493450128099,1917.6986900256197,12.440389839246905,0.012974290373120518,197.75,4.3700000000000045,10.836949968937802,0.11015335585557295,5.4735516623966305,10.726796613082229,1.9597503257391573,11.224350010353987,1.3666155480481166,6.295482779200938,0.10999999999999943,0.0,0.10999999999999943,4.848795651903991,2.254512637936369,7.4074051145528115,3.8408755731548654
2024-04-12 11:00:52,938.22,972.42,949.0268625698898,966.9071549493251,96.88,101.39,957.9670087596074,1915.9340175192149,17.880292379435332,0.018664831040394823,198.26999999999998,4.510000000000005,-3.6022875232966953,1.837615016891732,-0.8823362532024248,5.439902540188427,6.165332496666568,-14.439237492234497,1.727461661036159,-6.355887915599055,0.18999999999999773,0.3299999999999983,0.14000000000000057,4.8316286070912335,2.3565833214822596,6.646911142473897,3.024278314728411
2024-04-12 11:00:53,940.63,968.21,946.9276469274173,967.2328662119938,96.88,101.39,957.0802565697056,1914.1605131394113,20.305219284576538,0.02121579577467951,198.26999999999998,4.510000000000005,-2.0992156424724726,0.32571126266873307,-0.8867521899018129,2.4249269051412057,2.7346131175572195,1.5030718808242227,-1.511903754222999,-0.004415936699388112,0.0,0.0,0.0,4.827156159492357,2.3904626640239526,4.666745167826337,2.918017061588255
2024-04-12 11:00:54,945.44,1010.38,946.555735195563,978.0196496589954,97.18,101.58,962.2876924272791,1924.5753848545583,31.46391446343239,0.03269699350655796,198.76,4.3999999999999915,-0.37191173185431126,10.78678344700154,5.2074358575735005,11.15869517885585,2.1428383068393932,1.7273039106181614,10.461072184332807,6.094188047475313,0.30000000000001137,0.18999999999999773,0.11000000000001364,4.84145546179223,3.2131485241723667,7.029566397597242,3.3995608967734605
2024-04-12 11:00:55,939.42,971.02,944.7718013966722,976.2697372442466,97.18,101.72,960.5207693204594,1921.0415386409188,31.497935847574354,0.032792560890761026,198.9,4.539999999999992,-1.7839337988907573,-1.749912414748792,-1.7669231068197178,0.03402138414196543,0.019254581456359453,-1.412022067036446,-12.536695861750331,-6.974358964393218,0.0,0.14000000000000057,0.14000000000000057,4.829164225697814,2.0805882173776045,8.491650144370249,3.5900516592586835
2024-04-12 11:00:56,950.25,966.81,946.1413510475041,973.9048029331849,97.51,101.72,960.0230769903445,1920.046153980689,27.76345188568075,0.028919567166863443,199.23000000000002,4.209999999999994,1.3695496508319138,-2.3649343110616883,-0.4976923301148872,3.734483961893602,7.50358450862007,3.153483449722671,-0.6150218963128964,1.2692307767048305,0.3299999999999983,0.0,0.3299999999999983,4.818667229692703,2.077458213707477,6.35047904397506,2.8185288933504107
2024-04-12 11:00:57,945.44,962.6,945.9660132856282,971.0786021998887,97.51,101.94,958.5223077427584,1917.0446154855167,25.112588914260527,0.026199274325914592,199.45,4.429999999999993,-0.17533776187599415,-2.8262007332962185,-1.5007692475861631,2.6508629714202243,1.7663349707817495,-1.544887412707908,-0.4612664222345302,-1.003076917471276,0.0,0.21999999999999886,0.21999999999999886,4.805827540420812,1.9826333075003637,4.713329162237438,2.8924068489870685
2024-04-12 11:00:58,981.53,969.61,954.8570099642211,970.7114516499165,97.7,101.94,962.7842308070688,1925.5684616141375,15.854441685695406,0.016467284321781933,199.64,4.239999999999995,8.890996678592956,-0.3671505499721661,4.261923064310395,9.258147228565122,2.172292863238319,9.06633444046895,2.4590501833240523,5.762692311896558,0.18999999999999773,0.0,0.18999999999999773,4.82260181318607,1.7332086385833787,6.448613732539517,3.331528750142781
2024-04-12 11:00:59,947.84,975.23,953.1027574731659,971.8410887374374,97.81,102.13,962.4719231053016,1924.9438462106032,18.73833126427155,0.019468964023745837,199.94,4.319999999999993,-1.7542524910552402,1.129637087520905,-0.3123077017671676,2.883889578576145,9.23409934548075,-10.645249169648196,1.496787637493071,-4.574230766077562,0.10999999999999943,0.18999999999999773,0.0799999999999983,4.813803732577263,1.7734981980399944,6.431217284070882,2.443192551432861
2024-04-12 11:01:00,939.42,971.02,949.6820681048744,971.635816553078,97.81,102.13,960.6589423289762,1921.3178846579524,21.95374844820367,0.022852801819683514,199.94,4.319999999999993,-3.420689368291505,-0.2052721843593872,-1.8129807763253893,3.215417183932118,1.7735518502834764,-1.666436877236265,-1.3349092718802922,-1.5006730745582217,0.0,0.0,0.0,4.804736108453737,1.7678715215886833,4.77617550051594,2.4517652434474853
2024-04-12 11:01:01,944.24,975.23,948.3215510786558,972.5343624148085,98.0,102.35,960.4279567467322,1920.8559134934644,24.21281133615264,0.025210439930297857,200.35,4.349999999999994,-1.360517026218531,0.8985458617304403,-0.23098558224398857,2.2590628879489714,9.780061101396566,2.060172342072974,1.1038180460898275,1.5819951940814008,0.18999999999999773,0.21999999999999886,0.030000000000001137,4.793750696046826,1.7269137495412163,3.8595675510893392,2.4403534965393763
2024-04-12 11:01:02,947.84,975.23,948.2011633089919,973.2082718111063,98.0,102.35,960.7047175600492,1921.4094351200984,25.00710850211442,0.026029963233236,200.35,4.349999999999994,-0.12038776966392106,0.6739093962978586,0.2767608133169688,0.7942971659617797,2.869966620185748,1.24012925655461,-0.22463646543258164,0.5077463955609574,0.0,0.0,0.0,4.7951320826798955,1.12273214683755,3.8328560087152215,2.2762794186391315
2024-04-12 11:01:03,951.45,979.45,949.013372481744,974.7687038583297,98.19,102.54,961.8910381700368,1923.7820763400737,25.755331376585673,0.026775726488530903,200.73000000000002,4.3500000000000085,0.812209172752091,1.560432047223344,1.1863206099876606,0.7482228744712529,0.6307082903758581,0.9325969424160121,0.8865226509254853,0.9095597966706919,0.18999999999999773,0.19000000000001194,1.4210854715202004e-14,4.791964496478216,0.8978644322414743,2.839834655422983,1.0911214706911498
2024-04-12 11:01:04,950.25,972.42,949.3225293613079,974.1815278937472,98.19,102.54,961.7520286275276,1923.5040572550552,24.858998532439273,0.02584761743842308,200.73000000000002,4.3500000000000085,0.3091568795639432,-0.5871759645824568,-0.1390095425092568,0.8963328441464,6.447948680487401,-0.5030522931881478,-2.1476080118058007,-1.3253301524969174,0.0,0.0,0.0,4.791271976467172,0.6805240033523676,1.4514114530341424,1.088563366676708
2024-04-12 11:01:05,947.84,1010.38,948.951897020981,983.2311459203104,98.41,102.6,966.0915214706457,1932.1830429412914,34.27924889932933,0.0354824031699035,201.01,4.189999999999998,-0.3706323403268925,9.049618026563166,4.339492843118137,9.420250366890059,2.1708177744806183,-0.6797892198908357,9.636793991145623,4.478502385627394,0.21999999999999886,0.05999999999998806,0.1600000000000108,4.806186342293714,2.2810391349283528,4.204266049053979,1.9029743849402954
2024-04-12 11:01:06,950.25,969.61,949.2764227657358,979.8258594402329,98.41,102.76,964.5511411029843,1929.1022822059685,30.549436674497088,0.031672179256240364,201.17000000000002,4.3500000000000085,0.3245257447547374,-3.405286480077507,-1.5403803676614416,3.7298122248322443,2.421356362220044,0.6951580850816299,-12.454904506640673,-5.879873210779579,0.0,0.1600000000000108,0.1600000000000108,4.79470664765262,2.2371340950853966,4.175820241069594,2.1969932154993095
2024-04-12 11:01:07,958.67,968.21,951.6248170743019,976.9218945801747,98.6,102.76,964.2733558272382,1928.5467116544764,25.297077505872835,0.026234342499214282,201.36,4.160000000000011,2.3483943085660712,-2.9039648600581813,-0.27778527574605505,5.252359168624253,18.90791456315798,2.023868563811334,0.5013216200193256,1.2625950919153865,0.18999999999999773,0.0,0.18999999999999773,4.788802895502758,1.8600262218227985,4.123992726352263,2.245037800247057
2024-04-12 11:01:08,953.86,980.85,952.1836128057264,977.9039209351309,98.6,102.98,965.0437668704287,1930.0875337408575,25.720308129404543,0.026651960238199136,201.57999999999998,4.38000000000001,0.5587957314245386,0.9820263549562469,0.7704110431905065,0.42323062353170826,0.5493561883832757,-1.7895985771415326,3.8859912150144282,1.0481963189365615,0.0,0.21999999999999886,0.21999999999999886,4.787398363344729,1.6054364820252471,4.129099317110438,2.230809922914502
2024-04-12 11:01:09,992.36,979.45,962.2277096042948,978.2904407013482,98.68,102.98,970.2590751528214,1940.5181503056428,16.062731097053415,0.016555094914178822,201.66000000000003,4.299999999999997,10.044096798568376,0.3865197662172477,5.215308282392698,9.657577032351128,1.8517745562963794,9.485301067143837,-0.5955065887389992,4.4448972392021915,0.0800000000000125,0.0,0.0800000000000125,4.811361054951206,2.456287409883182,6.8526686766580776,2.941094184616186
2024-04-12 11:01:10,955.06,982.26,960.435782203221,979.2828305260111,98.79,103.17,969.859306364616,1939.718612729232,18.8470483227901,0.019432765329646523,201.96,4.3799999999999955,-1.7919274010737354,0.9923898246629506,-0.3997687882053924,2.784317225736686,6.964801512980188,-11.836024199642111,0.6058700584457029,-5.61507707059809,0.10999999999999943,0.18999999999999773,0.0799999999999983,4.802234608647165,2.9937506824542504,5.801018712704281,2.625046879340392
2024-04-12 11:01:11,949.05,982.26,957.5893366524158,980.0271228945085,98.79,103.17,968.8082297734621,1937.6164595469243,22.43778624209267,0.023160193657912193,201.96,4.3799999999999955,-2.8464455508052424,0.7442923684973266,-1.051076591153901,3.590737919302569,3.4162443853079973,-1.054518149731507,-0.24809745616562395,-0.6513078029485087,0.0,0.0,0.0,4.797030228641473,2.7939207717595305,4.170151643041058,2.5253789126642867
2024-04-12 11:01:12,950.25,978.04,955.7545024893118,979.5303421708813,99.01,103.39,967.6424223300966,1935.2848446601931,23.77583968156955,0.02457089427698519,202.4,4.3799999999999955,-1.8348341631040057,-0.49678072362712555,-1.1658074433655656,1.3380534394768802,1.1477472539262639,1.0116113877012367,-1.2410730921244522,-0.11473085221166457,0.21999999999999886,0.21999999999999886,0.0,4.780841983939005,2.09527009539746,3.8854148209237476,2.652665447961202
2024-04-12 11:01:13,955.06,975.23,955.5808768669839,978.455256628161,99.01,103.39,967.0180667475724,1934.036133495145,22.874379761177124,0.023654552612917865,202.4,4.3799999999999955,-0.17362562232790424,-1.0750855427203305,-0.6243555825241174,0.9014599203924263,1.443822241367344,1.6612085407761015,-0.578304819093205,0.5414518608414483,0.0,0.0,0.0,4.777757223171024,1.3903482442096036,3.2441005267239538,2.7126266077524592
2024-04-12 11:01:14,956.27,994.91,955.7531576502379,982.5689424711207,99.2,103.61,969.1610500606794,1938.3221001213587,26.815784820882868,0.02766906985328688,202.81,4.409999999999997,0.17228078325399565,4.11368584295974,2.1429833131069245,3.941405059705744,1.8392132110344042,0.3459064055818999,5.18877138568007,2.767338895631042,0.18999999999999773,0.21999999999999886,0.030000000000001137,4.778664983393395,1.152307285678248,2.8604456444811697,1.3569036104851506
2024-04-12 11:01:15,956.27,976.64,955.8823682376784,981.0867068533405,99.2,103.61,968.4845375455095,1936.969075091019,25.204338615662095,0.02602451315693124,202.81,4.409999999999997,0.12921058744052516,-1.4822356177802476,-0.6765125151698612,1.6114462052207728,2.3819867143617457,-0.04307019581347049,-5.595921460739987,-2.8194958282767857,0.0,0.0,0.0,4.775329287363444,0.8774634135099157,1.7952204756351346,1.371653900510803
2024-04-12 11:01:16,956.27,1001.94,955.9792761782588,986.3000301400053,99.39,103.61,971.1396531591321,1942.2793063182642,30.320753961746505,0.03122182667744109,203.0,4.219999999999999,0.09690794058042229,5.213323286664831,2.65511561362257,5.116415346084409,1.9270021210494814,-0.03230264686010287,6.695558904445079,3.331628128792431,0.18999999999999773,0.0,0.18999999999999773,4.783939154557601,1.5935557495050026,2.9359968747022074,1.786162469718559
2024-04-12 11:01:17,957.47,987.88,956.3519571336942,986.695022605004,99.39,103.8,971.5234898693491,1943.0469797386982,30.343065471309842,0.03123245681291549,203.19,4.409999999999997,0.37268095543538493,0.3949924649987224,0.38383671021699683,0.022311509563337495,0.05812745587379631,0.27577301485496264,-4.818330821666109,-2.271278903405573,0.0,0.18999999999999773,0.18999999999999773,4.781354816122812,1.8763673434725185,3.2565405794460616,1.5511527205460696
2024-04-12 11:01:18,958.67,980.85,956.9314678502707,985.233766953753,99.61,103.8,971.0826174020119,1942.1652348040238,28.30229910348237,0.02914509905455407,203.41,4.189999999999998,0.5795107165764648,-1.4612556512510082,-0.440872467337158,2.040766367827473,4.628916274217057,0.20682976114107987,-1.8562481162497306,-0.8247091775541548,0.21999999999999886,0.0,0.21999999999999886,4.774016088825505,1.3606234529698888,2.2355532325471335,1.5113959055459176
2024-04-12 11:01:19,953.86,982.26,956.1636008877031,984.4903252153149,99.61,104.02,970.326963051509,1940.653926103018,28.326724327611828,0.02919296832619827,203.63,4.409999999999997,-0.7678669625676093,-0.7434417384381504,-0.7556543505029367,0.02442522412945891,0.03232323322160343,-1.3473776791440741,0.7178139128128578,-0.3147818831657787,0.0,0.21999999999999886,0.21999999999999886,4.765147366725736,1.2132091368270388,2.1001504586148276,1.4272482382584122
2024-04-12 11:01:20,997.18,979.45,966.4177006657773,983.2302439114862,99.67,104.02,974.8239722886317,1949.6479445772634,16.81254324570898,0.01724674782975513,203.69,4.349999999999994,10.254099778074192,-1.260081303828656,4.497009237122711,11.514181081902848,2.5604080210566478,11.021966740641801,-0.5166395653905056,5.252663587625648,0.060000000000002274,0.0,0.060000000000002274,4.7858214320919545,1.7563645332590712,5.685153523309427,2.244312649677436
2024-04-12 11:01:21,961.08,992.09,965.0832754993329,985.4451829336147,99.81,104.21,975.2642292164737,1950.5284584329474,20.36190743428176,0.020878349480491196,204.01999999999998,4.3999999999999915,-1.3344251664443618,2.2149390221284193,0.44025692784202874,3.549364188572781,8.062010844348379,-11.588524944518554,3.4750203259570753,-4.056752309280682,0.14000000000000057,0.18999999999999773,0.04999999999999716,4.780238331713732,2.2733290863101203,5.893243898019171,2.117026532705773
2024-04-12 11:01:22,959.88,987.88,963.7824566244997,986.053887200211,99.81,104.21,974.9181719123553,1949.8363438247106,22.271430575711292,0.022844410120267073,204.01999999999998,4.3999999999999915,-1.300818874833226,0.6087042665963054,-0.3460573041184034,1.9095231414295313,5.517923190122872,0.03360629161113593,-1.606234755532114,-0.7863142319604322,0.0,0.0,0.0,4.7785421386815665,2.3745257326933444,5.050550730008311,2.1792936180263647
2024-04-12 11:01:23,961.08,996.31,963.1068424683747,988.6179154001583,100.0,104.43,975.8623789342664,1951.7247578685328,25.511072931783588,0.026142080539575674,204.43,4.430000000000007,-0.6756141561249933,2.564028199947302,0.9442070219110974,3.239642356072295,3.4310684519659014,0.6252047187082326,1.9553239333509964,1.2902643260295008,0.18999999999999773,0.22000000000001307,0.030000000000015348,4.773577137214152,2.2245198447376375,4.468369230511505,2.0874619898114237
2024-04-12 11:01:24,957.47,993.5,961.6976318512811,989.8384365501187,100.0,104.43,975.7680342007,1951.5360684014,28.14080469883754,0.028839645985174567,204.43,4.430000000000007,-1.4092106170935494,1.2205211499604047,-0.09434473356645867,2.629731767053954,27.873351212024104,-0.7335964609685561,-1.343507049986897,-1.038551755477556,0.0,0.0,0.0,4.773115635804844,0.4757253895376676,4.409779553643852,1.9695209238467029
2024-04-12 11:01:25,965.89,1044.2,962.7457238884608,1003.428827412589,100.22,104.65,983.0872756505249,1966.1745513010499,40.68310352412823,0.041383002801887094,204.87,4.430000000000007,1.0480920371796856,13.590390862470372,7.319241449824972,12.542298825290686,1.7136061431590663,2.457302654273235,12.369869712509967,7.4135861833914305,0.21999999999999886,0.21999999999999886,0.0,4.7985906714108175,3.4355406510010584,8.00616086011065,3.2065896432161893
2024-04-12 11:01:26,962.28,992.09,962.6292929163455,1000.5941205594418,100.22,104.65,981.6117067378937,1963.2234134757873,37.964827643096214,0.03867601348254644,204.87,4.430000000000007,-0.11643097211526765,-2.8347068531472814,-1.4755689126312745,2.718275881032014,1.8421871154750735,-1.1645230092949532,-16.425097715617653,-8.794810362456246,0.0,0.0,0.0,4.791388206894642,3.796783958639637,8.011332491338129,3.4896521433548786
2024-04-12 11:01:27,965.89,993.5,963.4444696872591,998.8205904195813,100.41,104.65,981.1325300534202,1962.2650601068403,35.37612073232219,0.036056414003865146,205.06,4.240000000000009,0.8151767709135811,-1.7735301398604406,-0.4791766844734866,2.5887069107740217,5.402394549358982,0.9316077430288487,1.0611767132868408,0.9963922281577879,0.18999999999999773,0.0,0.18999999999999773,4.784611944156873,3.4333865252366462,6.472812967723424,3.5055309055689756
2024-04-12 11:01:28,965.89,992.09,964.0558522654443,997.1379428146861,100.41,104.84,980.5968975400651,1961.1937950801303,33.0820905492418,0.03373668690824452,205.25,4.430000000000007,0.6113825781851574,-1.6826476048952372,-0.5356325133550399,2.2940301830803946,4.2828354198961724,-0.2037941927284237,0.09088253496520338,-0.056455828881553316,0.0,0.18999999999999773,0.18999999999999773,4.77757316814856,2.7709403486233946,4.794373673551144,3.5982940105029892
2024-04-12 11:01:29,973.11,992.09,966.3193891990833,995.8759571110146,100.6,104.84,981.0976731550489,1962.1953463100979,29.556567911931324,0.03012601975372772,205.44,4.240000000000009,2.2635369336389886,-1.2619857036714848,0.5007756149838087,3.5255226373104733,7.0401103642278935,1.6521543554538312,0.42066190122375247,1.0364081283388487,0.18999999999999773,0.0,0.18999999999999773,4.7755922331554554,0.9545000555238787,4.300748302170882,3.564929082074616
2024-04-12 11:01:30,958.67,992.09,964.4070418993125,994.929467833261,100.6,104.95,979.6682548662868,1959.3365097325736,30.52242593394851,0.031155879300139806,205.55,4.3500000000000085,-1.9123472997707722,-0.9464892777535852,-1.4294182887621218,0.9658580220171871,0.675699586265987,-4.175884233409761,0.3154964259178996,-1.9301939037459306,0.0,0.10999999999999943,0.10999999999999943,4.766082462175647,0.737878472115442,3.458561096310681,0.8139238810278137
2024-04-12 11:01:31,999.59,996.31,973.2027814244844,995.2746008749458,100.65,104.95,984.2386911497151,1968.4773822994302,22.071819450461362,0.022425271051124213,205.60000000000002,4.299999999999997,8.795739525171939,0.34513304168478953,4.570436283428307,8.45060648348715,1.8489711070158932,10.708086824942711,1.2916223194383747,5.999854572190429,0.05000000000001137,0.0,0.05000000000001137,4.78715314378678,1.7212551873976627,5.0411650884047905,2.3621602266782977
2024-04-12 11:01:32,969.5,992.09,972.2770860683634,994.4784506562094,100.79,105.14,983.3777683622864,1966.7555367245727,22.201364587846,0.022576638683060153,205.93,4.349999999999994,-0.9256953561210821,-0.7961502187364431,-0.8609227874287626,0.12954513738463902,0.15047224769051729,-9.721434881293021,-1.1412832604212326,-5.43135907085707,0.14000000000000057,0.18999999999999773,0.04999999999999716,4.775301139158866,1.931420303005276,5.051338490540841,2.4084627827851683
2024-04-12 11:01:33,965.89,993.5,970.6803145512725,994.2338379921571,100.79,105.14,982.4570762717149,1964.9141525434297,23.553523440884533,0.023974099210820193,205.93,4.349999999999994,-1.596771517090815,-0.24461266405228344,-0.9206920905714924,1.3521588530385316,1.4686314765316852,-0.6710761609697329,0.5515375546841597,-0.05976930314272977,0.0,0.0,0.0,4.77083024086284,1.8185977873633643,4.125220455648815,2.4535540380490213
2024-04-12 11:01:34,968.3,999.13,970.0852359134544,995.4578784941178,101.01,105.33,982.7715572037862,1965.5431144075724,25.37264258066341,0.025817436787687515,206.34,4.319999999999993,-0.5950786378181192,1.2240405019607579,0.31448093207131933,1.819119139778877,5.784494924071921,1.0016928792726958,1.4686531660130413,1.2351730226428117,0.21999999999999886,0.18999999999999773,0.030000000000001137,4.76287463623588,1.723938429989336,3.493142399895703,2.4525245733526133
2024-04-12 11:01:35,964.69,997.72,968.7364269350909,996.0234088705884,101.01,105.33,982.3799179028397,1964.7598358056794,27.286981935497465,0.027776404434215873,206.34,4.319999999999993,-1.348808978363536,0.5655303764705195,-0.39163930094650823,1.9143393548340555,4.888003992968853,-0.7537303405454168,-0.6585101254902384,-0.7061202330178276,0.0,0.0,0.0,4.760976607259199,0.7743372669371654,2.224488988054847,2.3053961756254546
2024-04-12 11:01:36,961.08,997.72,966.8223202013181,996.4475566529413,101.09,105.33,981.6349384271298,1963.2698768542596,29.62523645162321,0.03017948451275801,206.42000000000002,4.239999999999995,-1.914106733772769,0.4241477823529749,-0.7449794757098971,2.338254516125744,3.1386789216155027,-0.5652977554092331,-0.1413825941175446,-0.35334017476338886,0.0799999999999983,0.0,0.0799999999999983,4.755522399339247,0.6336153376607349,2.9512116542832736,0.509958415312522
2024-04-12 11:01:37,961.08,997.72,965.3867401509885,996.765667489706,101.09,105.33,981.0762038203472,1962.1524076406945,31.378927338717403,0.03198418959153479,206.42000000000002,4.239999999999995,-1.4355800503295768,0.3181108367646175,-0.5587346067825365,1.7536908870941943,3.1386775172478707,0.47852668344319227,-0.10603694558835741,0.18624486892736059,0.0,0.0,0.0,4.752815614124269,0.6918788512858979,3.1500963581207566,0.47636447081682975
2024-04-12 11:01:38,967.09,999.13,965.8125551132414,997.3567506172794,101.28,105.33,981.5846528652604,1963.1693057305208,31.544195504038044,0.03213599089984147,206.61,4.049999999999997,0.42581496225284354,0.5910831275734836,0.5084490449131636,0.16526816532064004,0.32504307350167627,1.8613950125824203,0.2729722908088661,1.0671836516957,0.18999999999999773,0.0,0.18999999999999773,4.750905803757584,0.6778124121751804,2.6742591474061355,0.5535689410486636
2024-04-12 11:01:39,967.09,1004.75,966.131916334931,999.2050629629596,101.28,105.5,982.6684896489453,1965.3369792978906,33.07314662802855,0.03365646394766087,206.78,4.219999999999999,0.31936122168963266,1.8483123456801422,1.0838367836848875,1.5289511239905096,1.4106826196742313,-0.10645374056321089,1.2572292181066587,0.5753877387717239,0.0,0.1700000000000017,0.1700000000000017,4.7522414396784205,0.6450551467634605,2.210162039823658,0.7828885844838738
2024-04-12 11:01:40,974.31,1001.94,968.1764372511983,999.8887972222198,101.39,105.5,984.032617236709,1968.065234473418,31.712359971021442,0.03222693982222552,206.89,4.109999999999999,2.044520916267288,0.6837342592601772,1.3641275877637327,1.360786657007111,0.9975501350923961,1.7251596945776555,-1.164578086419965,0.2802908040788452,0.10999999999999943,0.0,0.10999999999999943,4.756308243416313,1.1767360682941783,1.2294020046862157,0.9506527287935668
2024-04-12 11:01:41,969.5,999.13,968.5073279383987,999.6990979166649,101.39,105.5,984.1032129275318,1968.2064258550636,31.191769978266166,0.03169562860564247,206.89,4.109999999999999,0.3308906872003945,-0.1896993055548819,0.0705956908227563,0.5205899927552764,7.37414157360855,-1.7136302290668937,-0.8734335648150591,-1.2935318969409764,0.0,0.0,0.0,4.756649466725711,1.3807913355726475,0.7482113574397807,0.7734272737549172
2024-04-12 11:01:42,974.31,1000.53,969.957995953799,999.9068234374986,101.47,105.5,984.9324096956489,1969.8648193912977,29.948827483699574,0.030406987483077127,206.97,4.030000000000001,1.4506680154003107,0.2077255208337192,0.8291967681170718,1.2429424945665914,1.4989698988083917,1.1197773281999162,0.3974248263886011,0.7586010772943155,0.0799999999999983,0.0,0.0799999999999983,4.758817243739825,1.3278674398430654,1.1205808551375758,0.5031284532592127
2024-04-12 11:01:43,962.28,1000.53,968.0384969653492,1000.062617578124,101.47,105.5,984.0505572717366,1968.1011145434732,32.02412061277482,0.0325431659416138,206.97,4.030000000000001,-1.9194989884498455,0.1557941406254031,-0.881852423912278,2.0752931290752485,2.3533311464260835,-3.370167003850156,-0.051931380208316114,-1.7110491920293498,0.0,0.0,0.0,4.754556469619656,0.8135617834606022,1.1462101637080955,0.9068660417020394
2024-04-12 11:01:44,970.7,999.13,968.703872724012,999.829463183593,101.47,105.5,984.2666679538024,1968.5333359076049,31.125590459581076,0.03162312759474535,206.97,4.030000000000001,0.6653757586627762,-0.23315439453097042,0.21611068206584605,0.8985301531937466,4.157712089437061,2.5848747471126217,-0.3889485351563735,1.097963105978124,0.0,0.0,0.0,4.755600633899608,0.37777962054800285,0.7925785889471336,0.8466002381815727
2024-04-12 11:01:45,970.7,992.09,969.202904543009,997.8945973876948,101.61,105.5,983.5487509653519,1967.0975019307039,28.691692844685804,0.02917160210650803,207.11,3.8900000000000006,0.49903181899708215,-1.9348657958981903,-0.7179169884504972,2.4338976148952725,3.3902167852743497,-0.16634393966569405,-1.7017114013672199,-0.9340276705163433,0.14000000000000057,0.0,0.14000000000000057,4.748919637952935,0.49868782575554615,1.2961629539767154,0.7045385093938998
2024-04-12 11:01:46,965.89,993.5,968.3746784072567,996.7959480407711,101.61,105.5,982.5853132240139,1965.1706264480279,28.421269633514385,0.02892498923206457,207.11,3.8900000000000006,-0.8282261357522884,-1.0986493469237075,-0.963437741337998,0.2704232111714191,0.2806854235442749,-1.3272579547493706,0.8362164489744828,-0.24552075288750075,0.0,0.0,0.0,4.744267821349747,0.8763638917435853,1.5461037650652736,0.7897385621949713
2024-04-12 11:01:47,970.7,1003.35,968.9560088054425,998.4344610305783,101.61,105.61,983.6952349180103,1967.3904698360207,29.47845222513581,0.02996705803665476,207.22,4.0,0.5813303981857416,1.6385129898071682,1.109921693996398,1.0571825916214266,0.9524830849389385,1.40955653393803,2.7371623367308757,2.073359435334396,0.0,0.10999999999999943,0.10999999999999943,4.747105637346321,0.6489298007564713,1.5673771266939354,0.8935589640479928
2024-04-12 11:01:48,970.7,999.13,969.3920066040819,998.6083457729337,101.61,105.61,984.0001761885078,1968.0003523770156,29.216339168851846,0.02969139624784314,207.22,4.0,0.4359977986393915,0.17388474235542617,0.30494127049746567,0.2621130562839653,0.8595497628333679,-0.14533259954635014,-1.464628247451742,-0.8049804234989324,0.0,0.0,0.0,4.7485772195730656,0.6410974658950928,1.05786010980336,0.8388576466228139
2024-04-12 11:01:49,969.5,993.5,969.4190049530614,997.3312593297003,101.72,105.61,983.3751321413808,1966.7502642827617,27.912254376638884,0.028384136873050168,207.32999999999998,3.8900000000000006,0.02699834897953224,-1.2770864432334292,-0.6250440471269485,1.3040847922129615,2.086385290479868,-0.40899944965985924,-1.4509711855888554,-0.9299853176244142,0.10999999999999943,0.0,0.10999999999999943,4.743043107115891,0.5304389869349574,0.6247431614980182,0.8660608045743027
2024-04-12 11:01:50,967.09,999.13,968.836753714796,997.7809444972752,101.72,105.61,983.3088491060356,1966.6176982120712,28.944190782479154,0.02943550317823128,207.32999999999998,3.8900000000000006,-0.5822512382653713,0.4496851675748985,-0.06628303534523639,1.0319364058402698,15.568400452167577,-0.6092495872449035,1.7267716108083278,0.5587610117817121,0.0,0.0,0.0,4.74272340888107,0.5290953157633581,0.6296436506874411,0.8118944740379834
2024-04-12 11:01:51,967.09,997.72,968.4000652860971,997.7657083729564,101.72,105.61,983.0828868295267,1966.1657736590535,29.365643086859336,0.029870973699576326,207.32999999999998,3.8900000000000006,-0.4366884286989716,-0.015236124318789734,-0.22596227650888068,0.4214523043801819,1.8651362774146099,0.14556280956639966,-0.46492129189368825,-0.1596792411636443,0.0,0.0,0.0,4.741633541156095,0.35851163270012504,0.631335379520231,0.6560358028919517
2024-04-12 11:01:52,969.5,1000.53,968.6750489645729,998.4567812797172,101.72,105.61,983.565915122145,1967.13183024429,29.78173231514438,0.03027934562084389,207.32999999999998,3.8900000000000006,0.27498367847579175,0.6910729067608372,0.4830282926183145,0.41608922828504546,0.8614161390287267,0.7116721071747634,0.706309031079627,0.7089905691271952,0.0,0.0,0.0,4.7439632970538845,0.3446210063256935,0.7014652635821427,0.43848980604751675
2024-04-12 11:01:53,970.7,992.09,969.1812867234296,996.865085959788,101.72,105.61,983.0231863416088,1966.0463726832177,27.683799236358368,0.028161898511492603,207.32999999999998,3.8900000000000006,0.5062377588567415,-1.591695319929272,-0.5427287805362084,2.0979330787860135,3.865520474504437,0.23125408038094974,-2.2827682266901093,-1.025757073154523,0.0,0.0,0.0,4.741345592052589,0.22138708869175802,0.9109091036470041,0.44246510611907736
2024-04-12 11:01:54,975.52,996.31,970.7659650425722,996.726314469841,101.89,105.61,983.7461397562066,1967.4922795124132,25.96034942726874,0.02638927702152203,207.5,3.719999999999999,1.584678319142654,-0.13877148994697563,0.7229534145977823,1.7234498090896295,2.3838983126598317,1.0784405602859124,1.4529238299822964,1.2656821951339907,0.1700000000000017,0.0,0.1700000000000017,4.740945228989212,0.309552113695282,1.5482783577425174,0.5192435751886127
2024-04-12 11:01:55,974.31,993.5,971.6519737819292,995.9197358523808,101.89,105.61,983.785854817155,1967.57170963431,24.267762070451568,0.024667728171690585,207.5,3.719999999999999,0.8860087393569529,-0.8065786174602181,0.03971506094842425,1.692587356817171,42.61720111204344,-0.698669579785701,-0.6678071275132424,-0.683238353649358,0.0,0.0,0.0,4.741136626872378,0.3641606759277923,2.3183910812328063,0.5142134399142538
2024-04-12 11:01:56,971.91,994.91,971.7164803364469,995.6673018892856,101.89,105.61,983.6918911128662,1967.3837822257324,23.950821552838647,0.02434788956265037,207.5,3.719999999999999,0.06450655451772036,-0.25243396309519994,-0.09396370428885348,0.3169405176129203,3.3729741397219213,-0.8215021848392325,0.5541446543650181,-0.13367876523727773,0.0,0.0,0.0,4.740683789745457,0.31273944075742993,2.4391176236026464,0.4966794038248808
2024-04-12 11:01:57,971.91,1004.75,971.7648602523352,997.9379764169641,101.89,105.69,984.8514183346497,1969.7028366692994,26.173116164628937,0.02657570030442875,207.57999999999998,3.799999999999997,0.04837991588829027,2.2706745276785796,1.1595272217834918,2.2222946117902893,1.9165506884965138,-0.01612663862943009,2.5231084907737795,1.2534909260723452,0.0,0.0799999999999983,0.0799999999999983,4.744442690000034,0.6560808727854166,1.5243788517419787,0.6785319279289198
2024-04-12 11:01:58,970.7,1004.75,971.4986451892514,999.640982312723,101.89,105.69,985.5698137509872,1971.1396275019745,28.142337123471634,0.02855438214753162,207.57999999999998,3.799999999999997,-0.2662150630837914,1.7030058957589063,0.7183954163375574,1.9692209588426977,2.741134162224728,-0.31459497897208166,-0.5676686319196733,-0.44113180544593433,0.0,0.0,0.0,4.747903502279043,0.844567961260911,1.685790302677953,0.5235936457074121
2024-04-12 11:01:59,969.5,1000.53,970.9989838919386,999.8632367345422,101.89,105.69,985.4311103132404,1970.8622206264808,28.864252842603605,0.029290990015666842,207.57999999999998,3.799999999999997,-0.4996612973128549,0.22225442181911603,-0.1387034377468126,0.721915719131971,5.204705277344743,-0.23344623422906352,-1.4807514739397902,-0.85709885408437,0.0,0.0,0.0,4.747235309596325,0.8888471059532314,2.215415288894776,0.5749815875509005
2024-04-12 11:02:00,970.7,1000.53,970.9242379189538,1000.0299275509067,101.89,105.69,985.4770827349303,1970.9541654698605,29.105689631952828,0.029534618422219508,207.57999999999998,3.799999999999997,-0.07474597298471508,0.16669081636450755,0.04597242168983939,0.24143678934922264,5.251660208763245,0.42491532432813983,-0.05556360545460848,0.184675859436652,0.0,0.0,0.0,4.747456778049299,0.786016259909827,2.1731245374193078,0.5741790363688418
2024-04-12 11:02:01,970.7,996.31,970.8681784392154,999.0999456631799,101.89,105.69,984.9840620511977,1969.9681241023954,28.23176722396454,0.028662156356632443,207.57999999999998,3.799999999999997,-0.056059479738451046,-0.9299818877267398,-0.4930206837325386,0.8739224079882888,1.7725841211933118,0.018686493246264035,-1.0966727040912474,-0.538993105422378,0.0,0.0,0.0,4.745081690462068,0.3222702904488734,1.154065799464269,0.6691553831669006
2024-04-12 11:02:02,973.11,996.31,971.4286338294115,998.402459247385,102.02,105.69,984.9155465383983,1969.8310930767966,26.973825417973444,0.027386942449420346,207.70999999999998,3.6700000000000017,0.5604553901961253,-0.6974864157949696,-0.06851551279942214,1.257941805991095,18.359688118886638,0.6165148699345764,0.23249547193177023,0.42450517093311646,0.12999999999999545,0.0,0.12999999999999545,4.741782012404874,0.3024786444902123,0.8290258237234439,0.4428276657438843
2024-04-12 11:02:03,971.91,997.72,971.5489753720586,998.2318444355387,102.02,105.69,984.8904099037986,1969.7808198075973,26.682869063480098,0.02709222139648429,207.70999999999998,3.6700000000000017,0.12034154264711105,-0.17061481184623517,-0.025136634599675745,0.2909563544933462,11.574531936950795,-0.4401138475490143,0.5268716039487344,0.043378878199746396,0.0,0.0,0.0,4.741660994473727,0.2895516190479561,1.0962500724909718,0.21061209020683255
2024-04-12 11:02:04,964.69,1000.53,969.834231529044,998.806383326654,102.02,105.69,984.320307427849,1968.640614855698,28.972151797609968,0.02943366254820459,207.70999999999998,3.6700000000000017,-1.7147438430146167,0.5745388911152531,-0.5701024759496249,2.28928273412987,4.015556527377065,-1.8350853856617277,0.7451537029614883,-0.5449658413499492,0.0,0.0,0.0,4.738916290447897,0.4107736599342981,1.11903818153147,0.286683321402915
2024-04-12 11:02:05,963.48,992.09,968.2456736467831,997.1272874949905,102.02,105.69,982.6864805708867,1965.3729611417734,28.881613848207394,0.029390466226866478,207.70999999999998,3.6700000000000017,-1.5885578822609432,-1.679095831663517,-1.633826856962287,0.09053794940257376,0.055414619732893695,0.1261859607536735,-2.25363472277877,-1.063724381012662,0.0,0.0,0.0,4.731050386788486,0.972324637830427,1.0666087579445793,0.6490975590201257
2024-04-12 11:02:06,971.91,1000.53,969.1617552350873,997.9779656212429,102.02,105.69,983.5698604281652,1967.1397208563303,28.816210386155603,0.029297573579891753,207.70999999999998,3.6700000000000017,0.9160815883042233,0.8506781262524328,0.8833798572784417,0.06540346205179048,0.07403767187494681,2.5046394705651664,2.5297739579159497,2.5172067142407286,0.0,0.0,0.0,4.73530333490377,0.9506219218017385,1.1352364226541223,0.9192524114240926
2024-04-12 11:02:07,971.91,1000.53,969.8488164263155,998.615974215932,102.02,105.69,984.2323953211237,1968.4647906422474,28.76715778961659,0.029228013523170785,207.70999999999998,3.6700000000000017,0.6870611912281674,0.638008594689154,0.6625348929585471,0.04905259653901339,0.07403764393800544,-0.22902039707605581,-0.21266953156327872,-0.22084496431989464,0.0,0.0,0.0,4.73849304599023,0.8428703859191838,0.9763457406295536,1.0150138202894454
2024-04-12 11:02:08,970.7,997.72,970.0616123197367,998.391980661949,102.02,105.69,984.2267964908428,1968.4535929816857,28.330368342212296,0.02878439036047063,207.70999999999998,3.6700000000000017,0.21279589342123018,-0.22399355398306398,-0.0055988302808600565,0.43678944740429415,78.00047956760741,-0.47426529780693727,-0.862002148672218,-0.6681337232394071,0.0,0.0,0.0,4.738466090955548,0.695067193477961,0.24868720024892452,1.015587795660425
2024-04-12 11:02:09,969.5,1049.85,969.9212092398025,1011.2564854964618,102.02,105.74,990.5888473681321,1981.1776947362641,41.33527625665931,0.0417279846474689,207.76,3.719999999999999,-0.14040307993423085,12.864504834512786,6.362050877289221,13.004907914447017,2.044137357771471,-0.353198973355461,13.08849838849585,6.367649707570081,0.0,0.04999999999999716,0.04999999999999716,4.76794783692811,3.154418226789503,5.655335677034986,3.0209893565972887
2024-04-12 11:02:10,964.69,997.72,968.6134069298519,1007.8723641223464,102.02,105.85,988.2428855260991,1976.4857710521983,39.25895719249456,0.03972602052365772,207.87,3.8299999999999983,-1.3078023099506026,-3.3841213741153524,-2.3459618420329207,2.0763190641647498,0.8850605077638365,-1.1673992300163718,-16.24862620862814,-8.708012719322141,0.0,0.10999999999999943,0.10999999999999943,4.754139032914611,3.0868317400274567,6.4308453810187025,3.202492971411592
2024-04-12 11:02:11,964.69,1003.35,967.6325551973889,1006.7417730917598,102.02,105.85,987.1871641445744,1974.3743282891487,39.109217894370886,0.0396168216881581,207.87,3.8299999999999983,-0.980851732462952,-1.1305910305866291,-1.0557213815247906,0.14973929812367714,0.14183586589062094,0.32695057748765066,2.2535303435287233,1.2902404605081301,0.0,0.0,0.0,4.749060275150402,2.7274271480167456,6.281793490235589,3.3509618977555613
2024-04-12 11:02:12,970.7,996.31,968.3994163980417,1004.1338298188199,102.02,105.85,986.2666231084308,1972.5332462168617,35.734413420778196,0.03623200111134404,207.87,3.8299999999999983,0.7668612006527837,-2.607943272939906,-0.9205410361435042,3.3748044735926896,3.666105773649415,1.7477129331157357,-1.4773522423532768,0.13518034538128632,0.0,0.0,0.0,4.744631829334676,2.3574721273156123,5.118766464692815,3.4319668767666536
2024-04-12 11:02:13,971.91,1001.94,969.2770622985313,1003.585372364115,102.16,105.85,986.4312173313231,1972.8624346626461,34.30831006558367,0.03478023548729596,208.01,3.6899999999999977,0.8776459004895969,-0.5484574547049306,0.16459422289221948,1.4261033551945275,8.664305865841385,0.11078469983681316,2.0594858182349753,1.0851352590357237,0.14000000000000057,0.0,0.14000000000000057,4.7422297610167465,1.7718738789147839,2.8586700113158265,3.427694880453357
2024-04-12 11:02:14,975.52,997.72,970.8377967238985,1002.1190292730862,102.16,105.85,986.4784129984923,1972.9568259969847,31.281232549187735,0.03171000206927543,208.01,3.6899999999999977,1.5607344253671727,-1.4663430910287616,0.04719566716926238,3.0270775163959343,64.13752703214962,0.6830885248775758,-0.917885636323831,-0.1173985557229571,0.0,0.0,0.0,4.742456652353424,0.8188717524760303,3.371505545307038,1.0143550841166558
2024-04-12 11:02:15,969.5,1000.53,970.5033475429238,1001.7217719548146,102.16,105.85,986.1125597488692,1972.2251194977384,31.218424411890737,0.031658073991252055,208.01,3.6899999999999977,-0.33444918097461596,-0.39725731827161326,-0.3658532496231146,0.0628081372969973,0.17167529791357958,-1.8951836063417886,1.0690857727571483,-0.413048916792377,0.0,0.0,0.0,4.740697827066831,0.41287132339687765,3.3087254453301984,0.5516912951723055
2024-04-12 11:02:16,973.11,994.91,971.155010657193,1000.018828966111,102.16,105.85,985.586919811652,1971.173839623304,28.863818308917985,0.029285918572405575,208.01,3.6899999999999977,0.6516631142691267,-1.7029429887036258,-0.5256399372171927,2.3546061029727525,4.479495290907753,0.9861122952437427,-1.3056856704320126,-0.1597866875940781,0.0,0.0,0.0,4.738170833486281,0.3591095052206146,2.731381638266601,0.44008636859164274
2024-04-12 11:02:17,968.3,1001.94,970.4412579928946,1000.4991217245832,102.16,105.85,985.4701898587389,1970.9403797174778,30.0578637316886,0.030501037992327472,208.01,3.6899999999999977,-0.7137526642983403,0.4802927584722738,-0.11672995291314692,1.194045422770614,10.22903859663544,-1.365415778567467,2.1832357471758996,0.4089099843040458,0.0,0.0,0.0,4.737609658771834,0.46839444322560503,2.0258412989165113,0.2855824446331948
2024-04-12 11:02:18,969.5,1001.94,970.2059434946709,1000.8593412934374,102.16,105.85,985.5326423940542,1971.0652847881083,30.65339779876649,0.03110338151073305,208.01,3.6899999999999977,-0.23531449822371542,0.36021956885417694,0.062452535315287605,0.5955340670778924,9.535634197030241,0.47843816607462486,-0.12007318961809688,0.17918248822843452,0.0,0.0,0.0,4.737909896909496,0.44075602265412617,0.9982978093218692,0.2590425603804909
2024-04-12 11:02:19,970.7,999.13,970.3294576210033,1000.4270059700781,102.16,105.85,985.3782317955406,1970.7564635910812,30.097548349074827,0.030544157915572575,208.01,3.6899999999999977,0.12351412633233849,-0.43233532335932523,-0.1544105985135502,0.5558494496916637,3.59979078671921,0.3588286245560539,-0.7925548922135022,-0.21686313382883782,0.0,0.0,0.0,4.737167573954969,0.28816661338117616,0.8741373620049697,0.22882036731877056
2024-04-12 11:02:20,970.7,996.31,970.4220932157525,999.3977544775586,102.16,105.85,984.9099238466556,1969.8198476933112,28.975661261806067,0.029419605317021653,208.01,3.6899999999999977,0.09263559474925387,-1.0292514925195064,-0.4683079488850126,1.1218870872687603,2.3956131736107946,-0.030878531583084623,-0.5969161691601812,-0.3138973503714624,0.0,0.0,0.0,4.734916201681359,0.2716278801718622,0.7769406314095997,0.24885331519577425
2024-04-12 11:02:21,970.7,992.09,970.4915699118144,997.570815858169,102.16,105.85,984.0311928849917,1968.0623857699834,27.079245946354604,0.027518686515866163,208.01,3.6899999999999977,0.06947669606188356,-1.8269386193895798,-0.878730961663905,1.8964153154514634,2.1581271629867027,-0.02315889868737031,-0.7976871268700734,-0.41042301277889237,0.0,0.0,0.0,4.7306917367160235,0.6272532506616648,1.4188562794137005,0.37040248983916835
2024-04-12 11:02:22,970.7,1001.94,970.5436774338607,998.6631118936267,102.16,105.85,984.6033946637438,1969.2067893274875,28.119434459766012,0.02855914836735867,208.01,3.6899999999999977,0.05210752204629898,1.0922960354577071,0.5722017787520599,1.0401885134114082,1.8178669381508372,-0.017369174015584576,2.919234654847287,1.4509327404159649,0.0,0.0,0.0,4.733442574541134,0.6065152450965449,1.4493536884459601,0.5468938388000926
2024-04-12 11:02:23,970.7,1000.53,970.5827580753955,999.1298339202201,102.16,105.85,984.8562959978078,1969.7125919956156,28.547075844824576,0.028986031700103065,208.01,3.6899999999999977,0.03908064153483792,0.466722026593402,0.2529013340640631,0.4276413850585641,1.690934908296408,-0.013026880511461059,-0.6255740088643051,-0.3193004446879968,0.0,0.0,0.0,4.734658387881109,0.4923306313144275,1.109465509371705,0.5734126223201588
2024-04-12 11:02:24,970.7,999.13,970.6120685565465,999.129875440165,102.16,105.85,984.8709719983558,1969.7419439967116,28.517806883618505,0.028955881192029114,208.01,3.6899999999999977,0.029310481151014756,4.1519944943502196e-05,0.014676000547979129,0.029268961206071253,1.994205908107109,-0.009770160383823168,-0.4666805066484585,-0.238225333516084,0.0,0.0,0.0,4.734728942183678,0.3687636446316218,0.7201124986893394,0.5769764473048667
2024-04-12 11:02:25,970.7,996.31,970.6340514174099,998.4249065801238,102.16,105.85,984.5294789987668,1969.0589579975335,27.79085516271391,0.028227550040196583,208.01,3.6899999999999977,0.02198286086331791,-0.7049688600412765,-0.3414929995890361,0.7269517209045944,2.1287393681277837,-0.0073276202876968455,-0.70501037998622,-0.35616900013701525,0.0,0.0,0.0,4.73308722785289,0.34105648159497776,0.6067573359557994,0.5593360485139001
2024-04-12 11:02:26,962.28,1001.94,968.5455385630573,999.3036799350929,102.16,105.85,983.924609249075,1967.84921849815,30.75814137203554,0.03126066880698236,208.01,3.6899999999999977,-2.0885128543525298,0.8787733549690984,-0.6048697496917157,2.967286209321628,4.905653333102921,-2.1104957152158477,1.5837422150103748,-0.2633767501026796,0.0,0.0,0.0,4.730179340026421,0.3843775581507811,1.1667518651349962,0.46685174679493074
2024-04-12 11:02:27,1014.03,999.13,979.9166539222929,999.2602599513197,102.3,105.85,989.5884569368063,1979.1769138736126,19.343606029026773,0.01954712170891349,208.14999999999998,3.549999999999997,11.371115359235546,-0.04341998377321943,5.663847687731277,11.414535343008765,2.0153319716563605,13.459628213588076,-0.9221933387423178,6.268717437422993,0.14000000000000057,0.0,0.14000000000000057,4.754208273757378,2.287723671788314,4.417755850114264,2.6294324867345664
2024-04-12 11:02:28,974.31,992.09,978.5149904417196,997.4676949634897,102.3,105.85,987.9913427026047,1975.9826854052094,18.9527045217701,0.019183067384723015,208.14999999999998,3.549999999999997,-1.4016634805732338,-1.7925649878299055,-1.5971142342016265,0.3909015072566717,0.2447547295809732,-12.77277883980878,-1.749145004056686,-7.260961921932903,0.0,0.0,0.0,4.746535373317653,2.470986527462681,5.519470873077174,2.8786690156437476
2024-04-12 11:02:29,975.52,997.72,977.7662428312898,997.5307712226174,102.3,105.85,987.6485070269537,1975.2970140539073,19.764528391327644,0.02001170277755156,208.14999999999998,3.549999999999997,-0.7487476104298594,0.06307625912768344,-0.3428356756510311,0.8118238695575428,2.36796097738355,0.6529158701433744,1.855641246957589,1.2542785585505953,0.0,0.0,0.0,4.744888312669063,2.414421084168464,5.5416791402892,2.902026254328616
2024-04-12 11:02:30,971.91,994.91,976.3021821234673,996.875578416963,102.3,105.85,986.5888802702152,1973.1777605404304,20.573396293495648,0.020853059145576194,208.14999999999998,3.549999999999997,-1.4640607078224548,-0.6551928056544511,-1.059626756738453,0.8088679021680036,0.7633509947471637,-0.7153130973925954,-0.7182690647821346,-0.7167910810874218,0.0,0.0,0.0,4.739797624455526,2.098834582429241,5.000154226732185,2.9743877674963204
2024-04-12 11:02:31,974.31,1004.75,975.8041365926005,998.8441838127222,102.3,105.94,987.3241602026613,1974.6483204053227,23.040047220121778,0.023335848676139612,208.24,3.6400000000000006,-0.4980455308668752,1.9686053957592549,0.735279932446133,2.46665092662613,3.3547054163638848,0.9660151769555796,2.623798201413706,1.794906689184586,0.0,0.09000000000000341,0.09000000000000341,4.741280039672404,1.1121352294558933,1.627356276602097,2.919740438500298
2024-04-12 11:02:32,971.91,1003.35,974.8306024444503,999.9706378595416,102.3,105.94,987.400620151996,1974.801240303992,25.140035415091347,0.025460826007746053,208.24,3.6400000000000006,-0.9735341481501791,1.12645404681939,0.07645994933466227,2.099988194969569,27.464845953953848,-0.47548861728330394,-0.8421513489398649,-0.6588199831114707,0.0,0.0,0.0,4.741647211920615,0.5183331340554754,2.548558518599665,0.9192763165530079
2024-04-12 11:02:33,971.91,1004.75,974.1004518333377,1001.1654783946562,102.3,105.94,987.632965113997,1975.265930227994,27.06502656131852,0.027403931915932576,208.24,3.6400000000000006,-0.7301506111125491,1.194840535114622,0.23234496200097965,1.9249911462271712,8.285020878559768,0.24338353703763005,0.06838648829523208,0.15588501266631738,0.0,0.0,0.0,4.742762967591404,0.4321204304999855,3.0575518261958172,0.6736329024716319
2024-04-12 11:02:34,971.91,1000.53,973.5528388750033,1001.0066087959922,102.3,105.94,987.2797238354977,1974.5594476709955,27.45376992098886,0.027807488830547244,208.24,3.6400000000000006,-0.5476129583344118,-0.1588695986640687,-0.35324127849924025,0.3887433596703431,1.1005006572880525,0.18253765277813727,-1.3537101337786908,-0.5855862405002199,0.0,0.0,0.0,4.74106664951225,0.3913755799643654,2.8785482566866416,0.674695290529227
2024-04-12 11:02:35,969.5,1001.94,972.5396291562524,1001.2399565969941,102.3,105.94,986.8897928766232,1973.7795857532465,28.700327440741717,0.029081593120953594,208.24,3.6400000000000006,-1.0132097187508862,0.23334780100196895,-0.38993095887451545,1.2465575197528551,3.1968590708770592,-0.46559676041647435,0.39221739966603764,-0.0366896803752752,0.0,0.0,0.0,4.739194142035291,0.269307564941663,2.2163483816052882,0.4634605588566966
2024-04-12 11:02:36,965.89,1001.94,970.8772218671893,1001.4149674477457,102.3,105.94,986.1460946574675,1972.292189314935,30.53774558055636,0.030966756056765327,208.24,3.6400000000000006,-1.6624072890631396,0.17501085075150513,-0.7436982191557036,1.8374181398146447,2.47064685895543,-0.6491975703122534,-0.058336950250463815,-0.3537672602811881,0.0,0.0,0.0,4.735622790635059,0.5823012645659625,2.0024477185059055,0.3912081332759191
2024-04-12 11:02:37,970.7,1004.75,970.8329164003919,1002.2487255858092,102.3,105.94,986.5408209931006,1973.0816419862012,31.415809185417288,0.031844408751325846,208.24,3.6400000000000006,-0.044305466797368354,0.8337581380635584,0.394726335633095,0.8780636048609267,2.224481371305635,1.6181018222657713,0.6587472873120532,1.1384245547887986,0.0,0.0,0.0,4.737518326236949,0.5871312833919204,1.8986564468955711,0.4721903052218742
2024-04-12 11:02:38,970.7,1001.94,970.799687300294,1002.171544189357,102.3,105.94,986.4856157448255,1972.971231489651,31.371856889062997,0.031801636391398054,208.24,3.6400000000000006,-0.03322910009796942,-0.07718139645226074,-0.05520524827511508,0.04395229635429132,0.7961471342022598,0.011076366699398932,-0.9109395345158191,-0.4499315839082101,0.0,0.0,0.0,4.737253222279929,0.4316309169846223,1.7531351550018872,0.42587761716008043
2024-04-12 11:02:39,971.91,993.5,971.0772654752204,1000.0036581420177,102.3,105.94,985.540461808619,1971.080923617238,28.926392666797256,0.02935079152850007,208.24,3.6400000000000006,0.2775781749264752,-2.167886047339266,-0.9451539362064523,2.4454642222657412,2.587368619245695,0.3108072750244446,-2.0907046508870053,-0.8899486879313372,0.0,0.0,0.0,4.7327144500379585,0.5096017353574768,1.3073013971081664,0.5367259954673729
2024-04-12 11:02:40,970.7,1001.94,970.9829491064154,1000.4877436065133,102.3,105.94,985.7353463564643,1971.4706927129287,29.504794500097887,0.029931760669051347,208.24,3.6400000000000006,-0.09431636880503902,0.48408546449559253,0.19488454784527676,0.5784018333006316,2.9679052125498577,-0.3718945437315142,2.6519715118348586,1.140038484051729,0.0,0.0,0.0,4.733650315130686,0.44459781663412334,1.1131498766773074,0.5866621977741671
2024-04-12 11:02:41,971.91,1003.35,971.2147118298114,1001.2033077048849,102.3,105.94,986.2090097673481,1972.4180195346962,29.98859587507343,0.03040795160829036,208.24,3.6400000000000006,0.2317627233960593,0.7155640983716012,0.4736634108837734,0.4838013749755419,1.0214011520790738,0.3260790922010983,0.23147863387600864,0.27877886303849664,0.0,0.0,0.0,4.735924918514326,0.44747505875604676,1.1172411945193466,0.5730876490979995
2024-04-12 11:02:42,970.7,997.72,971.0860338723585,1000.3324807786637,102.3,105.94,985.7092573255111,1971.4185146510222,29.24644690630521,0.029670459782419074,208.24,3.6400000000000006,-0.12867795745296462,-0.8708269262211843,-0.4997524418370176,0.7421489687682197,1.485030230187496,-0.3604406808490239,-1.5863910245927855,-0.973415852720791,0.0,0.0,0.0,4.733525031655715,0.3952013302978144,0.956918158685836,0.5635054287302133
2024-04-12 11:02:43,970.7,1001.94,970.9895254042688,1000.7343605839977,102.3,105.94,985.8619429941332,1971.7238859882664,29.744835179728966,0.030171400124464055,208.24,3.6400000000000006,-0.09650846808972346,0.40187980533403334,0.1526856686220981,0.4983882734237568,3.2641243529733144,0.032169489363241155,1.2727067315552176,0.6524381104591157,0.0,0.0,0.0,4.734258251344001,0.2501363197248322,0.4154593371611031,0.5811464646409955
2024-04-12 11:02:44,970.7,994.91,970.9171440532016,999.2782704379982,102.3,105.94,985.0977072455998,1970.1954144911997,28.36112638479665,0.028790165835738384,208.24,3.6400000000000006,-0.07238135106717891,-1.4560901459994966,-0.7642357485333378,1.3837087949323177,1.810576104312991,0.024127117022544553,-1.85796995133353,-0.9169214171554358,0.0,0.0,0.0,4.7305882756195325,0.4021325552452646,0.6273793976440348,0.5196759540918339
2024-04-12 11:02:45,970.7,1001.94,970.8628580399011,999.9437028284987,102.3,105.94,985.4032804341998,1970.8065608683996,29.080844788597574,0.029511617564609707,208.24,3.6400000000000006,-0.05428601330049787,0.6654323905004276,0.30557318859996485,0.7197184038009254,2.3552984206500756,0.01809533776668104,2.121522536499924,1.0698089371333026,0.0,0.0,0.0,4.732055684316865,0.42621190532588843,0.6330880094013246,0.5368426540701454
2024-04-12 11:02:46,962.28,1001.94,968.7171435299258,1000.442777121374,102.3,105.94,984.5799603256498,1969.1599206512997,31.725633591448172,0.03222250587827566,208.24,3.6400000000000006,-2.145714509975278,0.4990742928753207,-0.8233201085499786,2.6447888028505986,3.212341789108945,-2.09142849667478,-0.1663580976251069,-1.1288932971499435,0.0,0.0,0.0,4.7281019765537255,0.5120273437008442,1.2711782080158875,0.5238301857222911
2024-04-12 11:02:47,979.13,996.31,971.3203576474443,999.4095828410304,102.43,105.94,985.3649702442374,1970.7299404884748,28.089225193586117,0.028506417432433553,208.37,3.509999999999991,2.603214117518519,-1.0331942803435368,0.7850099185875479,3.6364083978620556,4.632302954976679,4.748928627493797,-1.5322685732188575,1.6083300271375265,0.13000000000000966,0.0,0.13000000000000966,4.72891954463367,0.46975098168647983,1.4514416435714832,0.7019854024278674
2024-04-12 11:02:48,970.7,1001.94,971.1652682355832,1000.0421871307728,102.43,105.94,985.603727683178,1971.207455366356,28.876918895189647,0.02929871108926387,208.37,3.509999999999991,-0.1550894118611268,0.6326042897424031,0.23875743894063817,0.7876937016035299,3.29912402300206,-2.7583035293796456,1.66579857008594,-0.5462524796469097,0.0,0.0,0.0,4.730065378668295,0.3955863430476303,1.451839889986178,0.7097883331737417
2024-04-12 11:02:49,973.11,1001.94,971.6514511766874,1000.5166403480797,102.43,105.94,986.0840457623835,1972.168091524767,28.86518917139233,0.029272544532249156,208.37,3.509999999999991,0.48618294110417537,0.4744532173068592,0.4803180792055173,0.011729723797316183,0.024420690963844284,0.6412723529653022,-0.15815107243554394,0.2415606402648791,0.0,0.0,0.0,4.732370499736109,0.5437985632005861,1.3930149520715225,0.608401467975243
2024-04-12 11:02:50,965.89,993.5,970.2110883825155,998.7624802610597,102.43,105.94,984.4867843217876,1968.9735686435752,28.551391878544223,0.029001295196879627,208.37,3.509999999999991,-1.4403627941718469,-1.7541600870199545,-1.5972614405959575,0.31379729284810765,0.19645944515606725,-1.9265457352760222,-2.2286133043268137,-2.077579519801475,0.0,0.0,0.0,4.7247049939870545,0.6822789828052588,1.435920399290242,0.9956226983760106
2024-04-12 11:02:51,965.89,1001.94,969.1308162868867,999.5568601957948,102.43,105.94,984.3438382413408,1968.6876764826816,30.426043908908127,0.03090997545365679,208.37,3.509999999999991,-1.0802720956288567,0.7943799347350478,-0.1429460804467908,1.8746520303639045,13.11430792783282,0.36009069854299014,2.5485400217550023,1.4543153601491667,0.0,0.0,0.0,4.724018973543801,0.7434240053780075,0.8789724522431993,0.9306554287076557
2024-04-12 11:02:52,971.91,1001.94,969.8256122151649,1000.1526451468461,102.43,105.94,984.9891286810055,1969.978257362011,30.327032931681174,0.03078920570575511,208.37,3.509999999999991,0.6947959282782676,0.5957849510513142,0.6452904396646773,0.0990109772269534,0.15343606181790354,1.7750680239071244,-0.19859498368373352,0.788236520111468,0.0,0.0,0.0,4.727115822593894,0.7386106617696412,0.8932377187011105,0.9010461473730264
2024-04-12 11:02:53,974.31,999.13,970.9467091613736,999.8969838601346,102.43,105.94,985.4218465107541,1970.8436930215082,28.95027469876095,0.029378559823786544,208.37,3.509999999999991,1.121096946208695,-0.2556612867115291,0.4327178297486398,1.3767582329202241,3.181646229076658,0.4263010179304274,-0.8514462377628433,-0.21257260991603744,0.0,0.0,0.0,4.729192502671026,0.7116807086012901,0.8828491670445895,0.9218746482399378
2024-04-12 11:02:54,968.3,1051.26,970.2850318710302,1012.737737895101,102.43,106.05,991.5113848830656,1983.0227697661312,42.45270602407072,0.04281615584904378,208.48000000000002,3.6199999999999903,-0.6616772903433912,12.84075403496638,6.089538372311495,13.502431325309772,2.2173157113826916,-1.7827742365520862,13.09641532167791,5.656820542562855,0.0,0.10999999999999943,0.10999999999999943,4.755906466457977,3.0269944870285204,5.8229898948008145,2.9311515554859895
2024-04-12 11:02:55,965.89,1006.16,969.1862739032726,1011.0933034213257,102.43,106.05,990.1397886622992,1980.2795773245984,41.90702951805304,0.042324356576303235,208.48000000000002,3.6199999999999903,-1.0987579677575923,-1.6444344737752772,-1.3715962207663779,0.5456765060176849,0.3978401951797402,-0.4370806774142011,-14.485188508741658,-7.4611345930778725,0.0,0.0,0.0,4.749327436267132,3.294118763595093,6.7533546191203415,2.8808219408497884
2024-04-12 11:02:56,970.7,997.72,969.5647054274546,1007.7499775659942,102.43,106.05,988.6573414967244,1977.3146829934487,38.18527213853963,0.03862336372489556,208.48000000000002,3.6199999999999903,0.37843152418190584,-3.3433258553315,-1.482447165574854,3.721757379513406,2.510548069024867,1.4771894919394981,-1.6988913815562228,-0.11085094480847602,0.0,0.0,0.0,4.742216695867746,2.8700742774788552,6.3742223573203,3.0839822382862283
2024-04-12 11:02:57,967.09,1007.57,968.946029070591,1007.7049831744956,102.43,106.05,988.3255061225433,1976.6510122450866,38.75895410390467,0.0392167902422647,208.48000000000002,3.6199999999999903,-0.6186763568636025,-0.044994391498562436,-0.33183537418108244,0.57368196536504,1.728809768913347,-0.9971078810455083,3.2983314638329375,1.1506117913937715,0.0,0.0,0.0,4.740625006628541,2.280539096821445,5.421863343880983,3.1317918165427066
2024-04-12 11:02:58,970.7,1004.75,969.3845218029433,1006.9662373808717,102.43,106.05,988.1753795919075,1976.350759183815,37.581715577928435,0.03803142267662786,208.48000000000002,3.6199999999999903,0.4384927323523016,-0.7387457936239343,-0.15012653063581638,1.177238525976236,7.841589886881004,1.057169089215904,-0.6937514021253719,0.18170884354526606,0.0,0.0,0.0,4.739904906235622,1.43210873042938,2.2408545863440823,3.1534769376179503
2024-04-12 11:02:59,971.91,1007.57,970.0158913522074,1007.1171780356539,102.43,106.05,988.5665346939306,1977.1330693878613,37.10128668344646,0.037530389047008325,208.48000000000002,3.6199999999999903,0.63136954926415,0.15094065478217544,0.3911551020231627,0.48042889448197457,1.2282280450108523,0.19287681691184844,0.8896864484061098,0.5412816326589791,0.0,0.0,0.0,4.7417811298549,0.787641565136061,1.894707647775448,0.8108872099203002
2024-04-12 11:03:00,970.7,999.13,970.1869185141556,1005.1203835267404,102.43,106.05,987.653651020448,1975.307302040896,34.93346501258475,0.035370157282485805,208.48000000000002,3.6199999999999903,0.17102716194824552,-1.9967945089134673,-0.9128836734826109,2.167821670861713,2.3746939058485643,-0.4603423873159045,-2.1477351636956428,-1.3040387755057736,0.0,0.0,0.0,4.737402370889512,0.39677601231390724,1.4689158920502974,0.7211943444355987
2024-04-12 11:03:01,971.91,1007.57,970.6176888856166,1005.7327876450553,102.43,106.05,988.175238265336,1976.350476530672,35.11509875943864,0.035535295121890666,208.48000000000002,3.6199999999999903,0.4307703714609943,0.6124041183148847,0.5215872448879963,0.18163374685389044,0.3482320559062708,0.25974320951274876,2.609198627228352,1.4344709183706073,0.0,0.0,0.0,4.739904228345317,0.3345391035472195,1.6439499076305983,0.579780164112953
2024-04-12 11:03:02,965.89,1007.57,969.4357666642125,1006.1920907337915,102.43,106.05,987.813928699002,1975.627857398004,36.75632406957902,0.03720976488029389,208.48000000000002,3.6199999999999903,-1.181922221404193,0.45930308873619197,-0.3613095663340573,1.6412253101403849,4.5424226775116106,-1.6126925928651872,-0.15310102957869276,-0.8828968112220537,0.0,0.0,0.0,4.738171162513578,0.35616161009069874,1.2004651515186389,0.5829134702186848
2024-04-12 11:03:03,969.5,1007.57,969.4518249981593,1006.5365680503436,102.43,106.05,987.9941965242515,1975.988393048503,37.08474305218431,0.03753538547606097,208.48000000000002,3.6199999999999903,0.016058333946830317,0.34447731655211555,0.18026782524952978,0.32841898260528524,1.8218290497576863,1.1979805553510232,-0.11482577218407641,0.5415773915835871,0.0,0.0,0.0,4.739035839338141,0.35284464622862594,1.082322676305101,0.5947452815961206
2024-04-12 11:03:04,965.89,1006.16,968.5613687486194,1006.4424260377576,102.43,106.05,987.5018973931885,1975.003794786377,37.8810572891382,0.03836049059832318,208.48000000000002,3.6199999999999903,-0.8904562495398523,-0.09414201258596222,-0.4922991310629641,0.79631423695389,1.6175381372223183,-0.9065145834866826,-0.4386193291380778,-0.6725669563124939,0.0,0.0,0.0,4.736674465927254,0.266989671220664,1.2826291230519777,0.5665948430988308
2024-04-12 11:03:05,970.7,1007.57,969.0960265614647,1006.7243195283182,102.43,106.05,987.9101730448915,1975.820346089783,37.628292966853564,0.03808877968407652,208.48000000000002,3.6199999999999903,0.5346578128452393,0.28189349056060564,0.4082756517029793,0.25276432228463364,0.6191006055093234,1.4251140623850915,0.37603550314656786,0.9005747827659434,0.0,0.0,0.0,4.73863281037154,0.24921863865020696,1.0878064429909788,0.45579081769724916
2024-04-12 11:03:06,965.89,1006.16,968.2945199210984,1006.5832396462387,102.43,106.05,987.4388797836685,1974.877759567337,38.288719725140254,0.038775787008460606,208.48000000000002,3.6199999999999903,-0.8015066403662559,-0.14107988207956623,-0.4712932612229679,0.6604267582866896,1.4013044771072307,-1.3361644532114951,-0.4229733726401719,-0.8795689129259472,0.0,0.0,0.0,4.736372194202303,0.24802795301414304,0.6134661651816766,0.4140534715266346
2024-04-12 11:03:07,969.5,1004.75,968.5958899408238,1006.124929734679,102.43,106.05,987.3604098377514,1974.7208196755028,37.52903979385519,0.038009463800571776,208.48000000000002,3.6199999999999903,0.30137001972536837,-0.45830991155969514,-0.07846994591716339,0.7596799312850635,9.681034456842252,1.1028766600916242,-0.3172300294801289,0.3928233153058045,0.0,0.0,0.0,4.735995803442803,0.2898856697524518,0.44461474177842353,0.3964476415693153
2024-04-12 11:03:08,970.7,1008.98,969.1219174556179,1006.8386973010092,102.43,106.05,987.9803073783136,1975.9606147566271,37.71677984539133,0.038175639256717825,208.48000000000002,3.6199999999999903,0.5260275147941229,0.7137675663302616,0.6198975405621923,0.1877400515361387,0.30285609539566805,0.22465749506875454,1.1720774778899568,0.6983674864793556,0.0,0.0,0.0,4.738969218339141,0.2856925921599177,0.29785077085139494,0.5053604386537831
2024-04-12 11:03:09,965.89,1003.35,968.3139380917133,1005.9665229757569,102.43,106.05,987.1402305337351,1974.2804610674702,37.65258488404356,0.03814309627067084,208.48000000000002,3.6199999999999903,-0.8079793639045647,-0.8721743252523311,-0.8400768445784479,0.06419496134776637,0.07641549144767587,-1.3340068786986876,-1.5859418915825927,-1.4599743851406402,0.0,0.0,0.0,4.734939686295066,0.3639409945919778,0.3014931002319047,0.6039050754064145
2024-04-12 11:03:10,1003.2,1008.98,977.035453568785,1006.7198922318177,102.49,106.05,991.8776729003014,1983.7553458006028,29.684438663032665,0.02992751973769741,208.54,3.5600000000000023,8.721515477071648,0.7533692560607506,4.737442366566256,7.9681462210108975,1.6819507072622348,9.529494840976213,1.6255435813130816,5.577519211144704,0.05999999999998806,0.0,0.05999999999998806,4.756294562884851,1.9908332656296632,3.6396758484519887,2.2701005535041725
2024-04-12 11:03:11,976.72,1010.38,976.9565901765889,1007.6349191738633,102.54,106.05,992.2957546752261,1984.5915093504523,30.678328997274434,0.030916517401002885,208.59,3.509999999999991,-0.07886339219612637,0.9150269420456425,0.41808177492475807,0.9938903342417689,2.3772573132692165,-8.800378869267774,0.16165768598489194,-4.319360591641498,0.05000000000001137,0.0,0.05000000000001137,4.757158779989776,2.5388176414681114,4.096964416556653,2.179246739278093
2024-04-12 11:03:12,975.52,1007.57,976.5974426324416,1007.6186893803975,102.54,106.05,992.1080660064196,1984.2161320128391,31.021246747955956,0.03126801180193935,208.59,3.509999999999991,-0.3591475441472767,-0.016229793465754483,-0.18768866880657242,0.3429177506815222,1.8270464904220347,-0.2802841519511503,-0.931256735511397,-0.6057704437313305,0.0,0.0,0.0,4.7562589829337965,2.505213990861186,3.9867987844128048,2.192905255014044
2024-04-12 11:03:13,973.11,1001.94,975.7255819743312,1006.1990170352982,102.54,106.05,990.9622995048147,1981.9245990096294,30.47343506096695,0.03075135658081363,208.59,3.509999999999991,-0.8718606581103359,-1.4196723450993431,-1.1457665016048395,0.5478116869890073,0.4781176689177387,-0.5127131139630592,-1.4034425516335887,-0.9580778327982671,0.0,0.0,0.0,4.750766071019937,2.15060784732572,3.251949399610121,2.3923541834327766
2024-04-12 11:03:14,973.11,1008.98,975.0716864807484,1006.8942627764736,102.54,106.05,990.982974628611,1981.965949257222,31.822576295725185,0.03211213217415682,208.59,3.509999999999991,-0.6538954935828087,0.6952457411754267,0.02067512379630898,1.3491412347582354,65.25116835482861,0.21796516452752712,2.11491808627477,1.1664416254011485,0.0,0.0,0.0,4.7508651894997165,0.6317446843275019,0.7810347768645917,2.292010661224255
2024-04-12 11:03:15,975.52,1010.38,975.1837648605614,1007.7656970823552,102.54,106.05,991.4747309714583,1982.9494619429165,32.58193222179386,0.03286209035000582,208.59,3.509999999999991,0.11207837981294233,0.8714343058816212,0.4917563428472249,0.7593559260686789,1.5441679460688589,0.7659738733957511,0.17618856470619448,0.47108121905091593,0.0,0.0,0.0,4.753222715462082,0.6202968489567753,0.8750174521989237,0.658137448598876
2024-04-12 11:03:16,973.11,1003.35,974.665323645421,1006.6617728117664,102.54,106.05,990.6635482285938,1981.3270964571875,31.996449166345315,0.03229799783312931,208.59,3.509999999999991,-0.5184412151403421,-1.103924270588891,-0.8111827428645029,0.5854830554485488,0.7217637934668838,-0.6305195949532845,-1.9753585764705122,-1.3029390857117278,0.0,0.0,0.0,4.749333829422599,0.5665905540389989,0.8325906411058868,0.6548773815586015
2024-04-12 11:03:17,973.11,1011.79,974.2764927340658,1007.9438296088248,102.54,106.05,991.1101611714453,1982.2203223428905,33.66733687475903,0.033969318608333625,208.59,3.509999999999991,-0.388830911355285,1.2820567970584307,0.446612942851516,1.6708877084137157,3.7412349864080023,0.1296103037850571,2.3859810676473217,1.2577956857160189,0.0,0.0,0.0,4.751474933697542,0.2936455776850716,1.1642439028064413,0.7438666528325076
2024-04-12 11:03:18,970.7,1004.75,973.3823695505494,1007.1453722066186,102.54,106.05,990.2638708785839,1980.5277417571679,33.76300265606926,0.034094955511220486,208.59,3.509999999999991,-0.894123183516399,-0.7984574022061679,-0.8462902928613403,0.09566578131023107,0.11304119765522073,-0.5052922721611139,-2.0805141992645986,-1.2929032357128563,0.0,0.0,0.0,4.747417738775426,0.45878465816475905,0.911394513890136,0.655434793690757
2024-04-12 11:03:19,974.31,1003.35,973.614277162912,1006.196529154964,102.54,106.05,989.905403158938,1979.810806317876,32.582251992051965,0.032914510674618556,208.59,3.509999999999991,0.23190761236264734,-0.9488430516546487,-0.358467719645887,1.180750664017296,3.2938736333359846,1.1260307958790463,-0.15038564944848076,0.4878225732154533,0.0,0.0,0.0,4.745699210955649,0.6304775099132184,0.7665603803232848,0.6541748954108138
2024-04-12 11:03:20,973.11,1010.38,973.488207872184,1007.242396866223,102.54,106.05,990.3653023692035,1980.730604738407,33.75418899403894,0.03408256416012137,208.59,3.509999999999991,-0.12606929072796902,1.0458677112590067,0.459899210265462,1.1719370019869757,2.5482419355940595,-0.35797690309061636,1.9947107629136553,0.818366929911349,0.0,0.0,0.0,4.747904010840881,0.45253166407839523,0.8156954640522318,0.6456639698337227
2024-04-12 11:03:21,970.7,1006.16,972.7911559041381,1006.9717976496672,102.54,106.05,989.8814767769027,1979.7629535538053,34.1806417455291,0.03453003466868855,208.59,3.509999999999991,-0.697051968045912,-0.2705992165557518,-0.4838255923008319,0.42645275149016015,0.8814165204565729,-0.5709826773179429,-1.3164669278147585,-0.9437248025662939,0.0,0.0,0.0,4.745584505639379,0.49816206006008706,0.5973443996361257,0.5846872717102684
2024-04-12 11:03:22,974.31,1010.38,973.1708669281036,1007.8238482372504,102.54,106.05,990.4973575826771,1980.9947151653541,34.65298130914687,0.03498543535616544,208.59,3.509999999999991,0.37971102396545575,0.8520505875832214,0.6158808057743954,0.47233956361776563,0.7669321600170618,1.0767629920113677,1.1226498041389732,1.0997063980752273,0.0,0.0,0.0,4.748537095901721,0.2768441333678218,0.7677803887449164,0.6313684289753917
2024-04-12 11:03:23,965.89,1010.38,971.3506501960777,1008.4628861779379,102.54,106.05,989.9067681870079,1979.8135363740157,37.11223598186018,0.037490637640895996,208.59,3.509999999999991,-1.8202167320258695,0.6390379406874445,-0.5905893956692125,2.459254672713314,4.164061404904277,-2.1999277559913253,-0.21301264689577692,-1.206470201443608,0.0,0.0,0.0,4.745705755028055,0.29605875173202945,1.6713529417169417,0.5649544512897192
2024-04-12 11:03:24,971.91,1014.61,971.4904876470582,1009.9996646334534,102.54,106.05,990.7450761402558,1981.4901522805117,38.50917698639523,0.038868905710387536,208.59,3.509999999999991,0.13983745098050804,1.5367784555155595,0.8383079532479769,1.3969410045350514,1.6663796791417873,1.9600541830063776,0.897740514828115,1.4288973489171894,0.0,0.0,0.0,4.74972468186649,0.3771392791070868,2.065178800161482,0.6586823152958701
2024-04-12 11:03:25,970.7,1017.42,971.2928657352936,1011.8547484750901,102.54,106.21,991.5738071051919,1983.1476142103838,40.56188273979649,0.04090656934283751,208.75,3.6699999999999875,-0.19762191176459964,1.855083841636656,0.828730964936085,2.0527057534012556,2.476923589594578,-0.3374593627451077,0.3183053861210965,-0.00957698831189191,0.0,0.1599999999999966,0.1599999999999966,4.750054143018624,0.6973956015731337,2.666197723224487,0.717574160332043
2024-04-12 11:03:26,971.91,1014.61,971.4471493014702,1012.5435613563176,102.54,106.21,991.9953553288939,1983.9907106577878,41.096412054847406,0.04142802866228537,208.75,3.6699999999999875,0.15428356617655936,0.6888128812274772,0.42154822370196143,0.5345293150509178,1.2680116223599887,0.351905477941159,-1.1662709604091788,-0.40718274123412357,0.0,0.0,0.0,4.752073535697343,0.8391833032914797,2.629347525923896,0.5919600147631529
2024-04-12 11:03:27,970.7,1010.38,971.2603619761026,1012.0026710172382,102.54,106.21,991.6315164966704,1983.2630329933409,40.74230904113563,0.04108613766531723,208.75,3.6699999999999875,-0.186787325367618,-0.5408903390793967,-0.3638388322234505,0.35410301371177866,0.9732387230607231,-0.34107089154417736,-1.2297032203068738,-0.7853870559254119,0.0,0.0,0.0,4.750330595192048,0.841662447097669,1.7210538266931104,0.6691728818664026
2024-04-12 11:03:28,965.89,1021.65,969.9177714820769,1014.4145032629286,102.54,106.21,992.1661373725028,1984.3322747450056,44.496731780851746,0.04484806531882034,208.75,3.6699999999999875,-1.3425904940256714,2.411832245690448,0.5346208758323883,3.7544227397161194,7.022575972729529,-1.1558031686580534,2.9527225847698446,0.8984597080558387,0.0,0.0,0.0,4.752891653267598,0.5492921670476821,2.1602041906568843,0.4910464578493804
2024-04-12 11:03:29,970.7,1011.79,970.1133286115576,1013.7583774471965,102.54,106.21,991.9358530293771,1983.8717060587542,43.64504883563893,0.04399987021171466,208.75,3.6699999999999875,0.19555712948067594,-0.656125815732139,-0.23028434312573154,0.851682945212815,3.6983810330812577,1.5381476235063474,-3.067958061422587,-0.7649052189581198,0.0,0.0,0.0,4.751788494742939,0.2509504414455026,1.8267086559621772,0.5128686607250216
2024-04-12 11:03:30,969.5,1016.02,969.9599964586682,1014.3237830853974,102.54,106.21,992.1418897720328,1984.2837795440655,44.363786626729166,0.04471516326380252,208.75,3.6699999999999875,-0.15333215288933388,0.5654056382009003,0.2060367426556695,0.7187377910902342,3.4883792737498074,-0.3488892823700098,1.2215314539330393,0.43632108578140105,0.0,0.0,0.0,4.752775497098239,0.21465659952043287,1.8132175794470335,0.3958659862743429
2024-04-12 11:03:31,970.7,1017.42,970.1449973440012,1015.0978373140481,102.54,106.21,992.6214173290247,1985.2428346580493,44.95283997004685,0.04528699375207952,208.75,3.6699999999999875,0.18500088533301096,0.774054228650698,0.4795275569919113,0.589053343317687,1.2284009674268954,0.33833303822234484,0.20864859044979767,0.2734908143362418,0.0,0.0,0.0,4.7550726350848,0.36208559961686904,1.6865677790654738,0.4078100498503046
2024-04-12 11:03:32,964.69,1010.38,968.781248008001,1013.9183779855362,102.54,106.21,991.3498129967686,1982.6996259935372,45.13712997753521,0.04553098143586512,208.75,3.6699999999999875,-1.3637493360002964,-1.179459328511939,-1.2716043322560608,0.18429000748835733,0.1449270483644427,-1.5487502213333073,-1.953513557162637,-1.7511318892479721,0.0,0.0,0.0,4.7489811173546705,0.46138305597660856,0.5828120266297625,0.743699264192936
2024-04-12 11:03:33,970.7,1010.38,969.2609360060007,1013.0337834891521,102.54,106.21,991.1473597475765,1982.294719495153,43.772847483151395,0.044163813794686965,208.75,3.6699999999999875,0.4796879979998039,-0.8845944963840111,-0.2024532491921036,1.364282494383815,6.738719981566218,1.8434373340001002,0.2948648321279279,1.0691510830639572,0.0,0.0,0.0,4.748011281435043,0.598115667464305,0.6727334146331215,0.6662979855211923
2024-04-12 11:03:34,967.09,1010.38,968.7182020045007,1012.3703376168642,102.54,106.21,990.5442698106824,1981.0885396213648,43.65213561236351,0.044068838616004184,208.75,3.6699999999999875,-0.5427340015000937,-0.6634458722879799,-0.6030899368940936,0.12071187078788626,0.20015533877784666,-1.0224219994998975,0.2211486240960312,-0.40063668770199,0.0,0.0,0.0,4.745122227858971,0.8233098311171205,0.6708175334648755,0.6904309187442366
2024-04-12 11:03:35,967.09,1018.83,968.3111515033755,1013.9852532126481,102.54,106.21,991.1482023580118,1982.2964047160235,45.67410170927258,0.04608201029324237,208.75,3.6699999999999875,-0.4070505011251271,1.6149155957839412,0.6039325473293502,2.0219660969090683,3.347994337871093,0.13568350037496657,2.278361468071921,1.2070224842234438,0.0,0.0,0.0,4.748015317892198,0.7659541169743652,0.8863096217873733,0.7776375492775186
2024-04-12 11:03:36,970.7,1020.24,968.9083636275316,1015.5489399094861,102.54,106.21,992.2286517685088,1984.4573035370177,46.64057628195451,0.0470058752605242,208.75,3.6699999999999875,0.5972121241560444,1.5636866968379763,1.0804494104970672,0.9664745726819319,0.8945108107620598,1.0042626252811715,-0.05122889894596483,0.476516863167717,0.0,0.0,0.0,4.753191123426672,0.608483780430165,1.2732158007180756,0.938474142047277
2024-04-12 11:03:37,970.7,1020.24,969.3562727206486,1016.7217049321146,102.54,106.21,993.0389888263816,1986.0779776527631,47.365432211465986,0.047697454678740404,208.75,3.6699999999999875,0.4479090931170049,1.1727650226284823,0.8103370578727436,0.7248559295114774,0.894510534793751,-0.14930303103903952,-0.3909216742094941,-0.27011235262432365,0.0,0.0,0.0,4.7570729775775265,0.9983927533089653,1.6716407618438163,0.7111247062138067
2024-04-12 11:03:38,967.09,1016.02,968.7897045404865,1016.546278699086,102.54,106.21,992.6679916197862,1985.3359832395724,47.756574158599506,0.04810931198916104,208.75,3.6699999999999875,-0.5665681801621076,-0.17542623302858829,-0.37099720659534796,0.39114194713351935,1.0542960590646262,-1.0144772732791125,-1.3481912556570705,-1.1813342644680915,0.0,0.0,0.0,4.755295745458637,1.0482176005914334,1.6387393755105764,0.7462646546061131
2024-04-12 11:03:39,970.7,1016.02,969.2672784053648,1016.4147090243144,102.54,106.32,992.8409937148397,1985.6819874296793,47.14743061894967,0.047487393117254584,208.86,3.779999999999987,0.477573864878309,-0.13156967477152648,0.1730020950534481,0.6091435396498355,3.520997930480058,1.0441420450404166,0.043856558257061806,0.5439993016487961,0.0,0.10999999999999943,0.10999999999999943,4.753619596673466,0.7532975971862165,0.8031625866779625,0.5703797225397341
2024-04-12 11:03:40,974.31,1016.02,970.5279588040236,1016.3160317682358,102.68,106.32,993.4219952861297,1986.8439905722594,45.78807296421223,0.04609126145322854,209.0,3.6399999999999864,1.260680398658792,-0.09867725607864486,0.5810015712900167,1.3593576547374369,2.339675798196927,0.783106533780483,0.03289241869288162,0.4079994762365686,0.14000000000000057,0.0,0.14000000000000057,4.753215265707724,0.44205463898196296,0.7595069306679849,0.5690170687355129
2024-04-12 11:03:41,976.72,829.84,972.0759691030178,969.6970238261769,102.68,105.99,970.8864964645973,1941.7729929291945,2.378945276840909,0.0024502815551079964,208.67000000000002,3.309999999999988,1.5480102989941997,-46.61900794205894,-22.53549882153243,48.16701824105314,2.1373840661403958,0.28732990033540773,-46.5203306859803,-23.116500392822445,0.0,-0.3299999999999983,0.3299999999999983,4.652736338773474,9.890082544385194,19.97531644430778,10.221459853629412
2024-04-12 11:03:42,838.44,723.08,938.6669768272633,908.0427678696326,102.38,103.14,923.354872348448,1846.709744696896,30.624208957630685,0.033166239591691606,205.51999999999998,0.7600000000000051,-33.408992275754485,-61.65425595654426,-47.53162411614926,28.245263680789776,0.5942414889406594,-34.957002574748685,-15.035248014485319,-24.99612529461683,-0.30000000000001137,-2.8499999999999943,2.549999999999983,4.4927737828711285,30.22127129644573,19.42686958677248,21.1921796417345
2024-04-12 11:03:43,769.99,506.34,896.4977326204476,807.6170759022245,99.67,100.02,852.057404261336,1704.114808522672,88.88065671822301,0.10431299131889155,199.69,0.3499999999999943,-42.16924420681573,-100.42569196740806,-71.29746808711195,58.25644776059232,0.817089982386528,-8.760251931061248,-38.771436010863795,-23.765843970962692,-2.7099999999999937,-3.1200000000000045,0.4100000000000108,4.266900696051056,59.997838733740956,31.35774606770661,31.211107762221463
2024-04-12 11:03:44,508.64,237.84,799.5332994653356,665.1728069266685,96.63,96.52,732.3530531960021,1464.7061063920041,134.36049253866713,0.18346409804513192,193.14999999999998,0.10999999999999943,-96.96443315511192,-142.44426897555604,-119.70435106533398,45.47983582044412,0.3799346893889161,-54.795188948296186,-42.018577008147986,-48.40688297822203,-3.0400000000000063,-3.5,0.45999999999999375,3.791628523967764,105.52965414641832,51.8359213989256,46.392641521949386
2024-04-12 11:03:45,246.86,17.67,661.3649745990018,503.2971051950014,93.35,93.15,582.3310398970016,1164.6620797940031,158.06786940400042,0.2714398826490829,186.5,0.19999999999998863,-138.16832486633382,-161.8757017316671,-150.0220132990005,23.707376865333288,0.15802598689338646,-41.2038917112219,-19.431432756111064,-30.31766223366651,-3.280000000000001,-3.3699999999999903,0.0899999999999892,3.122418427745754,156.7966008524263,66.23924566461996,52.17042833731558
2024-04-12 11:03:46,44.19,9.78,507.07123094925134,379.917828896251,90.06,93.15,443.4945299227512,886.9890598455024,127.15340205300032,0.28670793704815306,183.21,3.0900000000000034,-154.29374364975047,-123.37927629875037,-138.83650997425036,30.9144673510001,0.22266813775472738,-16.12541878341665,38.49642543291674,11.18550332475013,-3.289999999999992,0.0,3.289999999999992,2.420689522963057,195.87683878353965,49.80189605233039,44.23075743265325
2024-04-12 11:03:47,34.66,9.78,388.9684232119385,287.3833716721883,90.06,93.15,338.1758974420634,676.3517948841268,101.58505153975022,0.30039116331985993,183.21,3.0900000000000034,-118.10280773731284,-92.53445722406275,-105.31863248068782,25.568350513250095,0.24277138496995918,36.190935912437624,30.84481907468762,33.51787749356254,0.0,0.0,0.0,1.8458375394150202,208.49221497847427,27.358230485496563,30.821134829958176
2024-04-12 11:03:48,31.09,7.15,299.49881740895387,217.3250287541412,90.06,93.15,258.4119230815475,516.823846163095,82.17378865481268,0.3179953438560403,183.21,3.0900000000000034,-89.46960580298463,-70.05834291804709,-79.76397436051587,19.411262884937543,0.24335876938433476,28.633201934328213,22.47611430601566,25.55465812017195,0.0,0.0,0.0,1.410468433333765,189.9292575553294,29.471419426701747,27.76070572067207
2024-04-12 11:03:49,26.33,7.15,231.2066130567154,164.7812715656059,90.06,93.15,197.99394231116065,395.9878846223213,66.42534149110952,0.3354917851538402,183.21,3.0900000000000034,-68.29220435223846,-52.543757188535295,-60.41798077038686,15.748447163703162,0.2606582792446416,21.177401450746174,17.514585729511793,19.345993590129012,0.0,0.0,0.0,1.0806939644695523,152.77559322075845,36.421214185622254,38.009497013069044
2024-04-12 11:03:50,25.14,5.84,179.68995979253654,125.04595367420441,90.06,93.15,152.36795673337048,304.73591346674095,54.64400611833213,0.35863187333621666,183.21,3.0900000000000034,-51.51665326417887,-39.73531789140148,-45.625985577790175,11.781335372777392,0.2582154657125225,16.775551088059586,12.808439297133816,14.791995192596687,0.0,0.0,0.0,0.8316574199100106,115.73418997363243,28.795470536462833,37.04151332902651
2024-04-12 11:03:51,22.75,5.84,140.4549698444024,95.24446525565331,90.06,93.15,117.84971755002786,235.69943510005572,45.21050458874909,0.3836284476959271,183.21,3.0900000000000034,-39.23498994813414,-29.801488418551102,-34.518239183342615,9.43350152958304,0.27329033807857167,12.281663316044728,9.933829472850377,11.10774639444756,0.0,0.0,0.0,0.6432493690670732,87.58744587789866,22.410489317805546,28.14679815257855
2024-04-12 11:03:52,22.75,7.15,111.0287273833018,73.22084894173997,90.06,93.15,92.12478816252089,184.24957632504177,37.807878441561826,0.41039853426273243,183.21,3.0900000000000034,-29.4262424611006,-22.023616313913337,-25.724929387506975,7.402626147187263,0.28776078440944064,9.808747487033543,7.7778721046377655,8.79330979583564,0.0,0.0,0.0,0.5028371140204343,66.14394355234744,17.57212885801918,21.444146747262945
2024-04-12 11:03:53,21.56,9.78,88.66154553747636,57.36063670630498,90.06,93.15,73.01109112189067,146.02218224378134,31.300908831171377,0.4287144312115629,183.21,3.0900000000000034,-22.367181845825442,-15.860212235434993,-19.113697040630214,6.506969610390449,0.3404348858372936,7.059060615275158,6.163404078478344,6.611232346876761,0.0,0.0,0.0,0.39851040185241127,49.74418878423696,13.873566318315829,16.401093751032622
2024-04-12 11:03:54,22.75,9.78,72.18365915310727,45.46547752972874,90.06,93.15,58.824568341418,117.649136682836,26.718181623378534,0.45420105786590836,183.21,3.0900000000000034,-16.477886384369086,-11.895159176576243,-14.186522780472671,4.582727207792843,0.3230338368093268,5.889295461456356,3.96505305885875,4.927174260157543,0.0,0.0,0.0,0.32107727755221177,37.2158326264927,11.12151780401077,12.529757591342758
